date,sku,category,units_sold,unit_cost,is_promo_day,is_stockout_day
2022-01-01,CSD-COLA-500ML,Carbonated Soft Drinks,344,0.85,False,False
2022-01-02,CSD-COLA-500ML,Carbonated Soft Drinks,254,0.85,False,False
2022-01-03,CSD-COLA-500ML,Carbonated Soft Drinks,237,0.85,False,False
2022-01-04,CSD-COLA-500ML,Carbonated Soft Drinks,213,0.85,False,False
2022-01-05,CSD-COLA-500ML,Carbonated Soft Drinks,285,0.85,False,False
2022-01-06,CSD-COLA-500ML,Carbonated Soft Drinks,302,0.85,False,False
2022-01-07,CSD-COLA-500ML,Carbonated Soft Drinks,329,0.85,False,False
2022-01-08,CSD-COLA-500ML,Carbonated Soft Drinks,276,0.85,False,False
2022-01-09,CSD-COLA-500ML,Carbonated Soft Drinks,233,0.85,False,False
2022-01-10,CSD-COLA-500ML,Carbonated Soft Drinks,250,0.85,False,False
2022-01-11,CSD-COLA-500ML,Carbonated Soft Drinks,249,0.85,False,False
2022-01-12,CSD-COLA-500ML,Carbonated Soft Drinks,226,0.85,False,False
2022-01-13,CSD-COLA-500ML,Carbonated Soft Drinks,288,0.85,False,False
2022-01-14,CSD-COLA-500ML,Carbonated Soft Drinks,347,0.85,False,False
2022-01-15,CSD-COLA-500ML,Carbonated Soft Drinks,315,0.85,False,False
2022-01-16,CSD-COLA-500ML,Carbonated Soft Drinks,174,0.85,False,False
2022-01-17,CSD-COLA-500ML,Carbonated Soft Drinks,248,0.85,False,False
2022-01-18,CSD-COLA-500ML,Carbonated Soft Drinks,243,0.85,False,False
2022-01-19,CSD-COLA-500ML,Carbonated Soft Drinks,230,0.85,False,False
2022-01-20,CSD-COLA-500ML,Carbonated Soft Drinks,301,0.85,False,False
2022-01-21,CSD-COLA-500ML,Carbonated Soft Drinks,311,0.85,False,False
2022-01-22,CSD-COLA-500ML,Carbonated Soft Drinks,343,0.85,False,False
2022-01-23,CSD-COLA-500ML,Carbonated Soft Drinks,237,0.85,False,False
2022-01-24,CSD-COLA-500ML,Carbonated Soft Drinks,220,0.85,False,False
2022-01-25,CSD-COLA-500ML,Carbonated Soft Drinks,262,0.85,False,False
2022-01-26,CSD-COLA-500ML,Carbonated Soft Drinks,299,0.85,False,False
2022-01-27,CSD-COLA-500ML,Carbonated Soft Drinks,275,0.85,False,False
2022-01-28,CSD-COLA-500ML,Carbonated Soft Drinks,341,0.85,False,False
2022-01-29,CSD-COLA-500ML,Carbonated Soft Drinks,353,0.85,False,False
2022-01-30,CSD-COLA-500ML,Carbonated Soft Drinks,245,0.85,False,False
2022-01-31,CSD-COLA-500ML,Carbonated Soft Drinks,245,0.85,False,False
2022-02-01,CSD-COLA-500ML,Carbonated Soft Drinks,268,0.85,False,False
2022-02-02,CSD-COLA-500ML,Carbonated Soft Drinks,230,0.85,False,False
2022-02-03,CSD-COLA-500ML,Carbonated Soft Drinks,328,0.85,False,False
2022-02-04,CSD-COLA-500ML,Carbonated Soft Drinks,411,0.85,False,False
2022-02-05,CSD-COLA-500ML,Carbonated Soft Drinks,325,0.85,False,False
2022-02-06,CSD-COLA-500ML,Carbonated Soft Drinks,247,0.85,False,False
2022-02-07,CSD-COLA-500ML,Carbonated Soft Drinks,277,0.85,False,False
2022-02-08,CSD-COLA-500ML,Carbonated Soft Drinks,290,0.85,False,False
2022-02-09,CSD-COLA-500ML,Carbonated Soft Drinks,292,0.85,False,False
2022-02-10,CSD-COLA-500ML,Carbonated Soft Drinks,349,0.85,False,False
2022-02-11,CSD-COLA-500ML,Carbonated Soft Drinks,405,0.85,False,False
2022-02-12,CSD-COLA-500ML,Carbonated Soft Drinks,358,0.85,False,False
2022-02-13,CSD-COLA-500ML,Carbonated Soft Drinks,286,0.85,False,False
2022-02-14,CSD-COLA-500ML,Carbonated Soft Drinks,324,0.85,False,False
2022-02-15,CSD-COLA-500ML,Carbonated Soft Drinks,255,0.85,False,False
2022-02-16,CSD-COLA-500ML,Carbonated Soft Drinks,306,0.85,False,False
2022-02-17,CSD-COLA-500ML,Carbonated Soft Drinks,307,0.85,False,False
2022-02-18,CSD-COLA-500ML,Carbonated Soft Drinks,343,0.85,False,False
2022-02-19,CSD-COLA-500ML,Carbonated Soft Drinks,348,0.85,False,False
2022-02-20,CSD-COLA-500ML,Carbonated Soft Drinks,235,0.85,False,False
2022-02-21,CSD-COLA-500ML,Carbonated Soft Drinks,268,0.85,False,False
2022-02-22,CSD-COLA-500ML,Carbonated Soft Drinks,239,0.85,False,False
2022-02-23,CSD-COLA-500ML,Carbonated Soft Drinks,258,0.85,False,False
2022-02-24,CSD-COLA-500ML,Carbonated Soft Drinks,379,0.85,False,False
2022-02-25,CSD-COLA-500ML,Carbonated Soft Drinks,334,0.85,False,False
2022-02-26,CSD-COLA-500ML,Carbonated Soft Drinks,353,0.85,False,False
2022-02-27,CSD-COLA-500ML,Carbonated Soft Drinks,326,0.85,False,False
2022-02-28,CSD-COLA-500ML,Carbonated Soft Drinks,244,0.85,False,False
2022-03-01,CSD-COLA-500ML,Carbonated Soft Drinks,361,0.85,False,False
2022-03-02,CSD-COLA-500ML,Carbonated Soft Drinks,270,0.85,False,False
2022-03-03,CSD-COLA-500ML,Carbonated Soft Drinks,353,0.85,False,False
2022-03-04,CSD-COLA-500ML,Carbonated Soft Drinks,435,0.85,False,False
2022-03-05,CSD-COLA-500ML,Carbonated Soft Drinks,482,0.85,False,False
2022-03-06,CSD-COLA-500ML,Carbonated Soft Drinks,319,0.85,False,False
2022-03-07,CSD-COLA-500ML,Carbonated Soft Drinks,284,0.85,False,False
2022-03-08,CSD-COLA-500ML,Carbonated Soft Drinks,262,0.85,False,False
2022-03-09,CSD-COLA-500ML,Carbonated Soft Drinks,303,0.85,False,False
2022-03-10,CSD-COLA-500ML,Carbonated Soft Drinks,349,0.85,False,False
2022-03-11,CSD-COLA-500ML,Carbonated Soft Drinks,442,0.85,False,False
2022-03-12,CSD-COLA-500ML,Carbonated Soft Drinks,434,0.85,False,False
2022-03-13,CSD-COLA-500ML,Carbonated Soft Drinks,238,0.85,False,False
2022-03-14,CSD-COLA-500ML,Carbonated Soft Drinks,380,0.85,False,False
2022-03-15,CSD-COLA-500ML,Carbonated Soft Drinks,279,0.85,False,False
2022-03-16,CSD-COLA-500ML,Carbonated Soft Drinks,313,0.85,False,False
2022-03-17,CSD-COLA-500ML,Carbonated Soft Drinks,423,0.85,False,False
2022-03-18,CSD-COLA-500ML,Carbonated Soft Drinks,469,0.85,False,False
2022-03-19,CSD-COLA-500ML,Carbonated Soft Drinks,441,0.85,False,False
2022-03-20,CSD-COLA-500ML,Carbonated Soft Drinks,292,0.85,False,False
2022-03-21,CSD-COLA-500ML,Carbonated Soft Drinks,238,0.85,False,False
2022-03-22,CSD-COLA-500ML,Carbonated Soft Drinks,295,0.85,False,False
2022-03-23,CSD-COLA-500ML,Carbonated Soft Drinks,328,0.85,False,False
2022-03-24,CSD-COLA-500ML,Carbonated Soft Drinks,0,0.85,False,True
2022-03-25,CSD-COLA-500ML,Carbonated Soft Drinks,408,0.85,False,False
2022-03-26,CSD-COLA-500ML,Carbonated Soft Drinks,468,0.85,False,False
2022-03-27,CSD-COLA-500ML,Carbonated Soft Drinks,328,0.85,False,False
2022-03-28,CSD-COLA-500ML,Carbonated Soft Drinks,307,0.85,False,False
2022-03-29,CSD-COLA-500ML,Carbonated Soft Drinks,286,0.85,False,False
2022-03-30,CSD-COLA-500ML,Carbonated Soft Drinks,342,0.85,False,False
2022-03-31,CSD-COLA-500ML,Carbonated Soft Drinks,407,0.85,False,False
2022-04-01,CSD-COLA-500ML,Carbonated Soft Drinks,506,0.85,False,False
2022-04-02,CSD-COLA-500ML,Carbonated Soft Drinks,527,0.85,False,False
2022-04-03,CSD-COLA-500ML,Carbonated Soft Drinks,439,0.85,True,False
2022-04-04,CSD-COLA-500ML,Carbonated Soft Drinks,428,0.85,False,False
2022-04-05,CSD-COLA-500ML,Carbonated Soft Drinks,402,0.85,False,False
2022-04-06,CSD-COLA-500ML,Carbonated Soft Drinks,765,0.85,True,False
2022-04-07,CSD-COLA-500ML,Carbonated Soft Drinks,363,0.85,False,False
2022-04-08,CSD-COLA-500ML,Carbonated Soft Drinks,562,0.85,False,False
2022-04-09,CSD-COLA-500ML,Carbonated Soft Drinks,597,0.85,False,False
2022-04-10,CSD-COLA-500ML,Carbonated Soft Drinks,364,0.85,False,False
2022-04-11,CSD-COLA-500ML,Carbonated Soft Drinks,356,0.85,False,False
2022-04-12,CSD-COLA-500ML,Carbonated Soft Drinks,509,0.85,True,False
2022-04-13,CSD-COLA-500ML,Carbonated Soft Drinks,393,0.85,False,False
2022-04-14,CSD-COLA-500ML,Carbonated Soft Drinks,511,0.85,False,False
2022-04-15,CSD-COLA-500ML,Carbonated Soft Drinks,619,0.85,False,False
2022-04-16,CSD-COLA-500ML,Carbonated Soft Drinks,600,0.85,False,False
2022-04-17,CSD-COLA-500ML,Carbonated Soft Drinks,427,0.85,False,False
2022-04-18,CSD-COLA-500ML,Carbonated Soft Drinks,326,0.85,False,False
2022-04-19,CSD-COLA-500ML,Carbonated Soft Drinks,411,0.85,False,False
2022-04-20,CSD-COLA-500ML,Carbonated Soft Drinks,346,0.85,False,False
2022-04-21,CSD-COLA-500ML,Carbonated Soft Drinks,492,0.85,False,False
2022-04-22,CSD-COLA-500ML,Carbonated Soft Drinks,574,0.85,False,False
2022-04-23,CSD-COLA-500ML,Carbonated Soft Drinks,454,0.85,False,False
2022-04-24,CSD-COLA-500ML,Carbonated Soft Drinks,422,0.85,False,False
2022-04-25,CSD-COLA-500ML,Carbonated Soft Drinks,382,0.85,False,False
2022-04-26,CSD-COLA-500ML,Carbonated Soft Drinks,348,0.85,False,False
2022-04-27,CSD-COLA-500ML,Carbonated Soft Drinks,472,0.85,False,False
2022-04-28,CSD-COLA-500ML,Carbonated Soft Drinks,533,0.85,False,False
2022-04-29,CSD-COLA-500ML,Carbonated Soft Drinks,441,0.85,False,False
2022-04-30,CSD-COLA-500ML,Carbonated Soft Drinks,585,0.85,False,False
2022-05-01,CSD-COLA-500ML,Carbonated Soft Drinks,419,0.85,False,False
2022-05-02,CSD-COLA-500ML,Carbonated Soft Drinks,445,0.85,False,False
2022-05-03,CSD-COLA-500ML,Carbonated Soft Drinks,414,0.85,False,False
2022-05-04,CSD-COLA-500ML,Carbonated Soft Drinks,450,0.85,False,False
2022-05-05,CSD-COLA-500ML,Carbonated Soft Drinks,539,0.85,False,False
2022-05-06,CSD-COLA-500ML,Carbonated Soft Drinks,650,0.85,False,False
2022-05-07,CSD-COLA-500ML,Carbonated Soft Drinks,674,0.85,False,False
2022-05-08,CSD-COLA-500ML,Carbonated Soft Drinks,443,0.85,False,False
2022-05-09,CSD-COLA-500ML,Carbonated Soft Drinks,501,0.85,False,False
2022-05-10,CSD-COLA-500ML,Carbonated Soft Drinks,437,0.85,False,False
2022-05-11,CSD-COLA-500ML,Carbonated Soft Drinks,502,0.85,False,False
2022-05-12,CSD-COLA-500ML,Carbonated Soft Drinks,484,0.85,False,False
2022-05-13,CSD-COLA-500ML,Carbonated Soft Drinks,533,0.85,False,False
2022-05-14,CSD-COLA-500ML,Carbonated Soft Drinks,557,0.85,False,False
2022-05-15,CSD-COLA-500ML,Carbonated Soft Drinks,427,0.85,False,False
2022-05-16,CSD-COLA-500ML,Carbonated Soft Drinks,443,0.85,False,False
2022-05-17,CSD-COLA-500ML,Carbonated Soft Drinks,436,0.85,False,False
2022-05-18,CSD-COLA-500ML,Carbonated Soft Drinks,574,0.85,False,False
2022-05-19,CSD-COLA-500ML,Carbonated Soft Drinks,845,0.85,True,False
2022-05-20,CSD-COLA-500ML,Carbonated Soft Drinks,550,0.85,False,False
2022-05-21,CSD-COLA-500ML,Carbonated Soft Drinks,671,0.85,False,False
2022-05-22,CSD-COLA-500ML,Carbonated Soft Drinks,0,0.85,False,True
2022-05-23,CSD-COLA-500ML,Carbonated Soft Drinks,509,0.85,False,False
2022-05-24,CSD-COLA-500ML,Carbonated Soft Drinks,388,0.85,False,False
2022-05-25,CSD-COLA-500ML,Carbonated Soft Drinks,525,0.85,False,False
2022-05-26,CSD-COLA-500ML,Carbonated Soft Drinks,417,0.85,False,False
2022-05-27,CSD-COLA-500ML,Carbonated Soft Drinks,636,0.85,False,False
2022-05-28,CSD-COLA-500ML,Carbonated Soft Drinks,614,0.85,False,False
2022-05-29,CSD-COLA-500ML,Carbonated Soft Drinks,406,0.85,False,False
2022-05-30,CSD-COLA-500ML,Carbonated Soft Drinks,482,0.85,False,False
2022-05-31,CSD-COLA-500ML,Carbonated Soft Drinks,392,0.85,False,False
2022-06-01,CSD-COLA-500ML,Carbonated Soft Drinks,543,0.85,False,False
2022-06-02,CSD-COLA-500ML,Carbonated Soft Drinks,592,0.85,False,False
2022-06-03,CSD-COLA-500ML,Carbonated Soft Drinks,554,0.85,False,False
2022-06-04,CSD-COLA-500ML,Carbonated Soft Drinks,742,0.85,False,False
2022-06-05,CSD-COLA-500ML,Carbonated Soft Drinks,428,0.85,False,False
2022-06-06,CSD-COLA-500ML,Carbonated Soft Drinks,508,0.85,False,False
2022-06-07,CSD-COLA-500ML,Carbonated Soft Drinks,494,0.85,False,False
2022-06-08,CSD-COLA-500ML,Carbonated Soft Drinks,593,0.85,False,False
2022-06-09,CSD-COLA-500ML,Carbonated Soft Drinks,652,0.85,False,False
2022-06-10,CSD-COLA-500ML,Carbonated Soft Drinks,651,0.85,False,False
2022-06-11,CSD-COLA-500ML,Carbonated Soft Drinks,598,0.85,False,False
2022-06-12,CSD-COLA-500ML,Carbonated Soft Drinks,433,0.85,False,False
2022-06-13,CSD-COLA-500ML,Carbonated Soft Drinks,484,0.85,False,False
2022-06-14,CSD-COLA-500ML,Carbonated Soft Drinks,524,0.85,False,False
2022-06-15,CSD-COLA-500ML,Carbonated Soft Drinks,477,0.85,False,False
2022-06-16,CSD-COLA-500ML,Carbonated Soft Drinks,536,0.85,False,False
2022-06-17,CSD-COLA-500ML,Carbonated Soft Drinks,688,0.85,False,False
2022-06-18,CSD-COLA-500ML,Carbonated Soft Drinks,626,0.85,False,False
2022-06-19,CSD-COLA-500ML,Carbonated Soft Drinks,525,0.85,False,False
2022-06-20,CSD-COLA-500ML,Carbonated Soft Drinks,483,0.85,False,False
2022-06-21,CSD-COLA-500ML,Carbonated Soft Drinks,447,0.85,False,False
2022-06-22,CSD-COLA-500ML,Carbonated Soft Drinks,512,0.85,False,False
2022-06-23,CSD-COLA-500ML,Carbonated Soft Drinks,659,0.85,False,False
2022-06-24,CSD-COLA-500ML,Carbonated Soft Drinks,653,0.85,False,False
2022-06-25,CSD-COLA-500ML,Carbonated Soft Drinks,518,0.85,False,False
2022-06-26,CSD-COLA-500ML,Carbonated Soft Drinks,503,0.85,False,False
2022-06-27,CSD-COLA-500ML,Carbonated Soft Drinks,486,0.85,False,False
2022-06-28,CSD-COLA-500ML,Carbonated Soft Drinks,488,0.85,False,False
2022-06-29,CSD-COLA-500ML,Carbonated Soft Drinks,526,0.85,False,False
2022-06-30,CSD-COLA-500ML,Carbonated Soft Drinks,615,0.85,False,False
2022-07-01,CSD-COLA-500ML,Carbonated Soft Drinks,654,0.85,False,False
2022-07-02,CSD-COLA-500ML,Carbonated Soft Drinks,844,0.85,False,False
2022-07-03,CSD-COLA-500ML,Carbonated Soft Drinks,468,0.85,False,False
2022-07-04,CSD-COLA-500ML,Carbonated Soft Drinks,437,0.85,False,False
2022-07-05,CSD-COLA-500ML,Carbonated Soft Drinks,432,0.85,False,False
2022-07-06,CSD-COLA-500ML,Carbonated Soft Drinks,562,0.85,False,False
2022-07-07,CSD-COLA-500ML,Carbonated Soft Drinks,683,0.85,False,False
2022-07-08,CSD-COLA-500ML,Carbonated Soft Drinks,669,0.85,False,False
2022-07-09,CSD-COLA-500ML,Carbonated Soft Drinks,749,0.85,False,False
2022-07-10,CSD-COLA-500ML,Carbonated Soft Drinks,485,0.85,False,False
2022-07-11,CSD-COLA-500ML,Carbonated Soft Drinks,504,0.85,False,False
2022-07-12,CSD-COLA-500ML,Carbonated Soft Drinks,539,0.85,False,False
2022-07-13,CSD-COLA-500ML,Carbonated Soft Drinks,606,0.85,False,False
2022-07-14,CSD-COLA-500ML,Carbonated Soft Drinks,545,0.85,False,False
2022-07-15,CSD-COLA-500ML,Carbonated Soft Drinks,844,0.85,False,False
2022-07-16,CSD-COLA-500ML,Carbonated Soft Drinks,687,0.85,False,False
2022-07-17,CSD-COLA-500ML,Carbonated Soft Drinks,566,0.85,False,False
2022-07-18,CSD-COLA-500ML,Carbonated Soft Drinks,784,0.85,True,False
2022-07-19,CSD-COLA-500ML,Carbonated Soft Drinks,596,0.85,False,False
2022-07-20,CSD-COLA-500ML,Carbonated Soft Drinks,567,0.85,False,False
2022-07-21,CSD-COLA-500ML,Carbonated Soft Drinks,471,0.85,False,False
2022-07-22,CSD-COLA-500ML,Carbonated Soft Drinks,502,0.85,False,False
2022-07-23,CSD-COLA-500ML,Carbonated Soft Drinks,676,0.85,False,False
2022-07-24,CSD-COLA-500ML,Carbonated Soft Drinks,445,0.85,False,False
2022-07-25,CSD-COLA-500ML,Carbonated Soft Drinks,461,0.85,False,False
2022-07-26,CSD-COLA-500ML,Carbonated Soft Drinks,0,0.85,False,True
2022-07-27,CSD-COLA-500ML,Carbonated Soft Drinks,623,0.85,False,False
2022-07-28,CSD-COLA-500ML,Carbonated Soft Drinks,620,0.85,False,False
2022-07-29,CSD-COLA-500ML,Carbonated Soft Drinks,758,0.85,False,False
2022-07-30,CSD-COLA-500ML,Carbonated Soft Drinks,684,0.85,False,False
2022-07-31,CSD-COLA-500ML,Carbonated Soft Drinks,443,0.85,False,False
2022-08-01,CSD-COLA-500ML,Carbonated Soft Drinks,565,0.85,False,False
2022-08-02,CSD-COLA-500ML,Carbonated Soft Drinks,462,0.85,False,False
2022-08-03,CSD-COLA-500ML,Carbonated Soft Drinks,535,0.85,False,False
2022-08-04,CSD-COLA-500ML,Carbonated Soft Drinks,596,0.85,False,False
2022-08-05,CSD-COLA-500ML,Carbonated Soft Drinks,861,0.85,True,False
2022-08-06,CSD-COLA-500ML,Carbonated Soft Drinks,647,0.85,False,False
2022-08-07,CSD-COLA-500ML,Carbonated Soft Drinks,530,0.85,False,False
2022-08-08,CSD-COLA-500ML,Carbonated Soft Drinks,520,0.85,False,False
2022-08-09,CSD-COLA-500ML,Carbonated Soft Drinks,483,0.85,False,False
2022-08-10,CSD-COLA-500ML,Carbonated Soft Drinks,615,0.85,False,False
2022-08-11,CSD-COLA-500ML,Carbonated Soft Drinks,684,0.85,False,False
2022-08-12,CSD-COLA-500ML,Carbonated Soft Drinks,738,0.85,False,False
2022-08-13,CSD-COLA-500ML,Carbonated Soft Drinks,738,0.85,False,False
2022-08-14,CSD-COLA-500ML,Carbonated Soft Drinks,545,0.85,False,False
2022-08-15,CSD-COLA-500ML,Carbonated Soft Drinks,541,0.85,False,False
2022-08-16,CSD-COLA-500ML,Carbonated Soft Drinks,428,0.85,False,False
2022-08-17,CSD-COLA-500ML,Carbonated Soft Drinks,447,0.85,False,False
2022-08-18,CSD-COLA-500ML,Carbonated Soft Drinks,618,0.85,False,False
2022-08-19,CSD-COLA-500ML,Carbonated Soft Drinks,603,0.85,False,False
2022-08-20,CSD-COLA-500ML,Carbonated Soft Drinks,726,0.85,False,False
2022-08-21,CSD-COLA-500ML,Carbonated Soft Drinks,484,0.85,False,False
2022-08-22,CSD-COLA-500ML,Carbonated Soft Drinks,541,0.85,False,False
2022-08-23,CSD-COLA-500ML,Carbonated Soft Drinks,445,0.85,False,False
2022-08-24,CSD-COLA-500ML,Carbonated Soft Drinks,607,0.85,False,False
2022-08-25,CSD-COLA-500ML,Carbonated Soft Drinks,540,0.85,False,False
2022-08-26,CSD-COLA-500ML,Carbonated Soft Drinks,683,0.85,False,False
2022-08-27,CSD-COLA-500ML,Carbonated Soft Drinks,611,0.85,False,False
2022-08-28,CSD-COLA-500ML,Carbonated Soft Drinks,478,0.85,False,False
2022-08-29,CSD-COLA-500ML,Carbonated Soft Drinks,437,0.85,False,False
2022-08-30,CSD-COLA-500ML,Carbonated Soft Drinks,446,0.85,False,False
2022-08-31,CSD-COLA-500ML,Carbonated Soft Drinks,534,0.85,False,False
2022-09-01,CSD-COLA-500ML,Carbonated Soft Drinks,632,0.85,False,False
2022-09-02,CSD-COLA-500ML,Carbonated Soft Drinks,652,0.85,False,False
2022-09-03,CSD-COLA-500ML,Carbonated Soft Drinks,597,0.85,False,False
2022-09-04,CSD-COLA-500ML,Carbonated Soft Drinks,509,0.85,False,False
2022-09-05,CSD-COLA-500ML,Carbonated Soft Drinks,533,0.85,False,False
2022-09-06,CSD-COLA-500ML,Carbonated Soft Drinks,0,0.85,False,True
2022-09-07,CSD-COLA-500ML,Carbonated Soft Drinks,954,0.85,True,False
2022-09-08,CSD-COLA-500ML,Carbonated Soft Drinks,535,0.85,False,False
2022-09-09,CSD-COLA-500ML,Carbonated Soft Drinks,600,0.85,False,False
2022-09-10,CSD-COLA-500ML,Carbonated Soft Drinks,649,0.85,False,False
2022-09-11,CSD-COLA-500ML,Carbonated Soft Drinks,446,0.85,False,False
2022-09-12,CSD-COLA-500ML,Carbonated Soft Drinks,490,0.85,False,False
2022-09-13,CSD-COLA-500ML,Carbonated Soft Drinks,464,0.85,False,False
2022-09-14,CSD-COLA-500ML,Carbonated Soft Drinks,447,0.85,False,False
2022-09-15,CSD-COLA-500ML,Carbonated Soft Drinks,505,0.85,False,False
2022-09-16,CSD-COLA-500ML,Carbonated Soft Drinks,591,0.85,False,False
2022-09-17,CSD-COLA-500ML,Carbonated Soft Drinks,570,0.85,False,False
2022-09-18,CSD-COLA-500ML,Carbonated Soft Drinks,490,0.85,False,False
2022-09-19,CSD-COLA-500ML,Carbonated Soft Drinks,399,0.85,False,False
2022-09-20,CSD-COLA-500ML,Carbonated Soft Drinks,421,0.85,False,False
2022-09-21,CSD-COLA-500ML,Carbonated Soft Drinks,541,0.85,False,False
2022-09-22,CSD-COLA-500ML,Carbonated Soft Drinks,571,0.85,False,False
2022-09-23,CSD-COLA-500ML,Carbonated Soft Drinks,634,0.85,False,False
2022-09-24,CSD-COLA-500ML,Carbonated Soft Drinks,551,0.85,False,False
2022-09-25,CSD-COLA-500ML,Carbonated Soft Drinks,373,0.85,False,False
2022-09-26,CSD-COLA-500ML,Carbonated Soft Drinks,427,0.85,False,False
2022-09-27,CSD-COLA-500ML,Carbonated Soft Drinks,441,0.85,False,False
2022-09-28,CSD-COLA-500ML,Carbonated Soft Drinks,555,0.85,False,False
2022-09-29,CSD-COLA-500ML,Carbonated Soft Drinks,493,0.85,False,False
2022-09-30,CSD-COLA-500ML,Carbonated Soft Drinks,599,0.85,False,False
2022-10-01,CSD-COLA-500ML,Carbonated Soft Drinks,542,0.85,False,False
2022-10-02,CSD-COLA-500ML,Carbonated Soft Drinks,418,0.85,False,False
2022-10-03,CSD-COLA-500ML,Carbonated Soft Drinks,430,0.85,False,False
2022-10-04,CSD-COLA-500ML,Carbonated Soft Drinks,332,0.85,False,False
2022-10-05,CSD-COLA-500ML,Carbonated Soft Drinks,485,0.85,False,False
2022-10-06,CSD-COLA-500ML,Carbonated Soft Drinks,493,0.85,False,False
2022-10-07,CSD-COLA-500ML,Carbonated Soft Drinks,525,0.85,False,False
2022-10-08,CSD-COLA-500ML,Carbonated Soft Drinks,421,0.85,False,False
2022-10-09,CSD-COLA-500ML,Carbonated Soft Drinks,293,0.85,False,False
2022-10-10,CSD-COLA-500ML,Carbonated Soft Drinks,385,0.85,False,False
2022-10-11,CSD-COLA-500ML,Carbonated Soft Drinks,383,0.85,False,False
2022-10-12,CSD-COLA-500ML,Carbonated Soft Drinks,388,0.85,False,False
2022-10-13,CSD-COLA-500ML,Carbonated Soft Drinks,403,0.85,False,False
2022-10-14,CSD-COLA-500ML,Carbonated Soft Drinks,531,0.85,False,False
2022-10-15,CSD-COLA-500ML,Carbonated Soft Drinks,516,0.85,False,False
2022-10-16,CSD-COLA-500ML,Carbonated Soft Drinks,353,0.85,False,False
2022-10-17,CSD-COLA-500ML,Carbonated Soft Drinks,387,0.85,False,False
2022-10-18,CSD-COLA-500ML,Carbonated Soft Drinks,394,0.85,False,False
2022-10-19,CSD-COLA-500ML,Carbonated Soft Drinks,470,0.85,False,False
2022-10-20,CSD-COLA-500ML,Carbonated Soft Drinks,445,0.85,False,False
2022-10-21,CSD-COLA-500ML,Carbonated Soft Drinks,550,0.85,False,False
2022-10-22,CSD-COLA-500ML,Carbonated Soft Drinks,622,0.85,False,False
2022-10-23,CSD-COLA-500ML,Carbonated Soft Drinks,413,0.85,False,False
2022-10-24,CSD-COLA-500ML,Carbonated Soft Drinks,424,0.85,False,False
2022-10-25,CSD-COLA-500ML,Carbonated Soft Drinks,425,0.85,False,False
2022-10-26,CSD-COLA-500ML,Carbonated Soft Drinks,399,0.85,False,False
2022-10-27,CSD-COLA-500ML,Carbonated Soft Drinks,501,0.85,False,False
2022-10-28,CSD-COLA-500ML,Carbonated Soft Drinks,533,0.85,False,False
2022-10-29,CSD-COLA-500ML,Carbonated Soft Drinks,434,0.85,False,False
2022-10-30,CSD-COLA-500ML,Carbonated Soft Drinks,363,0.85,False,False
2022-10-31,CSD-COLA-500ML,Carbonated Soft Drinks,429,0.85,False,False
2022-11-01,CSD-COLA-500ML,Carbonated Soft Drinks,334,0.85,False,False
2022-11-02,CSD-COLA-500ML,Carbonated Soft Drinks,340,0.85,False,False
2022-11-03,CSD-COLA-500ML,Carbonated Soft Drinks,387,0.85,False,False
2022-11-04,CSD-COLA-500ML,Carbonated Soft Drinks,442,0.85,False,False
2022-11-05,CSD-COLA-500ML,Carbonated Soft Drinks,472,0.85,False,False
2022-11-06,CSD-COLA-500ML,Carbonated Soft Drinks,319,0.85,False,False
2022-11-07,CSD-COLA-500ML,Carbonated Soft Drinks,355,0.85,False,False
2022-11-08,CSD-COLA-500ML,Carbonated Soft Drinks,324,0.85,False,False
2022-11-09,CSD-COLA-500ML,Carbonated Soft Drinks,331,0.85,False,False
2022-11-10,CSD-COLA-500ML,Carbonated Soft Drinks,477,0.85,False,False
2022-11-11,CSD-COLA-500ML,Carbonated Soft Drinks,423,0.85,False,False
2022-11-12,CSD-COLA-500ML,Carbonated Soft Drinks,449,0.85,False,False
2022-11-13,CSD-COLA-500ML,Carbonated Soft Drinks,319,0.85,False,False
2022-11-14,CSD-COLA-500ML,Carbonated Soft Drinks,318,0.85,False,False
2022-11-15,CSD-COLA-500ML,Carbonated Soft Drinks,339,0.85,False,False
2022-11-16,CSD-COLA-500ML,Carbonated Soft Drinks,294,0.85,False,False
2022-11-17,CSD-COLA-500ML,Carbonated Soft Drinks,448,0.85,False,False
2022-11-18,CSD-COLA-500ML,Carbonated Soft Drinks,445,0.85,False,False
2022-11-19,CSD-COLA-500ML,Carbonated Soft Drinks,440,0.85,False,False
2022-11-20,CSD-COLA-500ML,Carbonated Soft Drinks,274,0.85,False,False
2022-11-21,CSD-COLA-500ML,Carbonated Soft Drinks,344,0.85,False,False
2022-11-22,CSD-COLA-500ML,Carbonated Soft Drinks,331,0.85,False,False
2022-11-23,CSD-COLA-500ML,Carbonated Soft Drinks,298,0.85,False,False
2022-11-24,CSD-COLA-500ML,Carbonated Soft Drinks,418,0.85,False,False
2022-11-25,CSD-COLA-500ML,Carbonated Soft Drinks,407,0.85,False,False
2022-11-26,CSD-COLA-500ML,Carbonated Soft Drinks,413,0.85,False,False
2022-11-27,CSD-COLA-500ML,Carbonated Soft Drinks,284,0.85,False,False
2022-11-28,CSD-COLA-500ML,Carbonated Soft Drinks,391,0.85,False,False
2022-11-29,CSD-COLA-500ML,Carbonated Soft Drinks,293,0.85,False,False
2022-11-30,CSD-COLA-500ML,Carbonated Soft Drinks,360,0.85,False,False
2022-12-01,CSD-COLA-500ML,Carbonated Soft Drinks,266,0.85,False,False
2022-12-02,CSD-COLA-500ML,Carbonated Soft Drinks,356,0.85,False,False
2022-12-03,CSD-COLA-500ML,Carbonated Soft Drinks,382,0.85,False,False
2022-12-04,CSD-COLA-500ML,Carbonated Soft Drinks,277,0.85,False,False
2022-12-05,CSD-COLA-500ML,Carbonated Soft Drinks,289,0.85,False,False
2022-12-06,CSD-COLA-500ML,Carbonated Soft Drinks,280,0.85,False,False
2022-12-07,CSD-COLA-500ML,Carbonated Soft Drinks,295,0.85,False,False
2022-12-08,CSD-COLA-500ML,Carbonated Soft Drinks,378,0.85,False,False
2022-12-09,CSD-COLA-500ML,Carbonated Soft Drinks,361,0.85,False,False
2022-12-10,CSD-COLA-500ML,Carbonated Soft Drinks,366,0.85,False,False
2022-12-11,CSD-COLA-500ML,Carbonated Soft Drinks,266,0.85,False,False
2022-12-12,CSD-COLA-500ML,Carbonated Soft Drinks,290,0.85,False,False
2022-12-13,CSD-COLA-500ML,Carbonated Soft Drinks,331,0.85,False,False
2022-12-14,CSD-COLA-500ML,Carbonated Soft Drinks,270,0.85,False,False
2022-12-15,CSD-COLA-500ML,Carbonated Soft Drinks,292,0.85,False,False
2022-12-16,CSD-COLA-500ML,Carbonated Soft Drinks,459,0.85,False,False
2022-12-17,CSD-COLA-500ML,Carbonated Soft Drinks,365,0.85,False,False
2022-12-18,CSD-COLA-500ML,Carbonated Soft Drinks,257,0.85,False,False
2022-12-19,CSD-COLA-500ML,Carbonated Soft Drinks,0,0.85,False,True
2022-12-20,CSD-COLA-500ML,Carbonated Soft Drinks,282,0.85,False,False
2022-12-21,CSD-COLA-500ML,Carbonated Soft Drinks,326,0.85,False,False
2022-12-22,CSD-COLA-500ML,Carbonated Soft Drinks,318,0.85,False,False
2022-12-23,CSD-COLA-500ML,Carbonated Soft Drinks,357,0.85,False,False
2022-12-24,CSD-COLA-500ML,Carbonated Soft Drinks,422,0.85,False,False
2022-12-25,CSD-COLA-500ML,Carbonated Soft Drinks,266,0.85,False,False
2022-12-26,CSD-COLA-500ML,Carbonated Soft Drinks,256,0.85,False,False
2022-12-27,CSD-COLA-500ML,Carbonated Soft Drinks,232,0.85,False,False
2022-12-28,CSD-COLA-500ML,Carbonated Soft Drinks,0,0.85,False,True
2022-12-29,CSD-COLA-500ML,Carbonated Soft Drinks,307,0.85,False,False
2022-12-30,CSD-COLA-500ML,Carbonated Soft Drinks,426,0.85,False,False
2022-12-31,CSD-COLA-500ML,Carbonated Soft Drinks,327,0.85,False,False
2023-01-01,CSD-COLA-500ML,Carbonated Soft Drinks,211,0.85,False,False
2023-01-02,CSD-COLA-500ML,Carbonated Soft Drinks,305,0.85,False,False
2023-01-03,CSD-COLA-500ML,Carbonated Soft Drinks,259,0.85,False,False
2023-01-04,CSD-COLA-500ML,Carbonated Soft Drinks,264,0.85,False,False
2023-01-05,CSD-COLA-500ML,Carbonated Soft Drinks,297,0.85,False,False
2023-01-06,CSD-COLA-500ML,Carbonated Soft Drinks,339,0.85,False,False
2023-01-07,CSD-COLA-500ML,Carbonated Soft Drinks,338,0.85,False,False
2023-01-08,CSD-COLA-500ML,Carbonated Soft Drinks,302,0.85,False,False
2023-01-09,CSD-COLA-500ML,Carbonated Soft Drinks,296,0.85,False,False
2023-01-10,CSD-COLA-500ML,Carbonated Soft Drinks,251,0.85,False,False
2023-01-11,CSD-COLA-500ML,Carbonated Soft Drinks,303,0.85,False,False
2023-01-12,CSD-COLA-500ML,Carbonated Soft Drinks,324,0.85,False,False
2023-01-13,CSD-COLA-500ML,Carbonated Soft Drinks,359,0.85,False,False
2023-01-14,CSD-COLA-500ML,Carbonated Soft Drinks,345,0.85,False,False
2023-01-15,CSD-COLA-500ML,Carbonated Soft Drinks,267,0.85,False,False
2023-01-16,CSD-COLA-500ML,Carbonated Soft Drinks,263,0.85,False,False
2023-01-17,CSD-COLA-500ML,Carbonated Soft Drinks,327,0.85,False,False
2023-01-18,CSD-COLA-500ML,Carbonated Soft Drinks,289,0.85,False,False
2023-01-19,CSD-COLA-500ML,Carbonated Soft Drinks,306,0.85,False,False
2023-01-20,CSD-COLA-500ML,Carbonated Soft Drinks,349,0.85,False,False
2023-01-21,CSD-COLA-500ML,Carbonated Soft Drinks,283,0.85,False,False
2023-01-22,CSD-COLA-500ML,Carbonated Soft Drinks,244,0.85,False,False
2023-01-23,CSD-COLA-500ML,Carbonated Soft Drinks,312,0.85,False,False
2023-01-24,CSD-COLA-500ML,Carbonated Soft Drinks,259,0.85,False,False
2023-01-25,CSD-COLA-500ML,Carbonated Soft Drinks,303,0.85,False,False
2023-01-26,CSD-COLA-500ML,Carbonated Soft Drinks,309,0.85,False,False
2023-01-27,CSD-COLA-500ML,Carbonated Soft Drinks,281,0.85,False,False
2023-01-28,CSD-COLA-500ML,Carbonated Soft Drinks,337,0.85,False,False
2023-01-29,CSD-COLA-500ML,Carbonated Soft Drinks,218,0.85,False,False
2023-01-30,CSD-COLA-500ML,Carbonated Soft Drinks,235,0.85,False,False
2023-01-31,CSD-COLA-500ML,Carbonated Soft Drinks,296,0.85,False,False
2023-02-01,CSD-COLA-500ML,Carbonated Soft Drinks,284,0.85,False,False
2023-02-02,CSD-COLA-500ML,Carbonated Soft Drinks,290,0.85,False,False
2023-02-03,CSD-COLA-500ML,Carbonated Soft Drinks,345,0.85,False,False
2023-02-04,CSD-COLA-500ML,Carbonated Soft Drinks,378,0.85,False,False
2023-02-05,CSD-COLA-500ML,Carbonated Soft Drinks,333,0.85,False,False
2023-02-06,CSD-COLA-500ML,Carbonated Soft Drinks,0,0.85,False,True
2023-02-07,CSD-COLA-500ML,Carbonated Soft Drinks,364,0.85,True,False
2023-02-08,CSD-COLA-500ML,Carbonated Soft Drinks,323,0.85,False,False
2023-02-09,CSD-COLA-500ML,Carbonated Soft Drinks,368,0.85,False,False
2023-02-10,CSD-COLA-500ML,Carbonated Soft Drinks,387,0.85,False,False
2023-02-11,CSD-COLA-500ML,Carbonated Soft Drinks,363,0.85,False,False
2023-02-12,CSD-COLA-500ML,Carbonated Soft Drinks,216,0.85,False,False
2023-02-13,CSD-COLA-500ML,Carbonated Soft Drinks,338,0.85,False,False
2023-02-14,CSD-COLA-500ML,Carbonated Soft Drinks,317,0.85,False,False
2023-02-15,CSD-COLA-500ML,Carbonated Soft Drinks,295,0.85,False,False
2023-02-16,CSD-COLA-500ML,Carbonated Soft Drinks,357,0.85,False,False
2023-02-17,CSD-COLA-500ML,Carbonated Soft Drinks,430,0.85,False,False
2023-02-18,CSD-COLA-500ML,Carbonated Soft Drinks,358,0.85,False,False
2023-02-19,CSD-COLA-500ML,Carbonated Soft Drinks,241,0.85,False,False
2023-02-20,CSD-COLA-500ML,Carbonated Soft Drinks,287,0.85,False,False
2023-02-21,CSD-COLA-500ML,Carbonated Soft Drinks,262,0.85,False,False
2023-02-22,CSD-COLA-500ML,Carbonated Soft Drinks,248,0.85,False,False
2023-02-23,CSD-COLA-500ML,Carbonated Soft Drinks,281,0.85,False,False
2023-02-24,CSD-COLA-500ML,Carbonated Soft Drinks,325,0.85,False,False
2023-02-25,CSD-COLA-500ML,Carbonated Soft Drinks,432,0.85,False,False
2023-02-26,CSD-COLA-500ML,Carbonated Soft Drinks,250,0.85,False,False
2023-02-27,CSD-COLA-500ML,Carbonated Soft Drinks,330,0.85,False,False
2023-02-28,CSD-COLA-500ML,Carbonated Soft Drinks,327,0.85,False,False
2023-03-01,CSD-COLA-500ML,Carbonated Soft Drinks,369,0.85,False,False
2023-03-02,CSD-COLA-500ML,Carbonated Soft Drinks,404,0.85,False,False
2023-03-03,CSD-COLA-500ML,Carbonated Soft Drinks,398,0.85,False,False
2023-03-04,CSD-COLA-500ML,Carbonated Soft Drinks,449,0.85,False,False
2023-03-05,CSD-COLA-500ML,Carbonated Soft Drinks,270,0.85,False,False
2023-03-06,CSD-COLA-500ML,Carbonated Soft Drinks,319,0.85,False,False
2023-03-07,CSD-COLA-500ML,Carbonated Soft Drinks,342,0.85,False,False
2023-03-08,CSD-COLA-500ML,Carbonated Soft Drinks,346,0.85,False,False
2023-03-09,CSD-COLA-500ML,Carbonated Soft Drinks,340,0.85,False,False
2023-03-10,CSD-COLA-500ML,Carbonated Soft Drinks,452,0.85,False,False
2023-03-11,CSD-COLA-500ML,Carbonated Soft Drinks,466,0.85,False,False
2023-03-12,CSD-COLA-500ML,Carbonated Soft Drinks,375,0.85,False,False
2023-03-13,CSD-COLA-500ML,Carbonated Soft Drinks,306,0.85,False,False
2023-03-14,CSD-COLA-500ML,Carbonated Soft Drinks,356,0.85,False,False
2023-03-15,CSD-COLA-500ML,Carbonated Soft Drinks,294,0.85,False,False
2023-03-16,CSD-COLA-500ML,Carbonated Soft Drinks,568,0.85,True,False
2023-03-17,CSD-COLA-500ML,Carbonated Soft Drinks,417,0.85,False,False
2023-03-18,CSD-COLA-500ML,Carbonated Soft Drinks,364,0.85,False,False
2023-03-19,CSD-COLA-500ML,Carbonated Soft Drinks,330,0.85,False,False
2023-03-20,CSD-COLA-500ML,Carbonated Soft Drinks,356,0.85,False,False
2023-03-21,CSD-COLA-500ML,Carbonated Soft Drinks,0,0.85,False,True
2023-03-22,CSD-COLA-500ML,Carbonated Soft Drinks,348,0.85,False,False
2023-03-23,CSD-COLA-500ML,Carbonated Soft Drinks,391,0.85,False,False
2023-03-24,CSD-COLA-500ML,Carbonated Soft Drinks,413,0.85,False,False
2023-03-25,CSD-COLA-500ML,Carbonated Soft Drinks,472,0.85,False,False
2023-03-26,CSD-COLA-500ML,Carbonated Soft Drinks,291,0.85,False,False
2023-03-27,CSD-COLA-500ML,Carbonated Soft Drinks,323,0.85,False,False
2023-03-28,CSD-COLA-500ML,Carbonated Soft Drinks,316,0.85,False,False
2023-03-29,CSD-COLA-500ML,Carbonated Soft Drinks,352,0.85,False,False
2023-03-30,CSD-COLA-500ML,Carbonated Soft Drinks,315,0.85,False,False
2023-03-31,CSD-COLA-500ML,Carbonated Soft Drinks,411,0.85,False,False
2023-04-01,CSD-COLA-500ML,Carbonated Soft Drinks,478,0.85,False,False
2023-04-02,CSD-COLA-500ML,Carbonated Soft Drinks,367,0.85,False,False
2023-04-03,CSD-COLA-500ML,Carbonated Soft Drinks,399,0.85,False,False
2023-04-04,CSD-COLA-500ML,Carbonated Soft Drinks,421,0.85,False,False
2023-04-05,CSD-COLA-500ML,Carbonated Soft Drinks,356,0.85,False,False
2023-04-06,CSD-COLA-500ML,Carbonated Soft Drinks,551,0.85,False,False
2023-04-07,CSD-COLA-500ML,Carbonated Soft Drinks,567,0.85,False,False
2023-04-08,CSD-COLA-500ML,Carbonated Soft Drinks,1006,0.85,True,False
2023-04-09,CSD-COLA-500ML,Carbonated Soft Drinks,381,0.85,False,False
2023-04-10,CSD-COLA-500ML,Carbonated Soft Drinks,424,0.85,False,False
2023-04-11,CSD-COLA-500ML,Carbonated Soft Drinks,359,0.85,False,False
2023-04-12,CSD-COLA-500ML,Carbonated Soft Drinks,481,0.85,False,False
2023-04-13,CSD-COLA-500ML,Carbonated Soft Drinks,444,0.85,False,False
2023-04-14,CSD-COLA-500ML,Carbonated Soft Drinks,649,0.85,True,False
2023-04-15,CSD-COLA-500ML,Carbonated Soft Drinks,449,0.85,False,False
2023-04-16,CSD-COLA-500ML,Carbonated Soft Drinks,389,0.85,False,False
2023-04-17,CSD-COLA-500ML,Carbonated Soft Drinks,343,0.85,False,False
2023-04-18,CSD-COLA-500ML,Carbonated Soft Drinks,385,0.85,False,False
2023-04-19,CSD-COLA-500ML,Carbonated Soft Drinks,360,0.85,False,False
2023-04-20,CSD-COLA-500ML,Carbonated Soft Drinks,440,0.85,False,False
2023-04-21,CSD-COLA-500ML,Carbonated Soft Drinks,475,0.85,False,False
2023-04-22,CSD-COLA-500ML,Carbonated Soft Drinks,556,0.85,False,False
2023-04-23,CSD-COLA-500ML,Carbonated Soft Drinks,378,0.85,False,False
2023-04-24,CSD-COLA-500ML,Carbonated Soft Drinks,375,0.85,False,False
2023-04-25,CSD-COLA-500ML,Carbonated Soft Drinks,329,0.85,False,False
2023-04-26,CSD-COLA-500ML,Carbonated Soft Drinks,471,0.85,False,False
2023-04-27,CSD-COLA-500ML,Carbonated Soft Drinks,462,0.85,False,False
2023-04-28,CSD-COLA-500ML,Carbonated Soft Drinks,496,0.85,False,False
2023-04-29,CSD-COLA-500ML,Carbonated Soft Drinks,451,0.85,False,False
2023-04-30,CSD-COLA-500ML,Carbonated Soft Drinks,414,0.85,False,False
2023-05-01,CSD-COLA-500ML,Carbonated Soft Drinks,919,0.85,True,False
2023-05-02,CSD-COLA-500ML,Carbonated Soft Drinks,523,0.85,False,False
2023-05-03,CSD-COLA-500ML,Carbonated Soft Drinks,483,0.85,False,False
2023-05-04,CSD-COLA-500ML,Carbonated Soft Drinks,1000,0.85,True,False
2023-05-05,CSD-COLA-500ML,Carbonated Soft Drinks,636,0.85,False,False
2023-05-06,CSD-COLA-500ML,Carbonated Soft Drinks,470,0.85,False,False
2023-05-07,CSD-COLA-500ML,Carbonated Soft Drinks,456,0.85,False,False
2023-05-08,CSD-COLA-500ML,Carbonated Soft Drinks,455,0.85,False,False
2023-05-09,CSD-COLA-500ML,Carbonated Soft Drinks,658,0.85,True,False
2023-05-10,CSD-COLA-500ML,Carbonated Soft Drinks,440,0.85,False,False
2023-05-11,CSD-COLA-500ML,Carbonated Soft Drinks,689,0.85,False,False
2023-05-12,CSD-COLA-500ML,Carbonated Soft Drinks,725,0.85,False,False
2023-05-13,CSD-COLA-500ML,Carbonated Soft Drinks,680,0.85,False,False
2023-05-14,CSD-COLA-500ML,Carbonated Soft Drinks,416,0.85,False,False
2023-05-15,CSD-COLA-500ML,Carbonated Soft Drinks,460,0.85,False,False
2023-05-16,CSD-COLA-500ML,Carbonated Soft Drinks,509,0.85,False,False
2023-05-17,CSD-COLA-500ML,Carbonated Soft Drinks,452,0.85,False,False
2023-05-18,CSD-COLA-500ML,Carbonated Soft Drinks,587,0.85,False,False
2023-05-19,CSD-COLA-500ML,Carbonated Soft Drinks,652,0.85,False,False
2023-05-20,CSD-COLA-500ML,Carbonated Soft Drinks,0,0.85,False,True
2023-05-21,CSD-COLA-500ML,Carbonated Soft Drinks,442,0.85,False,False
2023-05-22,CSD-COLA-500ML,Carbonated Soft Drinks,444,0.85,False,False
2023-05-23,CSD-COLA-500ML,Carbonated Soft Drinks,488,0.85,False,False
2023-05-24,CSD-COLA-500ML,Carbonated Soft Drinks,517,0.85,False,False
2023-05-25,CSD-COLA-500ML,Carbonated Soft Drinks,568,0.85,False,False
2023-05-26,CSD-COLA-500ML,Carbonated Soft Drinks,0,0.85,False,True
2023-05-27,CSD-COLA-500ML,Carbonated Soft Drinks,679,0.85,False,False
2023-05-28,CSD-COLA-500ML,Carbonated Soft Drinks,460,0.85,False,False
2023-05-29,CSD-COLA-500ML,Carbonated Soft Drinks,384,0.85,False,False
2023-05-30,CSD-COLA-500ML,Carbonated Soft Drinks,436,0.85,False,False
2023-05-31,CSD-COLA-500ML,Carbonated Soft Drinks,541,0.85,False,False
2023-06-01,CSD-COLA-500ML,Carbonated Soft Drinks,645,0.85,False,False
2023-06-02,CSD-COLA-500ML,Carbonated Soft Drinks,756,0.85,False,False
2023-06-03,CSD-COLA-500ML,Carbonated Soft Drinks,641,0.85,False,False
2023-06-04,CSD-COLA-500ML,Carbonated Soft Drinks,0,0.85,False,True
2023-06-05,CSD-COLA-500ML,Carbonated Soft Drinks,596,0.85,False,False
2023-06-06,CSD-COLA-500ML,Carbonated Soft Drinks,524,0.85,False,False
2023-06-07,CSD-COLA-500ML,Carbonated Soft Drinks,562,0.85,False,False
2023-06-08,CSD-COLA-500ML,Carbonated Soft Drinks,594,0.85,False,False
2023-06-09,CSD-COLA-500ML,Carbonated Soft Drinks,818,0.85,False,False
2023-06-10,CSD-COLA-500ML,Carbonated Soft Drinks,733,0.85,False,False
2023-06-11,CSD-COLA-500ML,Carbonated Soft Drinks,437,0.85,False,False
2023-06-12,CSD-COLA-500ML,Carbonated Soft Drinks,490,0.85,False,False
2023-06-13,CSD-COLA-500ML,Carbonated Soft Drinks,496,0.85,False,False
2023-06-14,CSD-COLA-500ML,Carbonated Soft Drinks,552,0.85,False,False
2023-06-15,CSD-COLA-500ML,Carbonated Soft Drinks,568,0.85,False,False
2023-06-16,CSD-COLA-500ML,Carbonated Soft Drinks,720,0.85,False,False
2023-06-17,CSD-COLA-500ML,Carbonated Soft Drinks,660,0.85,False,False
2023-06-18,CSD-COLA-500ML,Carbonated Soft Drinks,509,0.85,False,False
2023-06-19,CSD-COLA-500ML,Carbonated Soft Drinks,567,0.85,False,False
2023-06-20,CSD-COLA-500ML,Carbonated Soft Drinks,427,0.85,False,False
2023-06-21,CSD-COLA-500ML,Carbonated Soft Drinks,500,0.85,False,False
2023-06-22,CSD-COLA-500ML,Carbonated Soft Drinks,629,0.85,False,False
2023-06-23,CSD-COLA-500ML,Carbonated Soft Drinks,639,0.85,False,False
2023-06-24,CSD-COLA-500ML,Carbonated Soft Drinks,755,0.85,False,False
2023-06-25,CSD-COLA-500ML,Carbonated Soft Drinks,492,0.85,False,False
2023-06-26,CSD-COLA-500ML,Carbonated Soft Drinks,555,0.85,False,False
2023-06-27,CSD-COLA-500ML,Carbonated Soft Drinks,585,0.85,True,False
2023-06-28,CSD-COLA-500ML,Carbonated Soft Drinks,585,0.85,False,False
2023-06-29,CSD-COLA-500ML,Carbonated Soft Drinks,664,0.85,False,False
2023-06-30,CSD-COLA-500ML,Carbonated Soft Drinks,633,0.85,False,False
2023-07-01,CSD-COLA-500ML,Carbonated Soft Drinks,873,0.85,False,False
2023-07-02,CSD-COLA-500ML,Carbonated Soft Drinks,475,0.85,False,False
2023-07-03,CSD-COLA-500ML,Carbonated Soft Drinks,570,0.85,False,False
2023-07-04,CSD-COLA-500ML,Carbonated Soft Drinks,604,0.85,False,False
2023-07-05,CSD-COLA-500ML,Carbonated Soft Drinks,564,0.85,False,False
2023-07-06,CSD-COLA-500ML,Carbonated Soft Drinks,568,0.85,False,False
2023-07-07,CSD-COLA-500ML,Carbonated Soft Drinks,629,0.85,False,False
2023-07-08,CSD-COLA-500ML,Carbonated Soft Drinks,670,0.85,False,False
2023-07-09,CSD-COLA-500ML,Carbonated Soft Drinks,675,0.85,True,False
2023-07-10,CSD-COLA-500ML,Carbonated Soft Drinks,483,0.85,False,False
2023-07-11,CSD-COLA-500ML,Carbonated Soft Drinks,652,0.85,False,False
2023-07-12,CSD-COLA-500ML,Carbonated Soft Drinks,577,0.85,False,False
2023-07-13,CSD-COLA-500ML,Carbonated Soft Drinks,639,0.85,False,False
2023-07-14,CSD-COLA-500ML,Carbonated Soft Drinks,596,0.85,False,False
2023-07-15,CSD-COLA-500ML,Carbonated Soft Drinks,813,0.85,False,False
2023-07-16,CSD-COLA-500ML,Carbonated Soft Drinks,609,0.85,False,False
2023-07-17,CSD-COLA-500ML,Carbonated Soft Drinks,466,0.85,False,False
2023-07-18,CSD-COLA-500ML,Carbonated Soft Drinks,578,0.85,False,False
2023-07-19,CSD-COLA-500ML,Carbonated Soft Drinks,641,0.85,False,False
2023-07-20,CSD-COLA-500ML,Carbonated Soft Drinks,687,0.85,True,False
2023-07-21,CSD-COLA-500ML,Carbonated Soft Drinks,732,0.85,False,False
2023-07-22,CSD-COLA-500ML,Carbonated Soft Drinks,768,0.85,False,False
2023-07-23,CSD-COLA-500ML,Carbonated Soft Drinks,494,0.85,False,False
2023-07-24,CSD-COLA-500ML,Carbonated Soft Drinks,626,0.85,False,False
2023-07-25,CSD-COLA-500ML,Carbonated Soft Drinks,568,0.85,False,False
2023-07-26,CSD-COLA-500ML,Carbonated Soft Drinks,547,0.85,False,False
2023-07-27,CSD-COLA-500ML,Carbonated Soft Drinks,739,0.85,False,False
2023-07-28,CSD-COLA-500ML,Carbonated Soft Drinks,712,0.85,False,False
2023-07-29,CSD-COLA-500ML,Carbonated Soft Drinks,769,0.85,False,False
2023-07-30,CSD-COLA-500ML,Carbonated Soft Drinks,502,0.85,False,False
2023-07-31,CSD-COLA-500ML,Carbonated Soft Drinks,630,0.85,False,False
2023-08-01,CSD-COLA-500ML,Carbonated Soft Drinks,503,0.85,False,False
2023-08-02,CSD-COLA-500ML,Carbonated Soft Drinks,546,0.85,False,False
2023-08-03,CSD-COLA-500ML,Carbonated Soft Drinks,592,0.85,False,False
2023-08-04,CSD-COLA-500ML,Carbonated Soft Drinks,857,0.85,False,False
2023-08-05,CSD-COLA-500ML,Carbonated Soft Drinks,633,0.85,False,False
2023-08-06,CSD-COLA-500ML,Carbonated Soft Drinks,459,0.85,False,False
2023-08-07,CSD-COLA-500ML,Carbonated Soft Drinks,494,0.85,False,False
2023-08-08,CSD-COLA-500ML,Carbonated Soft Drinks,470,0.85,False,False
2023-08-09,CSD-COLA-500ML,Carbonated Soft Drinks,478,0.85,False,False
2023-08-10,CSD-COLA-500ML,Carbonated Soft Drinks,639,0.85,False,False
2023-08-11,CSD-COLA-500ML,Carbonated Soft Drinks,676,0.85,False,False
2023-08-12,CSD-COLA-500ML,Carbonated Soft Drinks,820,0.85,False,False
2023-08-13,CSD-COLA-500ML,Carbonated Soft Drinks,421,0.85,False,False
2023-08-14,CSD-COLA-500ML,Carbonated Soft Drinks,505,0.85,False,False
2023-08-15,CSD-COLA-500ML,Carbonated Soft Drinks,481,0.85,False,False
2023-08-16,CSD-COLA-500ML,Carbonated Soft Drinks,519,0.85,False,False
2023-08-17,CSD-COLA-500ML,Carbonated Soft Drinks,676,0.85,False,False
2023-08-18,CSD-COLA-500ML,Carbonated Soft Drinks,777,0.85,False,False
2023-08-19,CSD-COLA-500ML,Carbonated Soft Drinks,716,0.85,False,False
2023-08-20,CSD-COLA-500ML,Carbonated Soft Drinks,731,0.85,True,False
2023-08-21,CSD-COLA-500ML,Carbonated Soft Drinks,570,0.85,False,False
2023-08-22,CSD-COLA-500ML,Carbonated Soft Drinks,530,0.85,False,False
2023-08-23,CSD-COLA-500ML,Carbonated Soft Drinks,635,0.85,False,False
2023-08-24,CSD-COLA-500ML,Carbonated Soft Drinks,605,0.85,False,False
2023-08-25,CSD-COLA-500ML,Carbonated Soft Drinks,711,0.85,False,False
2023-08-26,CSD-COLA-500ML,Carbonated Soft Drinks,609,0.85,False,False
2023-08-27,CSD-COLA-500ML,Carbonated Soft Drinks,523,0.85,False,False
2023-08-28,CSD-COLA-500ML,Carbonated Soft Drinks,504,0.85,False,False
2023-08-29,CSD-COLA-500ML,Carbonated Soft Drinks,513,0.85,False,False
2023-08-30,CSD-COLA-500ML,Carbonated Soft Drinks,636,0.85,False,False
2023-08-31,CSD-COLA-500ML,Carbonated Soft Drinks,692,0.85,False,False
2023-09-01,CSD-COLA-500ML,Carbonated Soft Drinks,587,0.85,False,False
2023-09-02,CSD-COLA-500ML,Carbonated Soft Drinks,667,0.85,False,False
2023-09-03,CSD-COLA-500ML,Carbonated Soft Drinks,388,0.85,False,False
2023-09-04,CSD-COLA-500ML,Carbonated Soft Drinks,512,0.85,False,False
2023-09-05,CSD-COLA-500ML,Carbonated Soft Drinks,408,0.85,False,False
2023-09-06,CSD-COLA-500ML,Carbonated Soft Drinks,478,0.85,False,False
2023-09-07,CSD-COLA-500ML,Carbonated Soft Drinks,629,0.85,False,False
2023-09-08,CSD-COLA-500ML,Carbonated Soft Drinks,585,0.85,False,False
2023-09-09,CSD-COLA-500ML,Carbonated Soft Drinks,612,0.85,False,False
2023-09-10,CSD-COLA-500ML,Carbonated Soft Drinks,454,0.85,False,False
2023-09-11,CSD-COLA-500ML,Carbonated Soft Drinks,0,0.85,False,True
2023-09-12,CSD-COLA-500ML,Carbonated Soft Drinks,446,0.85,False,False
2023-09-13,CSD-COLA-500ML,Carbonated Soft Drinks,552,0.85,False,False
2023-09-14,CSD-COLA-500ML,Carbonated Soft Drinks,651,0.85,False,False
2023-09-15,CSD-COLA-500ML,Carbonated Soft Drinks,741,0.85,False,False
2023-09-16,CSD-COLA-500ML,Carbonated Soft Drinks,766,0.85,False,False
2023-09-17,CSD-COLA-500ML,Carbonated Soft Drinks,453,0.85,False,False
2023-09-18,CSD-COLA-500ML,Carbonated Soft Drinks,411,0.85,False,False
2023-09-19,CSD-COLA-500ML,Carbonated Soft Drinks,440,0.85,False,False
2023-09-20,CSD-COLA-500ML,Carbonated Soft Drinks,519,0.85,False,False
2023-09-21,CSD-COLA-500ML,Carbonated Soft Drinks,574,0.85,False,False
2023-09-22,CSD-COLA-500ML,Carbonated Soft Drinks,674,0.85,False,False
2023-09-23,CSD-COLA-500ML,Carbonated Soft Drinks,588,0.85,False,False
2023-09-24,CSD-COLA-500ML,Carbonated Soft Drinks,462,0.85,False,False
2023-09-25,CSD-COLA-500ML,Carbonated Soft Drinks,533,0.85,False,False
2023-09-26,CSD-COLA-500ML,Carbonated Soft Drinks,607,0.85,False,False
2023-09-27,CSD-COLA-500ML,Carbonated Soft Drinks,504,0.85,False,False
2023-09-28,CSD-COLA-500ML,Carbonated Soft Drinks,637,0.85,False,False
2023-09-29,CSD-COLA-500ML,Carbonated Soft Drinks,805,0.85,False,False
2023-09-30,CSD-COLA-500ML,Carbonated Soft Drinks,620,0.85,False,False
2023-10-01,CSD-COLA-500ML,Carbonated Soft Drinks,382,0.85,False,False
2023-10-02,CSD-COLA-500ML,Carbonated Soft Drinks,476,0.85,False,False
2023-10-03,CSD-COLA-500ML,Carbonated Soft Drinks,426,0.85,False,False
2023-10-04,CSD-COLA-500ML,Carbonated Soft Drinks,388,0.85,False,False
2023-10-05,CSD-COLA-500ML,Carbonated Soft Drinks,559,0.85,False,False
2023-10-06,CSD-COLA-500ML,Carbonated Soft Drinks,575,0.85,False,False
2023-10-07,CSD-COLA-500ML,Carbonated Soft Drinks,508,0.85,False,False
2023-10-08,CSD-COLA-500ML,Carbonated Soft Drinks,352,0.85,False,False
2023-10-09,CSD-COLA-500ML,Carbonated Soft Drinks,415,0.85,False,False
2023-10-10,CSD-COLA-500ML,Carbonated Soft Drinks,418,0.85,False,False
2023-10-11,CSD-COLA-500ML,Carbonated Soft Drinks,393,0.85,False,False
2023-10-12,CSD-COLA-500ML,Carbonated Soft Drinks,472,0.85,False,False
2023-10-13,CSD-COLA-500ML,Carbonated Soft Drinks,536,0.85,False,False
2023-10-14,CSD-COLA-500ML,Carbonated Soft Drinks,552,0.85,False,False
2023-10-15,CSD-COLA-500ML,Carbonated Soft Drinks,396,0.85,False,False
2023-10-16,CSD-COLA-500ML,Carbonated Soft Drinks,390,0.85,False,False
2023-10-17,CSD-COLA-500ML,Carbonated Soft Drinks,418,0.85,False,False
2023-10-18,CSD-COLA-500ML,Carbonated Soft Drinks,464,0.85,False,False
2023-10-19,CSD-COLA-500ML,Carbonated Soft Drinks,525,0.85,False,False
2023-10-20,CSD-COLA-500ML,Carbonated Soft Drinks,595,0.85,False,False
2023-10-21,CSD-COLA-500ML,Carbonated Soft Drinks,485,0.85,False,False
2023-10-22,CSD-COLA-500ML,Carbonated Soft Drinks,405,0.85,False,False
2023-10-23,CSD-COLA-500ML,Carbonated Soft Drinks,429,0.85,False,False
2023-10-24,CSD-COLA-500ML,Carbonated Soft Drinks,406,0.85,False,False
2023-10-25,CSD-COLA-500ML,Carbonated Soft Drinks,429,0.85,False,False
2023-10-26,CSD-COLA-500ML,Carbonated Soft Drinks,510,0.85,False,False
2023-10-27,CSD-COLA-500ML,Carbonated Soft Drinks,499,0.85,False,False
2023-10-28,CSD-COLA-500ML,Carbonated Soft Drinks,539,0.85,False,False
2023-10-29,CSD-COLA-500ML,Carbonated Soft Drinks,376,0.85,False,False
2023-10-30,CSD-COLA-500ML,Carbonated Soft Drinks,442,0.85,False,False
2023-10-31,CSD-COLA-500ML,Carbonated Soft Drinks,305,0.85,False,False
2023-11-01,CSD-COLA-500ML,Carbonated Soft Drinks,448,0.85,False,False
2023-11-02,CSD-COLA-500ML,Carbonated Soft Drinks,440,0.85,False,False
2023-11-03,CSD-COLA-500ML,Carbonated Soft Drinks,407,0.85,False,False
2023-11-04,CSD-COLA-500ML,Carbonated Soft Drinks,468,0.85,False,False
2023-11-05,CSD-COLA-500ML,Carbonated Soft Drinks,314,0.85,False,False
2023-11-06,CSD-COLA-500ML,Carbonated Soft Drinks,381,0.85,False,False
2023-11-07,CSD-COLA-500ML,Carbonated Soft Drinks,272,0.85,False,False
2023-11-08,CSD-COLA-500ML,Carbonated Soft Drinks,353,0.85,False,False
2023-11-09,CSD-COLA-500ML,Carbonated Soft Drinks,285,0.85,False,False
2023-11-10,CSD-COLA-500ML,Carbonated Soft Drinks,432,0.85,False,False
2023-11-11,CSD-COLA-500ML,Carbonated Soft Drinks,486,0.85,False,False
2023-11-12,CSD-COLA-500ML,Carbonated Soft Drinks,351,0.85,False,False
2023-11-13,CSD-COLA-500ML,Carbonated Soft Drinks,422,0.85,False,False
2023-11-14,CSD-COLA-500ML,Carbonated Soft Drinks,318,0.85,False,False
2023-11-15,CSD-COLA-500ML,Carbonated Soft Drinks,365,0.85,False,False
2023-11-16,CSD-COLA-500ML,Carbonated Soft Drinks,538,0.85,False,False
2023-11-17,CSD-COLA-500ML,Carbonated Soft Drinks,425,0.85,False,False
2023-11-18,CSD-COLA-500ML,Carbonated Soft Drinks,498,0.85,False,False
2023-11-19,CSD-COLA-500ML,Carbonated Soft Drinks,348,0.85,False,False
2023-11-20,CSD-COLA-500ML,Carbonated Soft Drinks,418,0.85,False,False
2023-11-21,CSD-COLA-500ML,Carbonated Soft Drinks,337,0.85,False,False
2023-11-22,CSD-COLA-500ML,Carbonated Soft Drinks,441,0.85,False,False
2023-11-23,CSD-COLA-500ML,Carbonated Soft Drinks,451,0.85,False,False
2023-11-24,CSD-COLA-500ML,Carbonated Soft Drinks,335,0.85,False,False
2023-11-25,CSD-COLA-500ML,Carbonated Soft Drinks,495,0.85,False,False
2023-11-26,CSD-COLA-500ML,Carbonated Soft Drinks,287,0.85,False,False
2023-11-27,CSD-COLA-500ML,Carbonated Soft Drinks,361,0.85,False,False
2023-11-28,CSD-COLA-500ML,Carbonated Soft Drinks,400,0.85,False,False
2023-11-29,CSD-COLA-500ML,Carbonated Soft Drinks,347,0.85,False,False
2023-11-30,CSD-COLA-500ML,Carbonated Soft Drinks,728,0.85,True,False
2023-12-01,CSD-COLA-500ML,Carbonated Soft Drinks,412,0.85,False,False
2023-12-02,CSD-COLA-500ML,Carbonated Soft Drinks,317,0.85,False,False
2023-12-03,CSD-COLA-500ML,Carbonated Soft Drinks,509,0.85,True,False
2023-12-04,CSD-COLA-500ML,Carbonated Soft Drinks,333,0.85,False,False
2023-12-05,CSD-COLA-500ML,Carbonated Soft Drinks,246,0.85,False,False
2023-12-06,CSD-COLA-500ML,Carbonated Soft Drinks,263,0.85,False,False
2023-12-07,CSD-COLA-500ML,Carbonated Soft Drinks,434,0.85,False,False
2023-12-08,CSD-COLA-500ML,Carbonated Soft Drinks,414,0.85,False,False
2023-12-09,CSD-COLA-500ML,Carbonated Soft Drinks,410,0.85,False,False
2023-12-10,CSD-COLA-500ML,Carbonated Soft Drinks,231,0.85,False,False
2023-12-11,CSD-COLA-500ML,Carbonated Soft Drinks,282,0.85,False,False
2023-12-12,CSD-COLA-500ML,Carbonated Soft Drinks,296,0.85,False,False
2023-12-13,CSD-COLA-500ML,Carbonated Soft Drinks,318,0.85,False,False
2023-12-14,CSD-COLA-500ML,Carbonated Soft Drinks,334,0.85,False,False
2023-12-15,CSD-COLA-500ML,Carbonated Soft Drinks,416,0.85,False,False
2023-12-16,CSD-COLA-500ML,Carbonated Soft Drinks,421,0.85,False,False
2023-12-17,CSD-COLA-500ML,Carbonated Soft Drinks,298,0.85,False,False
2023-12-18,CSD-COLA-500ML,Carbonated Soft Drinks,303,0.85,False,False
2023-12-19,CSD-COLA-500ML,Carbonated Soft Drinks,247,0.85,False,False
2023-12-20,CSD-COLA-500ML,Carbonated Soft Drinks,275,0.85,False,False
2023-12-21,CSD-COLA-500ML,Carbonated Soft Drinks,402,0.85,False,False
2023-12-22,CSD-COLA-500ML,Carbonated Soft Drinks,433,0.85,False,False
2023-12-23,CSD-COLA-500ML,Carbonated Soft Drinks,375,0.85,False,False
2023-12-24,CSD-COLA-500ML,Carbonated Soft Drinks,264,0.85,False,False
2023-12-25,CSD-COLA-500ML,Carbonated Soft Drinks,280,0.85,False,False
2023-12-26,CSD-COLA-500ML,Carbonated Soft Drinks,241,0.85,False,False
2023-12-27,CSD-COLA-500ML,Carbonated Soft Drinks,329,0.85,False,False
2023-12-28,CSD-COLA-500ML,Carbonated Soft Drinks,317,0.85,False,False
2023-12-29,CSD-COLA-500ML,Carbonated Soft Drinks,409,0.85,False,False
2023-12-30,CSD-COLA-500ML,Carbonated Soft Drinks,342,0.85,False,False
2023-12-31,CSD-COLA-500ML,Carbonated Soft Drinks,331,0.85,False,False
2024-01-01,CSD-COLA-500ML,Carbonated Soft Drinks,322,0.85,False,False
2024-01-02,CSD-COLA-500ML,Carbonated Soft Drinks,269,0.85,False,False
2024-01-03,CSD-COLA-500ML,Carbonated Soft Drinks,218,0.85,False,False
2024-01-04,CSD-COLA-500ML,Carbonated Soft Drinks,271,0.85,False,False
2024-01-05,CSD-COLA-500ML,Carbonated Soft Drinks,322,0.85,False,False
2024-01-06,CSD-COLA-500ML,Carbonated Soft Drinks,403,0.85,False,False
2024-01-07,CSD-COLA-500ML,Carbonated Soft Drinks,231,0.85,False,False
2024-01-08,CSD-COLA-500ML,Carbonated Soft Drinks,308,0.85,False,False
2024-01-09,CSD-COLA-500ML,Carbonated Soft Drinks,226,0.85,False,False
2024-01-10,CSD-COLA-500ML,Carbonated Soft Drinks,298,0.85,False,False
2024-01-11,CSD-COLA-500ML,Carbonated Soft Drinks,328,0.85,False,False
2024-01-12,CSD-COLA-500ML,Carbonated Soft Drinks,380,0.85,False,False
2024-01-13,CSD-COLA-500ML,Carbonated Soft Drinks,368,0.85,False,False
2024-01-14,CSD-COLA-500ML,Carbonated Soft Drinks,236,0.85,False,False
2024-01-15,CSD-COLA-500ML,Carbonated Soft Drinks,303,0.85,False,False
2024-01-16,CSD-COLA-500ML,Carbonated Soft Drinks,207,0.85,False,False
2024-01-17,CSD-COLA-500ML,Carbonated Soft Drinks,293,0.85,False,False
2024-01-18,CSD-COLA-500ML,Carbonated Soft Drinks,547,0.85,True,False
2024-01-19,CSD-COLA-500ML,Carbonated Soft Drinks,379,0.85,False,False
2024-01-20,CSD-COLA-500ML,Carbonated Soft Drinks,0,0.85,False,True
2024-01-21,CSD-COLA-500ML,Carbonated Soft Drinks,292,0.85,False,False
2024-01-22,CSD-COLA-500ML,Carbonated Soft Drinks,296,0.85,False,False
2024-01-23,CSD-COLA-500ML,Carbonated Soft Drinks,282,0.85,False,False
2024-01-24,CSD-COLA-500ML,Carbonated Soft Drinks,287,0.85,False,False
2024-01-25,CSD-COLA-500ML,Carbonated Soft Drinks,313,0.85,False,False
2024-01-26,CSD-COLA-500ML,Carbonated Soft Drinks,398,0.85,False,False
2024-01-27,CSD-COLA-500ML,Carbonated Soft Drinks,436,0.85,False,False
2024-01-28,CSD-COLA-500ML,Carbonated Soft Drinks,271,0.85,False,False
2024-01-29,CSD-COLA-500ML,Carbonated Soft Drinks,309,0.85,False,False
2024-01-30,CSD-COLA-500ML,Carbonated Soft Drinks,268,0.85,False,False
2024-01-31,CSD-COLA-500ML,Carbonated Soft Drinks,297,0.85,False,False
2024-02-01,CSD-COLA-500ML,Carbonated Soft Drinks,341,0.85,False,False
2024-02-02,CSD-COLA-500ML,Carbonated Soft Drinks,375,0.85,False,False
2024-02-03,CSD-COLA-500ML,Carbonated Soft Drinks,451,0.85,False,False
2024-02-04,CSD-COLA-500ML,Carbonated Soft Drinks,283,0.85,False,False
2024-02-05,CSD-COLA-500ML,Carbonated Soft Drinks,325,0.85,False,False
2024-02-06,CSD-COLA-500ML,Carbonated Soft Drinks,301,0.85,False,False
2024-02-07,CSD-COLA-500ML,Carbonated Soft Drinks,288,0.85,False,False
2024-02-08,CSD-COLA-500ML,Carbonated Soft Drinks,381,0.85,False,False
2024-02-09,CSD-COLA-500ML,Carbonated Soft Drinks,390,0.85,False,False
2024-02-10,CSD-COLA-500ML,Carbonated Soft Drinks,460,0.85,False,False
2024-02-11,CSD-COLA-500ML,Carbonated Soft Drinks,296,0.85,False,False
2024-02-12,CSD-COLA-500ML,Carbonated Soft Drinks,350,0.85,False,False
2024-02-13,CSD-COLA-500ML,Carbonated Soft Drinks,246,0.85,False,False
2024-02-14,CSD-COLA-500ML,Carbonated Soft Drinks,458,0.85,True,False
2024-02-15,CSD-COLA-500ML,Carbonated Soft Drinks,396,0.85,False,False
2024-02-16,CSD-COLA-500ML,Carbonated Soft Drinks,430,0.85,False,False
2024-02-17,CSD-COLA-500ML,Carbonated Soft Drinks,352,0.85,False,False
2024-02-18,CSD-COLA-500ML,Carbonated Soft Drinks,244,0.85,False,False
2024-02-19,CSD-COLA-500ML,Carbonated Soft Drinks,285,0.85,False,False
2024-02-20,CSD-COLA-500ML,Carbonated Soft Drinks,289,0.85,False,False
2024-02-21,CSD-COLA-500ML,Carbonated Soft Drinks,352,0.85,False,False
2024-02-22,CSD-COLA-500ML,Carbonated Soft Drinks,382,0.85,False,False
2024-02-23,CSD-COLA-500ML,Carbonated Soft Drinks,399,0.85,False,False
2024-02-24,CSD-COLA-500ML,Carbonated Soft Drinks,353,0.85,False,False
2024-02-25,CSD-COLA-500ML,Carbonated Soft Drinks,250,0.85,False,False
2024-02-26,CSD-COLA-500ML,Carbonated Soft Drinks,352,0.85,False,False
2024-02-27,CSD-COLA-500ML,Carbonated Soft Drinks,346,0.85,False,False
2024-02-28,CSD-COLA-500ML,Carbonated Soft Drinks,325,0.85,False,False
2024-02-29,CSD-COLA-500ML,Carbonated Soft Drinks,325,0.85,False,False
2024-03-01,CSD-COLA-500ML,Carbonated Soft Drinks,505,0.85,False,False
2024-03-02,CSD-COLA-500ML,Carbonated Soft Drinks,552,0.85,False,False
2024-03-03,CSD-COLA-500ML,Carbonated Soft Drinks,535,0.85,True,False
2024-03-04,CSD-COLA-500ML,Carbonated Soft Drinks,334,0.85,False,False
2024-03-05,CSD-COLA-500ML,Carbonated Soft Drinks,309,0.85,False,False
2024-03-06,CSD-COLA-500ML,Carbonated Soft Drinks,340,0.85,False,False
2024-03-07,CSD-COLA-500ML,Carbonated Soft Drinks,437,0.85,False,False
2024-03-08,CSD-COLA-500ML,Carbonated Soft Drinks,438,0.85,False,False
2024-03-09,CSD-COLA-500ML,Carbonated Soft Drinks,448,0.85,False,False
2024-03-10,CSD-COLA-500ML,Carbonated Soft Drinks,356,0.85,False,False
2024-03-11,CSD-COLA-500ML,Carbonated Soft Drinks,316,0.85,False,False
2024-03-12,CSD-COLA-500ML,Carbonated Soft Drinks,331,0.85,False,False
2024-03-13,CSD-COLA-500ML,Carbonated Soft Drinks,304,0.85,False,False
2024-03-14,CSD-COLA-500ML,Carbonated Soft Drinks,397,0.85,False,False
2024-03-15,CSD-COLA-500ML,Carbonated Soft Drinks,375,0.85,False,False
2024-03-16,CSD-COLA-500ML,Carbonated Soft Drinks,483,0.85,False,False
2024-03-17,CSD-COLA-500ML,Carbonated Soft Drinks,350,0.85,False,False
2024-03-18,CSD-COLA-500ML,Carbonated Soft Drinks,298,0.85,False,False
2024-03-19,CSD-COLA-500ML,Carbonated Soft Drinks,412,0.85,False,False
2024-03-20,CSD-COLA-500ML,Carbonated Soft Drinks,345,0.85,False,False
2024-03-21,CSD-COLA-500ML,Carbonated Soft Drinks,413,0.85,False,False
2024-03-22,CSD-COLA-500ML,Carbonated Soft Drinks,450,0.85,False,False
2024-03-23,CSD-COLA-500ML,Carbonated Soft Drinks,481,0.85,False,False
2024-03-24,CSD-COLA-500ML,Carbonated Soft Drinks,355,0.85,False,False
2024-03-25,CSD-COLA-500ML,Carbonated Soft Drinks,337,0.85,False,False
2024-03-26,CSD-COLA-500ML,Carbonated Soft Drinks,361,0.85,False,False
2024-03-27,CSD-COLA-500ML,Carbonated Soft Drinks,338,0.85,False,False
2024-03-28,CSD-COLA-500ML,Carbonated Soft Drinks,420,0.85,False,False
2024-03-29,CSD-COLA-500ML,Carbonated Soft Drinks,566,0.85,False,False
2024-03-30,CSD-COLA-500ML,Carbonated Soft Drinks,469,0.85,False,False
2024-03-31,CSD-COLA-500ML,Carbonated Soft Drinks,556,0.85,True,False
2024-04-01,CSD-COLA-500ML,Carbonated Soft Drinks,450,0.85,False,False
2024-04-02,CSD-COLA-500ML,Carbonated Soft Drinks,421,0.85,False,False
2024-04-03,CSD-COLA-500ML,Carbonated Soft Drinks,440,0.85,False,False
2024-04-04,CSD-COLA-500ML,Carbonated Soft Drinks,547,0.85,False,False
2024-04-05,CSD-COLA-500ML,Carbonated Soft Drinks,816,0.85,True,False
2024-04-06,CSD-COLA-500ML,Carbonated Soft Drinks,638,0.85,False,False
2024-04-07,CSD-COLA-500ML,Carbonated Soft Drinks,405,0.85,False,False
2024-04-08,CSD-COLA-500ML,Carbonated Soft Drinks,527,0.85,False,False
2024-04-09,CSD-COLA-500ML,Carbonated Soft Drinks,457,0.85,False,False
2024-04-10,CSD-COLA-500ML,Carbonated Soft Drinks,453,0.85,False,False
2024-04-11,CSD-COLA-500ML,Carbonated Soft Drinks,508,0.85,False,False
2024-04-12,CSD-COLA-500ML,Carbonated Soft Drinks,528,0.85,False,False
2024-04-13,CSD-COLA-500ML,Carbonated Soft Drinks,543,0.85,False,False
2024-04-14,CSD-COLA-500ML,Carbonated Soft Drinks,425,0.85,False,False
2024-04-15,CSD-COLA-500ML,Carbonated Soft Drinks,420,0.85,False,False
2024-04-16,CSD-COLA-500ML,Carbonated Soft Drinks,452,0.85,False,False
2024-04-17,CSD-COLA-500ML,Carbonated Soft Drinks,416,0.85,False,False
2024-04-18,CSD-COLA-500ML,Carbonated Soft Drinks,433,0.85,False,False
2024-04-19,CSD-COLA-500ML,Carbonated Soft Drinks,544,0.85,False,False
2024-04-20,CSD-COLA-500ML,Carbonated Soft Drinks,509,0.85,False,False
2024-04-21,CSD-COLA-500ML,Carbonated Soft Drinks,437,0.85,False,False
2024-04-22,CSD-COLA-500ML,Carbonated Soft Drinks,485,0.85,False,False
2024-04-23,CSD-COLA-500ML,Carbonated Soft Drinks,428,0.85,False,False
2024-04-24,CSD-COLA-500ML,Carbonated Soft Drinks,534,0.85,False,False
2024-04-25,CSD-COLA-500ML,Carbonated Soft Drinks,532,0.85,False,False
2024-04-26,CSD-COLA-500ML,Carbonated Soft Drinks,581,0.85,False,False
2024-04-27,CSD-COLA-500ML,Carbonated Soft Drinks,547,0.85,False,False
2024-04-28,CSD-COLA-500ML,Carbonated Soft Drinks,583,0.85,True,False
2024-04-29,CSD-COLA-500ML,Carbonated Soft Drinks,451,0.85,False,False
2024-04-30,CSD-COLA-500ML,Carbonated Soft Drinks,376,0.85,False,False
2024-05-01,CSD-COLA-500ML,Carbonated Soft Drinks,1085,0.85,True,False
2024-05-02,CSD-COLA-500ML,Carbonated Soft Drinks,727,0.85,False,False
2024-05-03,CSD-COLA-500ML,Carbonated Soft Drinks,541,0.85,False,False
2024-05-04,CSD-COLA-500ML,Carbonated Soft Drinks,540,0.85,False,False
2024-05-05,CSD-COLA-500ML,Carbonated Soft Drinks,429,0.85,False,False
2024-05-06,CSD-COLA-500ML,Carbonated Soft Drinks,579,0.85,False,False
2024-05-07,CSD-COLA-500ML,Carbonated Soft Drinks,491,0.85,False,False
2024-05-08,CSD-COLA-500ML,Carbonated Soft Drinks,508,0.85,False,False
2024-05-09,CSD-COLA-500ML,Carbonated Soft Drinks,584,0.85,False,False
2024-05-10,CSD-COLA-500ML,Carbonated Soft Drinks,703,0.85,False,False
2024-05-11,CSD-COLA-500ML,Carbonated Soft Drinks,715,0.85,False,False
2024-05-12,CSD-COLA-500ML,Carbonated Soft Drinks,499,0.85,False,False
2024-05-13,CSD-COLA-500ML,Carbonated Soft Drinks,552,0.85,False,False
2024-05-14,CSD-COLA-500ML,Carbonated Soft Drinks,539,0.85,False,False
2024-05-15,CSD-COLA-500ML,Carbonated Soft Drinks,0,0.85,False,True
2024-05-16,CSD-COLA-500ML,Carbonated Soft Drinks,748,0.85,False,False
2024-05-17,CSD-COLA-500ML,Carbonated Soft Drinks,647,0.85,False,False
2024-05-18,CSD-COLA-500ML,Carbonated Soft Drinks,766,0.85,False,False
2024-05-19,CSD-COLA-500ML,Carbonated Soft Drinks,424,0.85,False,False
2024-05-20,CSD-COLA-500ML,Carbonated Soft Drinks,501,0.85,False,False
2024-05-21,CSD-COLA-500ML,Carbonated Soft Drinks,536,0.85,False,False
2024-05-22,CSD-COLA-500ML,Carbonated Soft Drinks,486,0.85,False,False
2024-05-23,CSD-COLA-500ML,Carbonated Soft Drinks,549,0.85,False,False
2024-05-24,CSD-COLA-500ML,Carbonated Soft Drinks,775,0.85,False,False
2024-05-25,CSD-COLA-500ML,Carbonated Soft Drinks,729,0.85,False,False
2024-05-26,CSD-COLA-500ML,Carbonated Soft Drinks,498,0.85,False,False
2024-05-27,CSD-COLA-500ML,Carbonated Soft Drinks,565,0.85,False,False
2024-05-28,CSD-COLA-500ML,Carbonated Soft Drinks,512,0.85,False,False
2024-05-29,CSD-COLA-500ML,Carbonated Soft Drinks,539,0.85,False,False
2024-05-30,CSD-COLA-500ML,Carbonated Soft Drinks,541,0.85,False,False
2024-05-31,CSD-COLA-500ML,Carbonated Soft Drinks,710,0.85,False,False
2024-06-01,CSD-COLA-500ML,Carbonated Soft Drinks,775,0.85,False,False
2024-06-02,CSD-COLA-500ML,Carbonated Soft Drinks,548,0.85,False,False
2024-06-03,CSD-COLA-500ML,Carbonated Soft Drinks,538,0.85,False,False
2024-06-04,CSD-COLA-500ML,Carbonated Soft Drinks,592,0.85,False,False
2024-06-05,CSD-COLA-500ML,Carbonated Soft Drinks,610,0.85,False,False
2024-06-06,CSD-COLA-500ML,Carbonated Soft Drinks,621,0.85,False,False
2024-06-07,CSD-COLA-500ML,Carbonated Soft Drinks,856,0.85,False,False
2024-06-08,CSD-COLA-500ML,Carbonated Soft Drinks,663,0.85,False,False
2024-06-09,CSD-COLA-500ML,Carbonated Soft Drinks,522,0.85,False,False
2024-06-10,CSD-COLA-500ML,Carbonated Soft Drinks,631,0.85,False,False
2024-06-11,CSD-COLA-500ML,Carbonated Soft Drinks,541,0.85,False,False
2024-06-12,CSD-COLA-500ML,Carbonated Soft Drinks,531,0.85,False,False
2024-06-13,CSD-COLA-500ML,Carbonated Soft Drinks,755,0.85,False,False
2024-06-14,CSD-COLA-500ML,Carbonated Soft Drinks,677,0.85,False,False
2024-06-15,CSD-COLA-500ML,Carbonated Soft Drinks,627,0.85,False,False
2024-06-16,CSD-COLA-500ML,Carbonated Soft Drinks,536,0.85,False,False
2024-06-17,CSD-COLA-500ML,Carbonated Soft Drinks,856,0.85,True,False
2024-06-18,CSD-COLA-500ML,Carbonated Soft Drinks,524,0.85,False,False
2024-06-19,CSD-COLA-500ML,Carbonated Soft Drinks,436,0.85,False,False
2024-06-20,CSD-COLA-500ML,Carbonated Soft Drinks,649,0.85,False,False
2024-06-21,CSD-COLA-500ML,Carbonated Soft Drinks,813,0.85,False,False
2024-06-22,CSD-COLA-500ML,Carbonated Soft Drinks,779,0.85,False,False
2024-06-23,CSD-COLA-500ML,Carbonated Soft Drinks,635,0.85,False,False
2024-06-24,CSD-COLA-500ML,Carbonated Soft Drinks,576,0.85,False,False
2024-06-25,CSD-COLA-500ML,Carbonated Soft Drinks,626,0.85,False,False
2024-06-26,CSD-COLA-500ML,Carbonated Soft Drinks,554,0.85,False,False
2024-06-27,CSD-COLA-500ML,Carbonated Soft Drinks,696,0.85,False,False
2024-06-28,CSD-COLA-500ML,Carbonated Soft Drinks,1119,0.85,True,False
2024-06-29,CSD-COLA-500ML,Carbonated Soft Drinks,765,0.85,False,False
2024-06-30,CSD-COLA-500ML,Carbonated Soft Drinks,548,0.85,False,False
2024-07-01,CSD-COLA-500ML,Carbonated Soft Drinks,586,0.85,False,False
2024-07-02,CSD-COLA-500ML,Carbonated Soft Drinks,646,0.85,False,False
2024-07-03,CSD-COLA-500ML,Carbonated Soft Drinks,605,0.85,False,False
2024-07-04,CSD-COLA-500ML,Carbonated Soft Drinks,779,0.85,False,False
2024-07-05,CSD-COLA-500ML,Carbonated Soft Drinks,804,0.85,False,False
2024-07-06,CSD-COLA-500ML,Carbonated Soft Drinks,842,0.85,False,False
2024-07-07,CSD-COLA-500ML,Carbonated Soft Drinks,641,0.85,True,False
2024-07-08,CSD-COLA-500ML,Carbonated Soft Drinks,486,0.85,False,False
2024-07-09,CSD-COLA-500ML,Carbonated Soft Drinks,615,0.85,False,False
2024-07-10,CSD-COLA-500ML,Carbonated Soft Drinks,682,0.85,False,False
2024-07-11,CSD-COLA-500ML,Carbonated Soft Drinks,737,0.85,False,False
2024-07-12,CSD-COLA-500ML,Carbonated Soft Drinks,706,0.85,False,False
2024-07-13,CSD-COLA-500ML,Carbonated Soft Drinks,827,0.85,False,False
2024-07-14,CSD-COLA-500ML,Carbonated Soft Drinks,604,0.85,False,False
2024-07-15,CSD-COLA-500ML,Carbonated Soft Drinks,495,0.85,False,False
2024-07-16,CSD-COLA-500ML,Carbonated Soft Drinks,655,0.85,False,False
2024-07-17,CSD-COLA-500ML,Carbonated Soft Drinks,621,0.85,False,False
2024-07-18,CSD-COLA-500ML,Carbonated Soft Drinks,700,0.85,False,False
2024-07-19,CSD-COLA-500ML,Carbonated Soft Drinks,785,0.85,False,False
2024-07-20,CSD-COLA-500ML,Carbonated Soft Drinks,790,0.85,False,False
2024-07-21,CSD-COLA-500ML,Carbonated Soft Drinks,595,0.85,False,False
2024-07-22,CSD-COLA-500ML,Carbonated Soft Drinks,653,0.85,False,False
2024-07-23,CSD-COLA-500ML,Carbonated Soft Drinks,531,0.85,False,False
2024-07-24,CSD-COLA-500ML,Carbonated Soft Drinks,548,0.85,False,False
2024-07-25,CSD-COLA-500ML,Carbonated Soft Drinks,748,0.85,False,False
2024-07-26,CSD-COLA-500ML,Carbonated Soft Drinks,967,0.85,False,False
2024-07-27,CSD-COLA-500ML,Carbonated Soft Drinks,868,0.85,False,False
2024-07-28,CSD-COLA-500ML,Carbonated Soft Drinks,592,0.85,False,False
2024-07-29,CSD-COLA-500ML,Carbonated Soft Drinks,622,0.85,False,False
2024-07-30,CSD-COLA-500ML,Carbonated Soft Drinks,503,0.85,False,False
2024-07-31,CSD-COLA-500ML,Carbonated Soft Drinks,515,0.85,False,False
2024-08-01,CSD-COLA-500ML,Carbonated Soft Drinks,699,0.85,False,False
2024-08-02,CSD-COLA-500ML,Carbonated Soft Drinks,743,0.85,False,False
2024-08-03,CSD-COLA-500ML,Carbonated Soft Drinks,700,0.85,False,False
2024-08-04,CSD-COLA-500ML,Carbonated Soft Drinks,578,0.85,False,False
2024-08-05,CSD-COLA-500ML,Carbonated Soft Drinks,569,0.85,False,False
2024-08-06,CSD-COLA-500ML,Carbonated Soft Drinks,583,0.85,False,False
2024-08-07,CSD-COLA-500ML,Carbonated Soft Drinks,646,0.85,False,False
2024-08-08,CSD-COLA-500ML,Carbonated Soft Drinks,644,0.85,False,False
2024-08-09,CSD-COLA-500ML,Carbonated Soft Drinks,670,0.85,False,False
2024-08-10,CSD-COLA-500ML,Carbonated Soft Drinks,722,0.85,False,False
2024-08-11,CSD-COLA-500ML,Carbonated Soft Drinks,504,0.85,False,False
2024-08-12,CSD-COLA-500ML,Carbonated Soft Drinks,637,0.85,False,False
2024-08-13,CSD-COLA-500ML,Carbonated Soft Drinks,618,0.85,False,False
2024-08-14,CSD-COLA-500ML,Carbonated Soft Drinks,637,0.85,False,False
2024-08-15,CSD-COLA-500ML,Carbonated Soft Drinks,662,0.85,False,False
2024-08-16,CSD-COLA-500ML,Carbonated Soft Drinks,760,0.85,False,False
2024-08-17,CSD-COLA-500ML,Carbonated Soft Drinks,685,0.85,False,False
2024-08-18,CSD-COLA-500ML,Carbonated Soft Drinks,480,0.85,False,False
2024-08-19,CSD-COLA-500ML,Carbonated Soft Drinks,622,0.85,False,False
2024-08-20,CSD-COLA-500ML,Carbonated Soft Drinks,620,0.85,False,False
2024-08-21,CSD-COLA-500ML,Carbonated Soft Drinks,542,0.85,False,False
2024-08-22,CSD-COLA-500ML,Carbonated Soft Drinks,664,0.85,False,False
2024-08-23,CSD-COLA-500ML,Carbonated Soft Drinks,863,0.85,False,False
2024-08-24,CSD-COLA-500ML,Carbonated Soft Drinks,818,0.85,False,False
2024-08-25,CSD-COLA-500ML,Carbonated Soft Drinks,450,0.85,False,False
2024-08-26,CSD-COLA-500ML,Carbonated Soft Drinks,599,0.85,False,False
2024-08-27,CSD-COLA-500ML,Carbonated Soft Drinks,516,0.85,False,False
2024-08-28,CSD-COLA-500ML,Carbonated Soft Drinks,666,0.85,False,False
2024-08-29,CSD-COLA-500ML,Carbonated Soft Drinks,726,0.85,False,False
2024-08-30,CSD-COLA-500ML,Carbonated Soft Drinks,695,0.85,False,False
2024-08-31,CSD-COLA-500ML,Carbonated Soft Drinks,776,0.85,False,False
2024-09-01,CSD-COLA-500ML,Carbonated Soft Drinks,491,0.85,False,False
2024-09-02,CSD-COLA-500ML,Carbonated Soft Drinks,499,0.85,False,False
2024-09-03,CSD-COLA-500ML,Carbonated Soft Drinks,510,0.85,False,False
2024-09-04,CSD-COLA-500ML,Carbonated Soft Drinks,521,0.85,False,False
2024-09-05,CSD-COLA-500ML,Carbonated Soft Drinks,452,0.85,False,False
2024-09-06,CSD-COLA-500ML,Carbonated Soft Drinks,538,0.85,False,False
2024-09-07,CSD-COLA-500ML,Carbonated Soft Drinks,810,0.85,False,False
2024-09-08,CSD-COLA-500ML,Carbonated Soft Drinks,0,0.85,False,True
2024-09-09,CSD-COLA-500ML,Carbonated Soft Drinks,441,0.85,False,False
2024-09-10,CSD-COLA-500ML,Carbonated Soft Drinks,467,0.85,False,False
2024-09-11,CSD-COLA-500ML,Carbonated Soft Drinks,554,0.85,False,False
2024-09-12,CSD-COLA-500ML,Carbonated Soft Drinks,625,0.85,False,False
2024-09-13,CSD-COLA-500ML,Carbonated Soft Drinks,647,0.85,False,False
2024-09-14,CSD-COLA-500ML,Carbonated Soft Drinks,753,0.85,False,False
2024-09-15,CSD-COLA-500ML,Carbonated Soft Drinks,446,0.85,False,False
2024-09-16,CSD-COLA-500ML,Carbonated Soft Drinks,530,0.85,False,False
2024-09-17,CSD-COLA-500ML,Carbonated Soft Drinks,636,0.85,False,False
2024-09-18,CSD-COLA-500ML,Carbonated Soft Drinks,553,0.85,False,False
2024-09-19,CSD-COLA-500ML,Carbonated Soft Drinks,543,0.85,False,False
2024-09-20,CSD-COLA-500ML,Carbonated Soft Drinks,755,0.85,False,False
2024-09-21,CSD-COLA-500ML,Carbonated Soft Drinks,762,0.85,False,False
2024-09-22,CSD-COLA-500ML,Carbonated Soft Drinks,460,0.85,False,False
2024-09-23,CSD-COLA-500ML,Carbonated Soft Drinks,439,0.85,False,False
2024-09-24,CSD-COLA-500ML,Carbonated Soft Drinks,445,0.85,False,False
2024-09-25,CSD-COLA-500ML,Carbonated Soft Drinks,500,0.85,False,False
2024-09-26,CSD-COLA-500ML,Carbonated Soft Drinks,694,0.85,False,False
2024-09-27,CSD-COLA-500ML,Carbonated Soft Drinks,600,0.85,False,False
2024-09-28,CSD-COLA-500ML,Carbonated Soft Drinks,703,0.85,False,False
2024-09-29,CSD-COLA-500ML,Carbonated Soft Drinks,531,0.85,False,False
2024-09-30,CSD-COLA-500ML,Carbonated Soft Drinks,483,0.85,False,False
2024-10-01,CSD-COLA-500ML,Carbonated Soft Drinks,410,0.85,False,False
2024-10-02,CSD-COLA-500ML,Carbonated Soft Drinks,456,0.85,False,False
2024-10-03,CSD-COLA-500ML,Carbonated Soft Drinks,542,0.85,False,False
2024-10-04,CSD-COLA-500ML,Carbonated Soft Drinks,575,0.85,False,False
2024-10-05,CSD-COLA-500ML,Carbonated Soft Drinks,952,0.85,True,False
2024-10-06,CSD-COLA-500ML,Carbonated Soft Drinks,447,0.85,False,False
2024-10-07,CSD-COLA-500ML,Carbonated Soft Drinks,451,0.85,False,False
2024-10-08,CSD-COLA-500ML,Carbonated Soft Drinks,415,0.85,False,False
2024-10-09,CSD-COLA-500ML,Carbonated Soft Drinks,452,0.85,False,False
2024-10-10,CSD-COLA-500ML,Carbonated Soft Drinks,475,0.85,False,False
2024-10-11,CSD-COLA-500ML,Carbonated Soft Drinks,613,0.85,False,False
2024-10-12,CSD-COLA-500ML,Carbonated Soft Drinks,525,0.85,False,False
2024-10-13,CSD-COLA-500ML,Carbonated Soft Drinks,444,0.85,False,False
2024-10-14,CSD-COLA-500ML,Carbonated Soft Drinks,384,0.85,False,False
2024-10-15,CSD-COLA-500ML,Carbonated Soft Drinks,476,0.85,False,False
2024-10-16,CSD-COLA-500ML,Carbonated Soft Drinks,407,0.85,False,False
2024-10-17,CSD-COLA-500ML,Carbonated Soft Drinks,527,0.85,False,False
2024-10-18,CSD-COLA-500ML,Carbonated Soft Drinks,614,0.85,False,False
2024-10-19,CSD-COLA-500ML,Carbonated Soft Drinks,670,0.85,False,False
2024-10-20,CSD-COLA-500ML,Carbonated Soft Drinks,545,0.85,False,False
2024-10-21,CSD-COLA-500ML,Carbonated Soft Drinks,499,0.85,False,False
2024-10-22,CSD-COLA-500ML,Carbonated Soft Drinks,361,0.85,False,False
2024-10-23,CSD-COLA-500ML,Carbonated Soft Drinks,472,0.85,False,False
2024-10-24,CSD-COLA-500ML,Carbonated Soft Drinks,616,0.85,False,False
2024-10-25,CSD-COLA-500ML,Carbonated Soft Drinks,526,0.85,False,False
2024-10-26,CSD-COLA-500ML,Carbonated Soft Drinks,566,0.85,False,False
2024-10-27,CSD-COLA-500ML,Carbonated Soft Drinks,414,0.85,False,False
2024-10-28,CSD-COLA-500ML,Carbonated Soft Drinks,541,0.85,False,False
2024-10-29,CSD-COLA-500ML,Carbonated Soft Drinks,376,0.85,False,False
2024-10-30,CSD-COLA-500ML,Carbonated Soft Drinks,460,0.85,False,False
2024-10-31,CSD-COLA-500ML,Carbonated Soft Drinks,452,0.85,False,False
2024-11-01,CSD-COLA-500ML,Carbonated Soft Drinks,526,0.85,False,False
2024-11-02,CSD-COLA-500ML,Carbonated Soft Drinks,517,0.85,False,False
2024-11-03,CSD-COLA-500ML,Carbonated Soft Drinks,397,0.85,False,False
2024-11-04,CSD-COLA-500ML,Carbonated Soft Drinks,392,0.85,False,False
2024-11-05,CSD-COLA-500ML,Carbonated Soft Drinks,394,0.85,False,False
2024-11-06,CSD-COLA-500ML,Carbonated Soft Drinks,442,0.85,False,False
2024-11-07,CSD-COLA-500ML,Carbonated Soft Drinks,455,0.85,False,False
2024-11-08,CSD-COLA-500ML,Carbonated Soft Drinks,456,0.85,False,False
2024-11-09,CSD-COLA-500ML,Carbonated Soft Drinks,468,0.85,False,False
2024-11-10,CSD-COLA-500ML,Carbonated Soft Drinks,358,0.85,False,False
2024-11-11,CSD-COLA-500ML,Carbonated Soft Drinks,0,0.85,False,True
2024-11-12,CSD-COLA-500ML,Carbonated Soft Drinks,433,0.85,False,False
2024-11-13,CSD-COLA-500ML,Carbonated Soft Drinks,390,0.85,False,False
2024-11-14,CSD-COLA-500ML,Carbonated Soft Drinks,477,0.85,False,False
2024-11-15,CSD-COLA-500ML,Carbonated Soft Drinks,703,0.85,True,False
2024-11-16,CSD-COLA-500ML,Carbonated Soft Drinks,499,0.85,False,False
2024-11-17,CSD-COLA-500ML,Carbonated Soft Drinks,344,0.85,False,False
2024-11-18,CSD-COLA-500ML,Carbonated Soft Drinks,327,0.85,False,False
2024-11-19,CSD-COLA-500ML,Carbonated Soft Drinks,417,0.85,False,False
2024-11-20,CSD-COLA-500ML,Carbonated Soft Drinks,359,0.85,False,False
2024-11-21,CSD-COLA-500ML,Carbonated Soft Drinks,424,0.85,False,False
2024-11-22,CSD-COLA-500ML,Carbonated Soft Drinks,485,0.85,False,False
2024-11-23,CSD-COLA-500ML,Carbonated Soft Drinks,463,0.85,False,False
2024-11-24,CSD-COLA-500ML,Carbonated Soft Drinks,350,0.85,False,False
2024-11-25,CSD-COLA-500ML,Carbonated Soft Drinks,350,0.85,False,False
2024-11-26,CSD-COLA-500ML,Carbonated Soft Drinks,298,0.85,False,False
2024-11-27,CSD-COLA-500ML,Carbonated Soft Drinks,345,0.85,False,False
2024-11-28,CSD-COLA-500ML,Carbonated Soft Drinks,409,0.85,False,False
2024-11-29,CSD-COLA-500ML,Carbonated Soft Drinks,475,0.85,False,False
2024-11-30,CSD-COLA-500ML,Carbonated Soft Drinks,578,0.85,False,False
2024-12-01,CSD-COLA-500ML,Carbonated Soft Drinks,252,0.85,False,False
2024-12-02,CSD-COLA-500ML,Carbonated Soft Drinks,299,0.85,False,False
2024-12-03,CSD-COLA-500ML,Carbonated Soft Drinks,265,0.85,False,False
2024-12-04,CSD-COLA-500ML,Carbonated Soft Drinks,363,0.85,False,False
2024-12-05,CSD-COLA-500ML,Carbonated Soft Drinks,323,0.85,False,False
2024-12-06,CSD-COLA-500ML,Carbonated Soft Drinks,402,0.85,False,False
2024-12-07,CSD-COLA-500ML,Carbonated Soft Drinks,496,0.85,False,False
2024-12-08,CSD-COLA-500ML,Carbonated Soft Drinks,263,0.85,False,False
2024-12-09,CSD-COLA-500ML,Carbonated Soft Drinks,303,0.85,False,False
2024-12-10,CSD-COLA-500ML,Carbonated Soft Drinks,238,0.85,False,False
2024-12-11,CSD-COLA-500ML,Carbonated Soft Drinks,445,0.85,False,False
2024-12-12,CSD-COLA-500ML,Carbonated Soft Drinks,344,0.85,False,False
2024-12-13,CSD-COLA-500ML,Carbonated Soft Drinks,401,0.85,False,False
2024-12-14,CSD-COLA-500ML,Carbonated Soft Drinks,419,0.85,False,False
2024-12-15,CSD-COLA-500ML,Carbonated Soft Drinks,325,0.85,False,False
2024-12-16,CSD-COLA-500ML,Carbonated Soft Drinks,311,0.85,False,False
2024-12-17,CSD-COLA-500ML,Carbonated Soft Drinks,298,0.85,False,False
2024-12-18,CSD-COLA-500ML,Carbonated Soft Drinks,347,0.85,False,False
2024-12-19,CSD-COLA-500ML,Carbonated Soft Drinks,392,0.85,False,False
2024-12-20,CSD-COLA-500ML,Carbonated Soft Drinks,424,0.85,False,False
2024-12-21,CSD-COLA-500ML,Carbonated Soft Drinks,447,0.85,False,False
2024-12-22,CSD-COLA-500ML,Carbonated Soft Drinks,324,0.85,False,False
2024-12-23,CSD-COLA-500ML,Carbonated Soft Drinks,273,0.85,False,False
2024-12-24,CSD-COLA-500ML,Carbonated Soft Drinks,327,0.85,False,False
2024-12-25,CSD-COLA-500ML,Carbonated Soft Drinks,332,0.85,False,False
2024-12-26,CSD-COLA-500ML,Carbonated Soft Drinks,418,0.85,False,False
2024-12-27,CSD-COLA-500ML,Carbonated Soft Drinks,492,0.85,False,False
2024-12-28,CSD-COLA-500ML,Carbonated Soft Drinks,403,0.85,False,False
2024-12-29,CSD-COLA-500ML,Carbonated Soft Drinks,302,0.85,False,False
2024-12-30,CSD-COLA-500ML,Carbonated Soft Drinks,309,0.85,False,False
2024-12-31,CSD-COLA-500ML,Carbonated Soft Drinks,296,0.85,False,False
2022-01-01,CSD-ORANGE-500ML,Carbonated Soft Drinks,213,0.85,False,False
2022-01-02,CSD-ORANGE-500ML,Carbonated Soft Drinks,158,0.85,False,False
2022-01-03,CSD-ORANGE-500ML,Carbonated Soft Drinks,145,0.85,False,False
2022-01-04,CSD-ORANGE-500ML,Carbonated Soft Drinks,150,0.85,False,False
2022-01-05,CSD-ORANGE-500ML,Carbonated Soft Drinks,186,0.85,False,False
2022-01-06,CSD-ORANGE-500ML,Carbonated Soft Drinks,185,0.85,False,False
2022-01-07,CSD-ORANGE-500ML,Carbonated Soft Drinks,229,0.85,False,False
2022-01-08,CSD-ORANGE-500ML,Carbonated Soft Drinks,200,0.85,False,False
2022-01-09,CSD-ORANGE-500ML,Carbonated Soft Drinks,156,0.85,False,False
2022-01-10,CSD-ORANGE-500ML,Carbonated Soft Drinks,122,0.85,False,False
2022-01-11,CSD-ORANGE-500ML,Carbonated Soft Drinks,0,0.85,False,True
2022-01-12,CSD-ORANGE-500ML,Carbonated Soft Drinks,163,0.85,False,False
2022-01-13,CSD-ORANGE-500ML,Carbonated Soft Drinks,190,0.85,False,False
2022-01-14,CSD-ORANGE-500ML,Carbonated Soft Drinks,159,0.85,False,False
2022-01-15,CSD-ORANGE-500ML,Carbonated Soft Drinks,203,0.85,False,False
2022-01-16,CSD-ORANGE-500ML,Carbonated Soft Drinks,148,0.85,False,False
2022-01-17,CSD-ORANGE-500ML,Carbonated Soft Drinks,173,0.85,False,False
2022-01-18,CSD-ORANGE-500ML,Carbonated Soft Drinks,126,0.85,False,False
2022-01-19,CSD-ORANGE-500ML,Carbonated Soft Drinks,150,0.85,False,False
2022-01-20,CSD-ORANGE-500ML,Carbonated Soft Drinks,151,0.85,False,False
2022-01-21,CSD-ORANGE-500ML,Carbonated Soft Drinks,164,0.85,False,False
2022-01-22,CSD-ORANGE-500ML,Carbonated Soft Drinks,178,0.85,False,False
2022-01-23,CSD-ORANGE-500ML,Carbonated Soft Drinks,176,0.85,False,False
2022-01-24,CSD-ORANGE-500ML,Carbonated Soft Drinks,173,0.85,False,False
2022-01-25,CSD-ORANGE-500ML,Carbonated Soft Drinks,151,0.85,False,False
2022-01-26,CSD-ORANGE-500ML,Carbonated Soft Drinks,0,0.85,False,True
2022-01-27,CSD-ORANGE-500ML,Carbonated Soft Drinks,166,0.85,False,False
2022-01-28,CSD-ORANGE-500ML,Carbonated Soft Drinks,190,0.85,False,False
2022-01-29,CSD-ORANGE-500ML,Carbonated Soft Drinks,195,0.85,False,False
2022-01-30,CSD-ORANGE-500ML,Carbonated Soft Drinks,140,0.85,False,False
2022-01-31,CSD-ORANGE-500ML,Carbonated Soft Drinks,148,0.85,False,False
2022-02-01,CSD-ORANGE-500ML,Carbonated Soft Drinks,155,0.85,False,False
2022-02-02,CSD-ORANGE-500ML,Carbonated Soft Drinks,171,0.85,False,False
2022-02-03,CSD-ORANGE-500ML,Carbonated Soft Drinks,188,0.85,False,False
2022-02-04,CSD-ORANGE-500ML,Carbonated Soft Drinks,285,0.85,False,False
2022-02-05,CSD-ORANGE-500ML,Carbonated Soft Drinks,248,0.85,False,False
2022-02-06,CSD-ORANGE-500ML,Carbonated Soft Drinks,173,0.85,False,False
2022-02-07,CSD-ORANGE-500ML,Carbonated Soft Drinks,144,0.85,False,False
2022-02-08,CSD-ORANGE-500ML,Carbonated Soft Drinks,177,0.85,False,False
2022-02-09,CSD-ORANGE-500ML,Carbonated Soft Drinks,172,0.85,False,False
2022-02-10,CSD-ORANGE-500ML,Carbonated Soft Drinks,169,0.85,False,False
2022-02-11,CSD-ORANGE-500ML,Carbonated Soft Drinks,176,0.85,False,False
2022-02-12,CSD-ORANGE-500ML,Carbonated Soft Drinks,210,0.85,False,False
2022-02-13,CSD-ORANGE-500ML,Carbonated Soft Drinks,163,0.85,False,False
2022-02-14,CSD-ORANGE-500ML,Carbonated Soft Drinks,218,0.85,False,False
2022-02-15,CSD-ORANGE-500ML,Carbonated Soft Drinks,158,0.85,False,False
2022-02-16,CSD-ORANGE-500ML,Carbonated Soft Drinks,149,0.85,False,False
2022-02-17,CSD-ORANGE-500ML,Carbonated Soft Drinks,174,0.85,False,False
2022-02-18,CSD-ORANGE-500ML,Carbonated Soft Drinks,177,0.85,False,False
2022-02-19,CSD-ORANGE-500ML,Carbonated Soft Drinks,219,0.85,False,False
2022-02-20,CSD-ORANGE-500ML,Carbonated Soft Drinks,130,0.85,False,False
2022-02-21,CSD-ORANGE-500ML,Carbonated Soft Drinks,138,0.85,False,False
2022-02-22,CSD-ORANGE-500ML,Carbonated Soft Drinks,133,0.85,False,False
2022-02-23,CSD-ORANGE-500ML,Carbonated Soft Drinks,146,0.85,False,False
2022-02-24,CSD-ORANGE-500ML,Carbonated Soft Drinks,170,0.85,False,False
2022-02-25,CSD-ORANGE-500ML,Carbonated Soft Drinks,216,0.85,False,False
2022-02-26,CSD-ORANGE-500ML,Carbonated Soft Drinks,186,0.85,False,False
2022-02-27,CSD-ORANGE-500ML,Carbonated Soft Drinks,148,0.85,False,False
2022-02-28,CSD-ORANGE-500ML,Carbonated Soft Drinks,174,0.85,False,False
2022-03-01,CSD-ORANGE-500ML,Carbonated Soft Drinks,168,0.85,False,False
2022-03-02,CSD-ORANGE-500ML,Carbonated Soft Drinks,204,0.85,False,False
2022-03-03,CSD-ORANGE-500ML,Carbonated Soft Drinks,271,0.85,False,False
2022-03-04,CSD-ORANGE-500ML,Carbonated Soft Drinks,336,0.85,True,False
2022-03-05,CSD-ORANGE-500ML,Carbonated Soft Drinks,290,0.85,False,False
2022-03-06,CSD-ORANGE-500ML,Carbonated Soft Drinks,164,0.85,False,False
2022-03-07,CSD-ORANGE-500ML,Carbonated Soft Drinks,232,0.85,False,False
2022-03-08,CSD-ORANGE-500ML,Carbonated Soft Drinks,194,0.85,False,False
2022-03-09,CSD-ORANGE-500ML,Carbonated Soft Drinks,201,0.85,False,False
2022-03-10,CSD-ORANGE-500ML,Carbonated Soft Drinks,208,0.85,False,False
2022-03-11,CSD-ORANGE-500ML,Carbonated Soft Drinks,291,0.85,False,False
2022-03-12,CSD-ORANGE-500ML,Carbonated Soft Drinks,288,0.85,False,False
2022-03-13,CSD-ORANGE-500ML,Carbonated Soft Drinks,208,0.85,False,False
2022-03-14,CSD-ORANGE-500ML,Carbonated Soft Drinks,183,0.85,False,False
2022-03-15,CSD-ORANGE-500ML,Carbonated Soft Drinks,215,0.85,False,False
2022-03-16,CSD-ORANGE-500ML,Carbonated Soft Drinks,206,0.85,False,False
2022-03-17,CSD-ORANGE-500ML,Carbonated Soft Drinks,282,0.85,False,False
2022-03-18,CSD-ORANGE-500ML,Carbonated Soft Drinks,220,0.85,False,False
2022-03-19,CSD-ORANGE-500ML,Carbonated Soft Drinks,238,0.85,False,False
2022-03-20,CSD-ORANGE-500ML,Carbonated Soft Drinks,236,0.85,False,False
2022-03-21,CSD-ORANGE-500ML,Carbonated Soft Drinks,207,0.85,False,False
2022-03-22,CSD-ORANGE-500ML,Carbonated Soft Drinks,211,0.85,False,False
2022-03-23,CSD-ORANGE-500ML,Carbonated Soft Drinks,189,0.85,False,False
2022-03-24,CSD-ORANGE-500ML,Carbonated Soft Drinks,255,0.85,False,False
2022-03-25,CSD-ORANGE-500ML,Carbonated Soft Drinks,292,0.85,False,False
2022-03-26,CSD-ORANGE-500ML,Carbonated Soft Drinks,216,0.85,False,False
2022-03-27,CSD-ORANGE-500ML,Carbonated Soft Drinks,213,0.85,False,False
2022-03-28,CSD-ORANGE-500ML,Carbonated Soft Drinks,162,0.85,False,False
2022-03-29,CSD-ORANGE-500ML,Carbonated Soft Drinks,201,0.85,False,False
2022-03-30,CSD-ORANGE-500ML,Carbonated Soft Drinks,192,0.85,False,False
2022-03-31,CSD-ORANGE-500ML,Carbonated Soft Drinks,209,0.85,False,False
2022-04-01,CSD-ORANGE-500ML,Carbonated Soft Drinks,330,0.85,False,False
2022-04-02,CSD-ORANGE-500ML,Carbonated Soft Drinks,322,0.85,False,False
2022-04-03,CSD-ORANGE-500ML,Carbonated Soft Drinks,257,0.85,False,False
2022-04-04,CSD-ORANGE-500ML,Carbonated Soft Drinks,231,0.85,False,False
2022-04-05,CSD-ORANGE-500ML,Carbonated Soft Drinks,285,0.85,True,False
2022-04-06,CSD-ORANGE-500ML,Carbonated Soft Drinks,288,0.85,False,False
2022-04-07,CSD-ORANGE-500ML,Carbonated Soft Drinks,235,0.85,False,False
2022-04-08,CSD-ORANGE-500ML,Carbonated Soft Drinks,341,0.85,False,False
2022-04-09,CSD-ORANGE-500ML,Carbonated Soft Drinks,298,0.85,False,False
2022-04-10,CSD-ORANGE-500ML,Carbonated Soft Drinks,222,0.85,False,False
2022-04-11,CSD-ORANGE-500ML,Carbonated Soft Drinks,231,0.85,False,False
2022-04-12,CSD-ORANGE-500ML,Carbonated Soft Drinks,220,0.85,False,False
2022-04-13,CSD-ORANGE-500ML,Carbonated Soft Drinks,269,0.85,False,False
2022-04-14,CSD-ORANGE-500ML,Carbonated Soft Drinks,282,0.85,False,False
2022-04-15,CSD-ORANGE-500ML,Carbonated Soft Drinks,335,0.85,False,False
2022-04-16,CSD-ORANGE-500ML,Carbonated Soft Drinks,343,0.85,False,False
2022-04-17,CSD-ORANGE-500ML,Carbonated Soft Drinks,198,0.85,False,False
2022-04-18,CSD-ORANGE-500ML,Carbonated Soft Drinks,266,0.85,False,False
2022-04-19,CSD-ORANGE-500ML,Carbonated Soft Drinks,219,0.85,False,False
2022-04-20,CSD-ORANGE-500ML,Carbonated Soft Drinks,0,0.85,False,True
2022-04-21,CSD-ORANGE-500ML,Carbonated Soft Drinks,245,0.85,False,False
2022-04-22,CSD-ORANGE-500ML,Carbonated Soft Drinks,306,0.85,False,False
2022-04-23,CSD-ORANGE-500ML,Carbonated Soft Drinks,322,0.85,False,False
2022-04-24,CSD-ORANGE-500ML,Carbonated Soft Drinks,214,0.85,False,False
2022-04-25,CSD-ORANGE-500ML,Carbonated Soft Drinks,265,0.85,False,False
2022-04-26,CSD-ORANGE-500ML,Carbonated Soft Drinks,183,0.85,False,False
2022-04-27,CSD-ORANGE-500ML,Carbonated Soft Drinks,282,0.85,False,False
2022-04-28,CSD-ORANGE-500ML,Carbonated Soft Drinks,257,0.85,False,False
2022-04-29,CSD-ORANGE-500ML,Carbonated Soft Drinks,265,0.85,False,False
2022-04-30,CSD-ORANGE-500ML,Carbonated Soft Drinks,313,0.85,False,False
2022-05-01,CSD-ORANGE-500ML,Carbonated Soft Drinks,313,0.85,False,False
2022-05-02,CSD-ORANGE-500ML,Carbonated Soft Drinks,292,0.85,False,False
2022-05-03,CSD-ORANGE-500ML,Carbonated Soft Drinks,248,0.85,False,False
2022-05-04,CSD-ORANGE-500ML,Carbonated Soft Drinks,325,0.85,False,False
2022-05-05,CSD-ORANGE-500ML,Carbonated Soft Drinks,327,0.85,False,False
2022-05-06,CSD-ORANGE-500ML,Carbonated Soft Drinks,356,0.85,False,False
2022-05-07,CSD-ORANGE-500ML,Carbonated Soft Drinks,392,0.85,False,False
2022-05-08,CSD-ORANGE-500ML,Carbonated Soft Drinks,249,0.85,False,False
2022-05-09,CSD-ORANGE-500ML,Carbonated Soft Drinks,268,0.85,False,False
2022-05-10,CSD-ORANGE-500ML,Carbonated Soft Drinks,0,0.85,False,True
2022-05-11,CSD-ORANGE-500ML,Carbonated Soft Drinks,299,0.85,False,False
2022-05-12,CSD-ORANGE-500ML,Carbonated Soft Drinks,379,0.85,False,False
2022-05-13,CSD-ORANGE-500ML,Carbonated Soft Drinks,419,0.85,False,False
2022-05-14,CSD-ORANGE-500ML,Carbonated Soft Drinks,343,0.85,False,False
2022-05-15,CSD-ORANGE-500ML,Carbonated Soft Drinks,227,0.85,False,False
2022-05-16,CSD-ORANGE-500ML,Carbonated Soft Drinks,310,0.85,False,False
2022-05-17,CSD-ORANGE-500ML,Carbonated Soft Drinks,284,0.85,False,False
2022-05-18,CSD-ORANGE-500ML,Carbonated Soft Drinks,299,0.85,False,False
2022-05-19,CSD-ORANGE-500ML,Carbonated Soft Drinks,307,0.85,False,False
2022-05-20,CSD-ORANGE-500ML,Carbonated Soft Drinks,423,0.85,False,False
2022-05-21,CSD-ORANGE-500ML,Carbonated Soft Drinks,373,0.85,False,False
2022-05-22,CSD-ORANGE-500ML,Carbonated Soft Drinks,271,0.85,False,False
2022-05-23,CSD-ORANGE-500ML,Carbonated Soft Drinks,271,0.85,False,False
2022-05-24,CSD-ORANGE-500ML,Carbonated Soft Drinks,245,0.85,False,False
2022-05-25,CSD-ORANGE-500ML,Carbonated Soft Drinks,287,0.85,False,False
2022-05-26,CSD-ORANGE-500ML,Carbonated Soft Drinks,286,0.85,False,False
2022-05-27,CSD-ORANGE-500ML,Carbonated Soft Drinks,340,0.85,False,False
2022-05-28,CSD-ORANGE-500ML,Carbonated Soft Drinks,382,0.85,False,False
2022-05-29,CSD-ORANGE-500ML,Carbonated Soft Drinks,283,0.85,False,False
2022-05-30,CSD-ORANGE-500ML,Carbonated Soft Drinks,298,0.85,False,False
2022-05-31,CSD-ORANGE-500ML,Carbonated Soft Drinks,273,0.85,False,False
2022-06-01,CSD-ORANGE-500ML,Carbonated Soft Drinks,333,0.85,False,False
2022-06-02,CSD-ORANGE-500ML,Carbonated Soft Drinks,383,0.85,False,False
2022-06-03,CSD-ORANGE-500ML,Carbonated Soft Drinks,452,0.85,False,False
2022-06-04,CSD-ORANGE-500ML,Carbonated Soft Drinks,481,0.85,False,False
2022-06-05,CSD-ORANGE-500ML,Carbonated Soft Drinks,248,0.85,False,False
2022-06-06,CSD-ORANGE-500ML,Carbonated Soft Drinks,337,0.85,False,False
2022-06-07,CSD-ORANGE-500ML,Carbonated Soft Drinks,296,0.85,False,False
2022-06-08,CSD-ORANGE-500ML,Carbonated Soft Drinks,331,0.85,False,False
2022-06-09,CSD-ORANGE-500ML,Carbonated Soft Drinks,384,0.85,False,False
2022-06-10,CSD-ORANGE-500ML,Carbonated Soft Drinks,384,0.85,False,False
2022-06-11,CSD-ORANGE-500ML,Carbonated Soft Drinks,669,0.85,True,False
2022-06-12,CSD-ORANGE-500ML,Carbonated Soft Drinks,296,0.85,False,False
2022-06-13,CSD-ORANGE-500ML,Carbonated Soft Drinks,263,0.85,False,False
2022-06-14,CSD-ORANGE-500ML,Carbonated Soft Drinks,319,0.85,False,False
2022-06-15,CSD-ORANGE-500ML,Carbonated Soft Drinks,297,0.85,False,False
2022-06-16,CSD-ORANGE-500ML,Carbonated Soft Drinks,0,0.85,False,True
2022-06-17,CSD-ORANGE-500ML,Carbonated Soft Drinks,393,0.85,False,False
2022-06-18,CSD-ORANGE-500ML,Carbonated Soft Drinks,369,0.85,False,False
2022-06-19,CSD-ORANGE-500ML,Carbonated Soft Drinks,281,0.85,False,False
2022-06-20,CSD-ORANGE-500ML,Carbonated Soft Drinks,282,0.85,False,False
2022-06-21,CSD-ORANGE-500ML,Carbonated Soft Drinks,339,0.85,False,False
2022-06-22,CSD-ORANGE-500ML,Carbonated Soft Drinks,355,0.85,False,False
2022-06-23,CSD-ORANGE-500ML,Carbonated Soft Drinks,342,0.85,False,False
2022-06-24,CSD-ORANGE-500ML,Carbonated Soft Drinks,428,0.85,False,False
2022-06-25,CSD-ORANGE-500ML,Carbonated Soft Drinks,713,0.85,True,False
2022-06-26,CSD-ORANGE-500ML,Carbonated Soft Drinks,315,0.85,False,False
2022-06-27,CSD-ORANGE-500ML,Carbonated Soft Drinks,272,0.85,False,False
2022-06-28,CSD-ORANGE-500ML,Carbonated Soft Drinks,335,0.85,False,False
2022-06-29,CSD-ORANGE-500ML,Carbonated Soft Drinks,380,0.85,False,False
2022-06-30,CSD-ORANGE-500ML,Carbonated Soft Drinks,350,0.85,False,False
2022-07-01,CSD-ORANGE-500ML,Carbonated Soft Drinks,429,0.85,False,False
2022-07-02,CSD-ORANGE-500ML,Carbonated Soft Drinks,319,0.85,False,False
2022-07-03,CSD-ORANGE-500ML,Carbonated Soft Drinks,309,0.85,False,False
2022-07-04,CSD-ORANGE-500ML,Carbonated Soft Drinks,315,0.85,False,False
2022-07-05,CSD-ORANGE-500ML,Carbonated Soft Drinks,292,0.85,False,False
2022-07-06,CSD-ORANGE-500ML,Carbonated Soft Drinks,332,0.85,False,False
2022-07-07,CSD-ORANGE-500ML,Carbonated Soft Drinks,459,0.85,False,False
2022-07-08,CSD-ORANGE-500ML,Carbonated Soft Drinks,363,0.85,False,False
2022-07-09,CSD-ORANGE-500ML,Carbonated Soft Drinks,476,0.85,False,False
2022-07-10,CSD-ORANGE-500ML,Carbonated Soft Drinks,241,0.85,False,False
2022-07-11,CSD-ORANGE-500ML,Carbonated Soft Drinks,356,0.85,False,False
2022-07-12,CSD-ORANGE-500ML,Carbonated Soft Drinks,344,0.85,False,False
2022-07-13,CSD-ORANGE-500ML,Carbonated Soft Drinks,335,0.85,False,False
2022-07-14,CSD-ORANGE-500ML,Carbonated Soft Drinks,328,0.85,False,False
2022-07-15,CSD-ORANGE-500ML,Carbonated Soft Drinks,409,0.85,False,False
2022-07-16,CSD-ORANGE-500ML,Carbonated Soft Drinks,399,0.85,False,False
2022-07-17,CSD-ORANGE-500ML,Carbonated Soft Drinks,284,0.85,False,False
2022-07-18,CSD-ORANGE-500ML,Carbonated Soft Drinks,329,0.85,False,False
2022-07-19,CSD-ORANGE-500ML,Carbonated Soft Drinks,282,0.85,False,False
2022-07-20,CSD-ORANGE-500ML,Carbonated Soft Drinks,397,0.85,False,False
2022-07-21,CSD-ORANGE-500ML,Carbonated Soft Drinks,359,0.85,False,False
2022-07-22,CSD-ORANGE-500ML,Carbonated Soft Drinks,458,0.85,False,False
2022-07-23,CSD-ORANGE-500ML,Carbonated Soft Drinks,466,0.85,False,False
2022-07-24,CSD-ORANGE-500ML,Carbonated Soft Drinks,313,0.85,False,False
2022-07-25,CSD-ORANGE-500ML,Carbonated Soft Drinks,295,0.85,False,False
2022-07-26,CSD-ORANGE-500ML,Carbonated Soft Drinks,333,0.85,False,False
2022-07-27,CSD-ORANGE-500ML,Carbonated Soft Drinks,338,0.85,False,False
2022-07-28,CSD-ORANGE-500ML,Carbonated Soft Drinks,463,0.85,False,False
2022-07-29,CSD-ORANGE-500ML,Carbonated Soft Drinks,409,0.85,False,False
2022-07-30,CSD-ORANGE-500ML,Carbonated Soft Drinks,342,0.85,False,False
2022-07-31,CSD-ORANGE-500ML,Carbonated Soft Drinks,318,0.85,False,False
2022-08-01,CSD-ORANGE-500ML,Carbonated Soft Drinks,262,0.85,False,False
2022-08-02,CSD-ORANGE-500ML,Carbonated Soft Drinks,340,0.85,False,False
2022-08-03,CSD-ORANGE-500ML,Carbonated Soft Drinks,369,0.85,False,False
2022-08-04,CSD-ORANGE-500ML,Carbonated Soft Drinks,347,0.85,False,False
2022-08-05,CSD-ORANGE-500ML,Carbonated Soft Drinks,371,0.85,False,False
2022-08-06,CSD-ORANGE-500ML,Carbonated Soft Drinks,386,0.85,False,False
2022-08-07,CSD-ORANGE-500ML,Carbonated Soft Drinks,302,0.85,False,False
2022-08-08,CSD-ORANGE-500ML,Carbonated Soft Drinks,296,0.85,False,False
2022-08-09,CSD-ORANGE-500ML,Carbonated Soft Drinks,237,0.85,False,False
2022-08-10,CSD-ORANGE-500ML,Carbonated Soft Drinks,303,0.85,False,False
2022-08-11,CSD-ORANGE-500ML,Carbonated Soft Drinks,390,0.85,False,False
2022-08-12,CSD-ORANGE-500ML,Carbonated Soft Drinks,402,0.85,False,False
2022-08-13,CSD-ORANGE-500ML,Carbonated Soft Drinks,420,0.85,False,False
2022-08-14,CSD-ORANGE-500ML,Carbonated Soft Drinks,264,0.85,False,False
2022-08-15,CSD-ORANGE-500ML,Carbonated Soft Drinks,319,0.85,False,False
2022-08-16,CSD-ORANGE-500ML,Carbonated Soft Drinks,289,0.85,False,False
2022-08-17,CSD-ORANGE-500ML,Carbonated Soft Drinks,292,0.85,False,False
2022-08-18,CSD-ORANGE-500ML,Carbonated Soft Drinks,440,0.85,False,False
2022-08-19,CSD-ORANGE-500ML,Carbonated Soft Drinks,453,0.85,False,False
2022-08-20,CSD-ORANGE-500ML,Carbonated Soft Drinks,461,0.85,False,False
2022-08-21,CSD-ORANGE-500ML,Carbonated Soft Drinks,326,0.85,False,False
2022-08-22,CSD-ORANGE-500ML,Carbonated Soft Drinks,304,0.85,False,False
2022-08-23,CSD-ORANGE-500ML,Carbonated Soft Drinks,264,0.85,False,False
2022-08-24,CSD-ORANGE-500ML,Carbonated Soft Drinks,383,0.85,False,False
2022-08-25,CSD-ORANGE-500ML,Carbonated Soft Drinks,341,0.85,False,False
2022-08-26,CSD-ORANGE-500ML,Carbonated Soft Drinks,409,0.85,False,False
2022-08-27,CSD-ORANGE-500ML,Carbonated Soft Drinks,445,0.85,False,False
2022-08-28,CSD-ORANGE-500ML,Carbonated Soft Drinks,0,0.85,False,True
2022-08-29,CSD-ORANGE-500ML,Carbonated Soft Drinks,418,0.85,True,False
2022-08-30,CSD-ORANGE-500ML,Carbonated Soft Drinks,308,0.85,False,False
2022-08-31,CSD-ORANGE-500ML,Carbonated Soft Drinks,345,0.85,False,False
2022-09-01,CSD-ORANGE-500ML,Carbonated Soft Drinks,295,0.85,False,False
2022-09-02,CSD-ORANGE-500ML,Carbonated Soft Drinks,321,0.85,False,False
2022-09-03,CSD-ORANGE-500ML,Carbonated Soft Drinks,381,0.85,False,False
2022-09-04,CSD-ORANGE-500ML,Carbonated Soft Drinks,271,0.85,False,False
2022-09-05,CSD-ORANGE-500ML,Carbonated Soft Drinks,333,0.85,False,False
2022-09-06,CSD-ORANGE-500ML,Carbonated Soft Drinks,308,0.85,False,False
2022-09-07,CSD-ORANGE-500ML,Carbonated Soft Drinks,266,0.85,False,False
2022-09-08,CSD-ORANGE-500ML,Carbonated Soft Drinks,339,0.85,False,False
2022-09-09,CSD-ORANGE-500ML,Carbonated Soft Drinks,599,0.85,True,False
2022-09-10,CSD-ORANGE-500ML,Carbonated Soft Drinks,356,0.85,False,False
2022-09-11,CSD-ORANGE-500ML,Carbonated Soft Drinks,325,0.85,False,False
2022-09-12,CSD-ORANGE-500ML,Carbonated Soft Drinks,292,0.85,False,False
2022-09-13,CSD-ORANGE-500ML,Carbonated Soft Drinks,287,0.85,False,False
2022-09-14,CSD-ORANGE-500ML,Carbonated Soft Drinks,308,0.85,False,False
2022-09-15,CSD-ORANGE-500ML,Carbonated Soft Drinks,328,0.85,False,False
2022-09-16,CSD-ORANGE-500ML,Carbonated Soft Drinks,386,0.85,False,False
2022-09-17,CSD-ORANGE-500ML,Carbonated Soft Drinks,383,0.85,False,False
2022-09-18,CSD-ORANGE-500ML,Carbonated Soft Drinks,178,0.85,False,False
2022-09-19,CSD-ORANGE-500ML,Carbonated Soft Drinks,312,0.85,False,False
2022-09-20,CSD-ORANGE-500ML,Carbonated Soft Drinks,286,0.85,False,False
2022-09-21,CSD-ORANGE-500ML,Carbonated Soft Drinks,311,0.85,False,False
2022-09-22,CSD-ORANGE-500ML,Carbonated Soft Drinks,351,0.85,False,False
2022-09-23,CSD-ORANGE-500ML,Carbonated Soft Drinks,397,0.85,False,False
2022-09-24,CSD-ORANGE-500ML,Carbonated Soft Drinks,369,0.85,False,False
2022-09-25,CSD-ORANGE-500ML,Carbonated Soft Drinks,337,0.85,True,False
2022-09-26,CSD-ORANGE-500ML,Carbonated Soft Drinks,272,0.85,False,False
2022-09-27,CSD-ORANGE-500ML,Carbonated Soft Drinks,305,0.85,False,False
2022-09-28,CSD-ORANGE-500ML,Carbonated Soft Drinks,295,0.85,False,False
2022-09-29,CSD-ORANGE-500ML,Carbonated Soft Drinks,368,0.85,False,False
2022-09-30,CSD-ORANGE-500ML,Carbonated Soft Drinks,398,0.85,False,False
2022-10-01,CSD-ORANGE-500ML,Carbonated Soft Drinks,263,0.85,False,False
2022-10-02,CSD-ORANGE-500ML,Carbonated Soft Drinks,211,0.85,False,False
2022-10-03,CSD-ORANGE-500ML,Carbonated Soft Drinks,227,0.85,False,False
2022-10-04,CSD-ORANGE-500ML,Carbonated Soft Drinks,261,0.85,False,False
2022-10-05,CSD-ORANGE-500ML,Carbonated Soft Drinks,331,0.85,False,False
2022-10-06,CSD-ORANGE-500ML,Carbonated Soft Drinks,299,0.85,False,False
2022-10-07,CSD-ORANGE-500ML,Carbonated Soft Drinks,391,0.85,False,False
2022-10-08,CSD-ORANGE-500ML,Carbonated Soft Drinks,356,0.85,False,False
2022-10-09,CSD-ORANGE-500ML,Carbonated Soft Drinks,198,0.85,False,False
2022-10-10,CSD-ORANGE-500ML,Carbonated Soft Drinks,218,0.85,False,False
2022-10-11,CSD-ORANGE-500ML,Carbonated Soft Drinks,226,0.85,False,False
2022-10-12,CSD-ORANGE-500ML,Carbonated Soft Drinks,274,0.85,False,False
2022-10-13,CSD-ORANGE-500ML,Carbonated Soft Drinks,323,0.85,False,False
2022-10-14,CSD-ORANGE-500ML,Carbonated Soft Drinks,287,0.85,False,False
2022-10-15,CSD-ORANGE-500ML,Carbonated Soft Drinks,283,0.85,False,False
2022-10-16,CSD-ORANGE-500ML,Carbonated Soft Drinks,218,0.85,False,False
2022-10-17,CSD-ORANGE-500ML,Carbonated Soft Drinks,223,0.85,False,False
2022-10-18,CSD-ORANGE-500ML,Carbonated Soft Drinks,239,0.85,False,False
2022-10-19,CSD-ORANGE-500ML,Carbonated Soft Drinks,347,0.85,False,False
2022-10-20,CSD-ORANGE-500ML,Carbonated Soft Drinks,338,0.85,False,False
2022-10-21,CSD-ORANGE-500ML,Carbonated Soft Drinks,256,0.85,False,False
2022-10-22,CSD-ORANGE-500ML,Carbonated Soft Drinks,322,0.85,False,False
2022-10-23,CSD-ORANGE-500ML,Carbonated Soft Drinks,211,0.85,False,False
2022-10-24,CSD-ORANGE-500ML,Carbonated Soft Drinks,245,0.85,False,False
2022-10-25,CSD-ORANGE-500ML,Carbonated Soft Drinks,224,0.85,False,False
2022-10-26,CSD-ORANGE-500ML,Carbonated Soft Drinks,220,0.85,False,False
2022-10-27,CSD-ORANGE-500ML,Carbonated Soft Drinks,328,0.85,False,False
2022-10-28,CSD-ORANGE-500ML,Carbonated Soft Drinks,301,0.85,False,False
2022-10-29,CSD-ORANGE-500ML,Carbonated Soft Drinks,349,0.85,False,False
2022-10-30,CSD-ORANGE-500ML,Carbonated Soft Drinks,231,0.85,False,False
2022-10-31,CSD-ORANGE-500ML,Carbonated Soft Drinks,272,0.85,False,False
2022-11-01,CSD-ORANGE-500ML,Carbonated Soft Drinks,177,0.85,False,False
2022-11-02,CSD-ORANGE-500ML,Carbonated Soft Drinks,246,0.85,False,False
2022-11-03,CSD-ORANGE-500ML,Carbonated Soft Drinks,232,0.85,False,False
2022-11-04,CSD-ORANGE-500ML,Carbonated Soft Drinks,305,0.85,False,False
2022-11-05,CSD-ORANGE-500ML,Carbonated Soft Drinks,252,0.85,False,False
2022-11-06,CSD-ORANGE-500ML,Carbonated Soft Drinks,188,0.85,False,False
2022-11-07,CSD-ORANGE-500ML,Carbonated Soft Drinks,219,0.85,False,False
2022-11-08,CSD-ORANGE-500ML,Carbonated Soft Drinks,211,0.85,False,False
2022-11-09,CSD-ORANGE-500ML,Carbonated Soft Drinks,195,0.85,False,False
2022-11-10,CSD-ORANGE-500ML,Carbonated Soft Drinks,215,0.85,False,False
2022-11-11,CSD-ORANGE-500ML,Carbonated Soft Drinks,286,0.85,False,False
2022-11-12,CSD-ORANGE-500ML,Carbonated Soft Drinks,253,0.85,False,False
2022-11-13,CSD-ORANGE-500ML,Carbonated Soft Drinks,181,0.85,False,False
2022-11-14,CSD-ORANGE-500ML,Carbonated Soft Drinks,281,0.85,True,False
2022-11-15,CSD-ORANGE-500ML,Carbonated Soft Drinks,220,0.85,False,False
2022-11-16,CSD-ORANGE-500ML,Carbonated Soft Drinks,195,0.85,False,False
2022-11-17,CSD-ORANGE-500ML,Carbonated Soft Drinks,250,0.85,False,False
2022-11-18,CSD-ORANGE-500ML,Carbonated Soft Drinks,248,0.85,False,False
2022-11-19,CSD-ORANGE-500ML,Carbonated Soft Drinks,283,0.85,False,False
2022-11-20,CSD-ORANGE-500ML,Carbonated Soft Drinks,216,0.85,False,False
2022-11-21,CSD-ORANGE-500ML,Carbonated Soft Drinks,184,0.85,False,False
2022-11-22,CSD-ORANGE-500ML,Carbonated Soft Drinks,143,0.85,False,False
2022-11-23,CSD-ORANGE-500ML,Carbonated Soft Drinks,218,0.85,False,False
2022-11-24,CSD-ORANGE-500ML,Carbonated Soft Drinks,216,0.85,False,False
2022-11-25,CSD-ORANGE-500ML,Carbonated Soft Drinks,258,0.85,False,False
2022-11-26,CSD-ORANGE-500ML,Carbonated Soft Drinks,302,0.85,False,False
2022-11-27,CSD-ORANGE-500ML,Carbonated Soft Drinks,187,0.85,False,False
2022-11-28,CSD-ORANGE-500ML,Carbonated Soft Drinks,201,0.85,False,False
2022-11-29,CSD-ORANGE-500ML,Carbonated Soft Drinks,207,0.85,False,False
2022-11-30,CSD-ORANGE-500ML,Carbonated Soft Drinks,212,0.85,False,False
2022-12-01,CSD-ORANGE-500ML,Carbonated Soft Drinks,240,0.85,False,False
2022-12-02,CSD-ORANGE-500ML,Carbonated Soft Drinks,216,0.85,False,False
2022-12-03,CSD-ORANGE-500ML,Carbonated Soft Drinks,342,0.85,True,False
2022-12-04,CSD-ORANGE-500ML,Carbonated Soft Drinks,146,0.85,False,False
2022-12-05,CSD-ORANGE-500ML,Carbonated Soft Drinks,185,0.85,False,False
2022-12-06,CSD-ORANGE-500ML,Carbonated Soft Drinks,152,0.85,False,False
2022-12-07,CSD-ORANGE-500ML,Carbonated Soft Drinks,218,0.85,False,False
2022-12-08,CSD-ORANGE-500ML,Carbonated Soft Drinks,152,0.85,False,False
2022-12-09,CSD-ORANGE-500ML,Carbonated Soft Drinks,257,0.85,False,False
2022-12-10,CSD-ORANGE-500ML,Carbonated Soft Drinks,229,0.85,False,False
2022-12-11,CSD-ORANGE-500ML,Carbonated Soft Drinks,170,0.85,False,False
2022-12-12,CSD-ORANGE-500ML,Carbonated Soft Drinks,132,0.85,False,False
2022-12-13,CSD-ORANGE-500ML,Carbonated Soft Drinks,133,0.85,False,False
2022-12-14,CSD-ORANGE-500ML,Carbonated Soft Drinks,173,0.85,False,False
2022-12-15,CSD-ORANGE-500ML,Carbonated Soft Drinks,167,0.85,False,False
2022-12-16,CSD-ORANGE-500ML,Carbonated Soft Drinks,355,0.85,True,False
2022-12-17,CSD-ORANGE-500ML,Carbonated Soft Drinks,246,0.85,False,False
2022-12-18,CSD-ORANGE-500ML,Carbonated Soft Drinks,0,0.85,False,True
2022-12-19,CSD-ORANGE-500ML,Carbonated Soft Drinks,151,0.85,False,False
2022-12-20,CSD-ORANGE-500ML,Carbonated Soft Drinks,171,0.85,False,False
2022-12-21,CSD-ORANGE-500ML,Carbonated Soft Drinks,163,0.85,False,False
2022-12-22,CSD-ORANGE-500ML,Carbonated Soft Drinks,193,0.85,False,False
2022-12-23,CSD-ORANGE-500ML,Carbonated Soft Drinks,190,0.85,False,False
2022-12-24,CSD-ORANGE-500ML,Carbonated Soft Drinks,243,0.85,False,False
2022-12-25,CSD-ORANGE-500ML,Carbonated Soft Drinks,153,0.85,False,False
2022-12-26,CSD-ORANGE-500ML,Carbonated Soft Drinks,132,0.85,False,False
2022-12-27,CSD-ORANGE-500ML,Carbonated Soft Drinks,169,0.85,False,False
2022-12-28,CSD-ORANGE-500ML,Carbonated Soft Drinks,168,0.85,False,False
2022-12-29,CSD-ORANGE-500ML,Carbonated Soft Drinks,189,0.85,False,False
2022-12-30,CSD-ORANGE-500ML,Carbonated Soft Drinks,209,0.85,False,False
2022-12-31,CSD-ORANGE-500ML,Carbonated Soft Drinks,412,0.85,True,False
2023-01-01,CSD-ORANGE-500ML,Carbonated Soft Drinks,158,0.85,False,False
2023-01-02,CSD-ORANGE-500ML,Carbonated Soft Drinks,189,0.85,False,False
2023-01-03,CSD-ORANGE-500ML,Carbonated Soft Drinks,102,0.85,False,False
2023-01-04,CSD-ORANGE-500ML,Carbonated Soft Drinks,129,0.85,False,False
2023-01-05,CSD-ORANGE-500ML,Carbonated Soft Drinks,162,0.85,False,False
2023-01-06,CSD-ORANGE-500ML,Carbonated Soft Drinks,197,0.85,False,False
2023-01-07,CSD-ORANGE-500ML,Carbonated Soft Drinks,216,0.85,False,False
2023-01-08,CSD-ORANGE-500ML,Carbonated Soft Drinks,144,0.85,False,False
2023-01-09,CSD-ORANGE-500ML,Carbonated Soft Drinks,163,0.85,False,False
2023-01-10,CSD-ORANGE-500ML,Carbonated Soft Drinks,196,0.85,False,False
2023-01-11,CSD-ORANGE-500ML,Carbonated Soft Drinks,162,0.85,False,False
2023-01-12,CSD-ORANGE-500ML,Carbonated Soft Drinks,190,0.85,False,False
2023-01-13,CSD-ORANGE-500ML,Carbonated Soft Drinks,202,0.85,False,False
2023-01-14,CSD-ORANGE-500ML,Carbonated Soft Drinks,232,0.85,False,False
2023-01-15,CSD-ORANGE-500ML,Carbonated Soft Drinks,158,0.85,False,False
2023-01-16,CSD-ORANGE-500ML,Carbonated Soft Drinks,160,0.85,False,False
2023-01-17,CSD-ORANGE-500ML,Carbonated Soft Drinks,135,0.85,False,False
2023-01-18,CSD-ORANGE-500ML,Carbonated Soft Drinks,157,0.85,False,False
2023-01-19,CSD-ORANGE-500ML,Carbonated Soft Drinks,182,0.85,False,False
2023-01-20,CSD-ORANGE-500ML,Carbonated Soft Drinks,232,0.85,False,False
2023-01-21,CSD-ORANGE-500ML,Carbonated Soft Drinks,234,0.85,False,False
2023-01-22,CSD-ORANGE-500ML,Carbonated Soft Drinks,174,0.85,False,False
2023-01-23,CSD-ORANGE-500ML,Carbonated Soft Drinks,186,0.85,False,False
2023-01-24,CSD-ORANGE-500ML,Carbonated Soft Drinks,180,0.85,False,False
2023-01-25,CSD-ORANGE-500ML,Carbonated Soft Drinks,169,0.85,False,False
2023-01-26,CSD-ORANGE-500ML,Carbonated Soft Drinks,171,0.85,False,False
2023-01-27,CSD-ORANGE-500ML,Carbonated Soft Drinks,239,0.85,False,False
2023-01-28,CSD-ORANGE-500ML,Carbonated Soft Drinks,229,0.85,False,False
2023-01-29,CSD-ORANGE-500ML,Carbonated Soft Drinks,164,0.85,False,False
2023-01-30,CSD-ORANGE-500ML,Carbonated Soft Drinks,156,0.85,False,False
2023-01-31,CSD-ORANGE-500ML,Carbonated Soft Drinks,132,0.85,False,False
2023-02-01,CSD-ORANGE-500ML,Carbonated Soft Drinks,148,0.85,False,False
2023-02-02,CSD-ORANGE-500ML,Carbonated Soft Drinks,184,0.85,False,False
2023-02-03,CSD-ORANGE-500ML,Carbonated Soft Drinks,196,0.85,False,False
2023-02-04,CSD-ORANGE-500ML,Carbonated Soft Drinks,229,0.85,False,False
2023-02-05,CSD-ORANGE-500ML,Carbonated Soft Drinks,170,0.85,False,False
2023-02-06,CSD-ORANGE-500ML,Carbonated Soft Drinks,167,0.85,False,False
2023-02-07,CSD-ORANGE-500ML,Carbonated Soft Drinks,173,0.85,False,False
2023-02-08,CSD-ORANGE-500ML,Carbonated Soft Drinks,248,0.85,True,False
2023-02-09,CSD-ORANGE-500ML,Carbonated Soft Drinks,232,0.85,False,False
2023-02-10,CSD-ORANGE-500ML,Carbonated Soft Drinks,193,0.85,False,False
2023-02-11,CSD-ORANGE-500ML,Carbonated Soft Drinks,251,0.85,False,False
2023-02-12,CSD-ORANGE-500ML,Carbonated Soft Drinks,166,0.85,False,False
2023-02-13,CSD-ORANGE-500ML,Carbonated Soft Drinks,162,0.85,False,False
2023-02-14,CSD-ORANGE-500ML,Carbonated Soft Drinks,162,0.85,False,False
2023-02-15,CSD-ORANGE-500ML,Carbonated Soft Drinks,173,0.85,False,False
2023-02-16,CSD-ORANGE-500ML,Carbonated Soft Drinks,232,0.85,False,False
2023-02-17,CSD-ORANGE-500ML,Carbonated Soft Drinks,255,0.85,False,False
2023-02-18,CSD-ORANGE-500ML,Carbonated Soft Drinks,220,0.85,False,False
2023-02-19,CSD-ORANGE-500ML,Carbonated Soft Drinks,167,0.85,False,False
2023-02-20,CSD-ORANGE-500ML,Carbonated Soft Drinks,172,0.85,False,False
2023-02-21,CSD-ORANGE-500ML,Carbonated Soft Drinks,184,0.85,False,False
2023-02-22,CSD-ORANGE-500ML,Carbonated Soft Drinks,166,0.85,False,False
2023-02-23,CSD-ORANGE-500ML,Carbonated Soft Drinks,273,0.85,False,False
2023-02-24,CSD-ORANGE-500ML,Carbonated Soft Drinks,196,0.85,False,False
2023-02-25,CSD-ORANGE-500ML,Carbonated Soft Drinks,207,0.85,False,False
2023-02-26,CSD-ORANGE-500ML,Carbonated Soft Drinks,132,0.85,False,False
2023-02-27,CSD-ORANGE-500ML,Carbonated Soft Drinks,197,0.85,False,False
2023-02-28,CSD-ORANGE-500ML,Carbonated Soft Drinks,158,0.85,False,False
2023-03-01,CSD-ORANGE-500ML,Carbonated Soft Drinks,235,0.85,False,False
2023-03-02,CSD-ORANGE-500ML,Carbonated Soft Drinks,254,0.85,False,False
2023-03-03,CSD-ORANGE-500ML,Carbonated Soft Drinks,265,0.85,False,False
2023-03-04,CSD-ORANGE-500ML,Carbonated Soft Drinks,274,0.85,False,False
2023-03-05,CSD-ORANGE-500ML,Carbonated Soft Drinks,196,0.85,False,False
2023-03-06,CSD-ORANGE-500ML,Carbonated Soft Drinks,201,0.85,False,False
2023-03-07,CSD-ORANGE-500ML,Carbonated Soft Drinks,245,0.85,False,False
2023-03-08,CSD-ORANGE-500ML,Carbonated Soft Drinks,212,0.85,False,False
2023-03-09,CSD-ORANGE-500ML,Carbonated Soft Drinks,416,0.85,True,False
2023-03-10,CSD-ORANGE-500ML,Carbonated Soft Drinks,247,0.85,False,False
2023-03-11,CSD-ORANGE-500ML,Carbonated Soft Drinks,255,0.85,False,False
2023-03-12,CSD-ORANGE-500ML,Carbonated Soft Drinks,233,0.85,False,False
2023-03-13,CSD-ORANGE-500ML,Carbonated Soft Drinks,253,0.85,False,False
2023-03-14,CSD-ORANGE-500ML,Carbonated Soft Drinks,326,0.85,True,False
2023-03-15,CSD-ORANGE-500ML,Carbonated Soft Drinks,196,0.85,False,False
2023-03-16,CSD-ORANGE-500ML,Carbonated Soft Drinks,300,0.85,False,False
2023-03-17,CSD-ORANGE-500ML,Carbonated Soft Drinks,259,0.85,False,False
2023-03-18,CSD-ORANGE-500ML,Carbonated Soft Drinks,323,0.85,False,False
2023-03-19,CSD-ORANGE-500ML,Carbonated Soft Drinks,183,0.85,False,False
2023-03-20,CSD-ORANGE-500ML,Carbonated Soft Drinks,249,0.85,False,False
2023-03-21,CSD-ORANGE-500ML,Carbonated Soft Drinks,184,0.85,False,False
2023-03-22,CSD-ORANGE-500ML,Carbonated Soft Drinks,202,0.85,False,False
2023-03-23,CSD-ORANGE-500ML,Carbonated Soft Drinks,250,0.85,False,False
2023-03-24,CSD-ORANGE-500ML,Carbonated Soft Drinks,267,0.85,False,False
2023-03-25,CSD-ORANGE-500ML,Carbonated Soft Drinks,318,0.85,False,False
2023-03-26,CSD-ORANGE-500ML,Carbonated Soft Drinks,196,0.85,False,False
2023-03-27,CSD-ORANGE-500ML,Carbonated Soft Drinks,151,0.85,False,False
2023-03-28,CSD-ORANGE-500ML,Carbonated Soft Drinks,212,0.85,False,False
2023-03-29,CSD-ORANGE-500ML,Carbonated Soft Drinks,189,0.85,False,False
2023-03-30,CSD-ORANGE-500ML,Carbonated Soft Drinks,204,0.85,False,False
2023-03-31,CSD-ORANGE-500ML,Carbonated Soft Drinks,253,0.85,False,False
2023-04-01,CSD-ORANGE-500ML,Carbonated Soft Drinks,338,0.85,False,False
2023-04-02,CSD-ORANGE-500ML,Carbonated Soft Drinks,226,0.85,False,False
2023-04-03,CSD-ORANGE-500ML,Carbonated Soft Drinks,284,0.85,False,False
2023-04-04,CSD-ORANGE-500ML,Carbonated Soft Drinks,383,0.85,True,False
2023-04-05,CSD-ORANGE-500ML,Carbonated Soft Drinks,266,0.85,False,False
2023-04-06,CSD-ORANGE-500ML,Carbonated Soft Drinks,331,0.85,False,False
2023-04-07,CSD-ORANGE-500ML,Carbonated Soft Drinks,411,0.85,False,False
2023-04-08,CSD-ORANGE-500ML,Carbonated Soft Drinks,305,0.85,False,False
2023-04-09,CSD-ORANGE-500ML,Carbonated Soft Drinks,247,0.85,False,False
2023-04-10,CSD-ORANGE-500ML,Carbonated Soft Drinks,330,0.85,False,False
2023-04-11,CSD-ORANGE-500ML,Carbonated Soft Drinks,216,0.85,False,False
2023-04-12,CSD-ORANGE-500ML,Carbonated Soft Drinks,326,0.85,False,False
2023-04-13,CSD-ORANGE-500ML,Carbonated Soft Drinks,283,0.85,False,False
2023-04-14,CSD-ORANGE-500ML,Carbonated Soft Drinks,301,0.85,False,False
2023-04-15,CSD-ORANGE-500ML,Carbonated Soft Drinks,361,0.85,False,False
2023-04-16,CSD-ORANGE-500ML,Carbonated Soft Drinks,212,0.85,False,False
2023-04-17,CSD-ORANGE-500ML,Carbonated Soft Drinks,204,0.85,False,False
2023-04-18,CSD-ORANGE-500ML,Carbonated Soft Drinks,257,0.85,False,False
2023-04-19,CSD-ORANGE-500ML,Carbonated Soft Drinks,289,0.85,False,False
2023-04-20,CSD-ORANGE-500ML,Carbonated Soft Drinks,285,0.85,False,False
2023-04-21,CSD-ORANGE-500ML,Carbonated Soft Drinks,381,0.85,False,False
2023-04-22,CSD-ORANGE-500ML,Carbonated Soft Drinks,324,0.85,False,False
2023-04-23,CSD-ORANGE-500ML,Carbonated Soft Drinks,239,0.85,False,False
2023-04-24,CSD-ORANGE-500ML,Carbonated Soft Drinks,272,0.85,False,False
2023-04-25,CSD-ORANGE-500ML,Carbonated Soft Drinks,209,0.85,False,False
2023-04-26,CSD-ORANGE-500ML,Carbonated Soft Drinks,268,0.85,False,False
2023-04-27,CSD-ORANGE-500ML,Carbonated Soft Drinks,335,0.85,False,False
2023-04-28,CSD-ORANGE-500ML,Carbonated Soft Drinks,313,0.85,False,False
2023-04-29,CSD-ORANGE-500ML,Carbonated Soft Drinks,401,0.85,False,False
2023-04-30,CSD-ORANGE-500ML,Carbonated Soft Drinks,241,0.85,False,False
2023-05-01,CSD-ORANGE-500ML,Carbonated Soft Drinks,304,0.85,False,False
2023-05-02,CSD-ORANGE-500ML,Carbonated Soft Drinks,307,0.85,False,False
2023-05-03,CSD-ORANGE-500ML,Carbonated Soft Drinks,400,0.85,False,False
2023-05-04,CSD-ORANGE-500ML,Carbonated Soft Drinks,370,0.85,False,False
2023-05-05,CSD-ORANGE-500ML,Carbonated Soft Drinks,374,0.85,False,False
2023-05-06,CSD-ORANGE-500ML,Carbonated Soft Drinks,417,0.85,False,False
2023-05-07,CSD-ORANGE-500ML,Carbonated Soft Drinks,274,0.85,False,False
2023-05-08,CSD-ORANGE-500ML,Carbonated Soft Drinks,301,0.85,False,False
2023-05-09,CSD-ORANGE-500ML,Carbonated Soft Drinks,331,0.85,False,False
2023-05-10,CSD-ORANGE-500ML,Carbonated Soft Drinks,290,0.85,False,False
2023-05-11,CSD-ORANGE-500ML,Carbonated Soft Drinks,374,0.85,False,False
2023-05-12,CSD-ORANGE-500ML,Carbonated Soft Drinks,381,0.85,False,False
2023-05-13,CSD-ORANGE-500ML,Carbonated Soft Drinks,337,0.85,False,False
2023-05-14,CSD-ORANGE-500ML,Carbonated Soft Drinks,296,0.85,False,False
2023-05-15,CSD-ORANGE-500ML,Carbonated Soft Drinks,309,0.85,False,False
2023-05-16,CSD-ORANGE-500ML,Carbonated Soft Drinks,307,0.85,False,False
2023-05-17,CSD-ORANGE-500ML,Carbonated Soft Drinks,308,0.85,False,False
2023-05-18,CSD-ORANGE-500ML,Carbonated Soft Drinks,404,0.85,False,False
2023-05-19,CSD-ORANGE-500ML,Carbonated Soft Drinks,367,0.85,False,False
2023-05-20,CSD-ORANGE-500ML,Carbonated Soft Drinks,437,0.85,False,False
2023-05-21,CSD-ORANGE-500ML,Carbonated Soft Drinks,297,0.85,False,False
2023-05-22,CSD-ORANGE-500ML,Carbonated Soft Drinks,329,0.85,False,False
2023-05-23,CSD-ORANGE-500ML,Carbonated Soft Drinks,272,0.85,False,False
2023-05-24,CSD-ORANGE-500ML,Carbonated Soft Drinks,328,0.85,False,False
2023-05-25,CSD-ORANGE-500ML,Carbonated Soft Drinks,586,0.85,True,False
2023-05-26,CSD-ORANGE-500ML,Carbonated Soft Drinks,349,0.85,False,False
2023-05-27,CSD-ORANGE-500ML,Carbonated Soft Drinks,433,0.85,False,False
2023-05-28,CSD-ORANGE-500ML,Carbonated Soft Drinks,313,0.85,False,False
2023-05-29,CSD-ORANGE-500ML,Carbonated Soft Drinks,408,0.85,True,False
2023-05-30,CSD-ORANGE-500ML,Carbonated Soft Drinks,252,0.85,False,False
2023-05-31,CSD-ORANGE-500ML,Carbonated Soft Drinks,354,0.85,False,False
2023-06-01,CSD-ORANGE-500ML,Carbonated Soft Drinks,453,0.85,False,False
2023-06-02,CSD-ORANGE-500ML,Carbonated Soft Drinks,457,0.85,False,False
2023-06-03,CSD-ORANGE-500ML,Carbonated Soft Drinks,455,0.85,False,False
2023-06-04,CSD-ORANGE-500ML,Carbonated Soft Drinks,301,0.85,False,False
2023-06-05,CSD-ORANGE-500ML,Carbonated Soft Drinks,290,0.85,False,False
2023-06-06,CSD-ORANGE-500ML,Carbonated Soft Drinks,360,0.85,False,False
2023-06-07,CSD-ORANGE-500ML,Carbonated Soft Drinks,301,0.85,False,False
2023-06-08,CSD-ORANGE-500ML,Carbonated Soft Drinks,354,0.85,False,False
2023-06-09,CSD-ORANGE-500ML,Carbonated Soft Drinks,473,0.85,False,False
2023-06-10,CSD-ORANGE-500ML,Carbonated Soft Drinks,464,0.85,False,False
2023-06-11,CSD-ORANGE-500ML,Carbonated Soft Drinks,343,0.85,False,False
2023-06-12,CSD-ORANGE-500ML,Carbonated Soft Drinks,309,0.85,False,False
2023-06-13,CSD-ORANGE-500ML,Carbonated Soft Drinks,275,0.85,False,False
2023-06-14,CSD-ORANGE-500ML,Carbonated Soft Drinks,383,0.85,False,False
2023-06-15,CSD-ORANGE-500ML,Carbonated Soft Drinks,367,0.85,False,False
2023-06-16,CSD-ORANGE-500ML,Carbonated Soft Drinks,458,0.85,False,False
2023-06-17,CSD-ORANGE-500ML,Carbonated Soft Drinks,491,0.85,False,False
2023-06-18,CSD-ORANGE-500ML,Carbonated Soft Drinks,266,0.85,False,False
2023-06-19,CSD-ORANGE-500ML,Carbonated Soft Drinks,316,0.85,False,False
2023-06-20,CSD-ORANGE-500ML,Carbonated Soft Drinks,285,0.85,False,False
2023-06-21,CSD-ORANGE-500ML,Carbonated Soft Drinks,335,0.85,False,False
2023-06-22,CSD-ORANGE-500ML,Carbonated Soft Drinks,0,0.85,False,True
2023-06-23,CSD-ORANGE-500ML,Carbonated Soft Drinks,385,0.85,False,False
2023-06-24,CSD-ORANGE-500ML,Carbonated Soft Drinks,362,0.85,False,False
2023-06-25,CSD-ORANGE-500ML,Carbonated Soft Drinks,286,0.85,False,False
2023-06-26,CSD-ORANGE-500ML,Carbonated Soft Drinks,305,0.85,False,False
2023-06-27,CSD-ORANGE-500ML,Carbonated Soft Drinks,301,0.85,False,False
2023-06-28,CSD-ORANGE-500ML,Carbonated Soft Drinks,279,0.85,False,False
2023-06-29,CSD-ORANGE-500ML,Carbonated Soft Drinks,424,0.85,False,False
2023-06-30,CSD-ORANGE-500ML,Carbonated Soft Drinks,443,0.85,False,False
2023-07-01,CSD-ORANGE-500ML,Carbonated Soft Drinks,361,0.85,False,False
2023-07-02,CSD-ORANGE-500ML,Carbonated Soft Drinks,338,0.85,False,False
2023-07-03,CSD-ORANGE-500ML,Carbonated Soft Drinks,362,0.85,False,False
2023-07-04,CSD-ORANGE-500ML,Carbonated Soft Drinks,387,0.85,False,False
2023-07-05,CSD-ORANGE-500ML,Carbonated Soft Drinks,373,0.85,False,False
2023-07-06,CSD-ORANGE-500ML,Carbonated Soft Drinks,423,0.85,False,False
2023-07-07,CSD-ORANGE-500ML,Carbonated Soft Drinks,434,0.85,False,False
2023-07-08,CSD-ORANGE-500ML,Carbonated Soft Drinks,758,0.85,True,False
2023-07-09,CSD-ORANGE-500ML,Carbonated Soft Drinks,254,0.85,False,False
2023-07-10,CSD-ORANGE-500ML,Carbonated Soft Drinks,378,0.85,False,False
2023-07-11,CSD-ORANGE-500ML,Carbonated Soft Drinks,314,0.85,False,False
2023-07-12,CSD-ORANGE-500ML,Carbonated Soft Drinks,413,0.85,False,False
2023-07-13,CSD-ORANGE-500ML,Carbonated Soft Drinks,372,0.85,False,False
2023-07-14,CSD-ORANGE-500ML,Carbonated Soft Drinks,454,0.85,False,False
2023-07-15,CSD-ORANGE-500ML,Carbonated Soft Drinks,470,0.85,False,False
2023-07-16,CSD-ORANGE-500ML,Carbonated Soft Drinks,330,0.85,False,False
2023-07-17,CSD-ORANGE-500ML,Carbonated Soft Drinks,332,0.85,False,False
2023-07-18,CSD-ORANGE-500ML,Carbonated Soft Drinks,271,0.85,False,False
2023-07-19,CSD-ORANGE-500ML,Carbonated Soft Drinks,362,0.85,False,False
2023-07-20,CSD-ORANGE-500ML,Carbonated Soft Drinks,424,0.85,False,False
2023-07-21,CSD-ORANGE-500ML,Carbonated Soft Drinks,517,0.85,False,False
2023-07-22,CSD-ORANGE-500ML,Carbonated Soft Drinks,452,0.85,False,False
2023-07-23,CSD-ORANGE-500ML,Carbonated Soft Drinks,309,0.85,False,False
2023-07-24,CSD-ORANGE-500ML,Carbonated Soft Drinks,314,0.85,False,False
2023-07-25,CSD-ORANGE-500ML,Carbonated Soft Drinks,340,0.85,False,False
2023-07-26,CSD-ORANGE-500ML,Carbonated Soft Drinks,366,0.85,False,False
2023-07-27,CSD-ORANGE-500ML,Carbonated Soft Drinks,418,0.85,False,False
2023-07-28,CSD-ORANGE-500ML,Carbonated Soft Drinks,488,0.85,False,False
2023-07-29,CSD-ORANGE-500ML,Carbonated Soft Drinks,524,0.85,False,False
2023-07-30,CSD-ORANGE-500ML,Carbonated Soft Drinks,296,0.85,False,False
2023-07-31,CSD-ORANGE-500ML,Carbonated Soft Drinks,363,0.85,False,False
2023-08-01,CSD-ORANGE-500ML,Carbonated Soft Drinks,358,0.85,False,False
2023-08-02,CSD-ORANGE-500ML,Carbonated Soft Drinks,364,0.85,False,False
2023-08-03,CSD-ORANGE-500ML,Carbonated Soft Drinks,424,0.85,False,False
2023-08-04,CSD-ORANGE-500ML,Carbonated Soft Drinks,447,0.85,False,False
2023-08-05,CSD-ORANGE-500ML,Carbonated Soft Drinks,531,0.85,False,False
2023-08-06,CSD-ORANGE-500ML,Carbonated Soft Drinks,342,0.85,False,False
2023-08-07,CSD-ORANGE-500ML,Carbonated Soft Drinks,398,0.85,False,False
2023-08-08,CSD-ORANGE-500ML,Carbonated Soft Drinks,260,0.85,False,False
2023-08-09,CSD-ORANGE-500ML,Carbonated Soft Drinks,279,0.85,False,False
2023-08-10,CSD-ORANGE-500ML,Carbonated Soft Drinks,427,0.85,False,False
2023-08-11,CSD-ORANGE-500ML,Carbonated Soft Drinks,389,0.85,False,False
2023-08-12,CSD-ORANGE-500ML,Carbonated Soft Drinks,408,0.85,False,False
2023-08-13,CSD-ORANGE-500ML,Carbonated Soft Drinks,273,0.85,False,False
2023-08-14,CSD-ORANGE-500ML,Carbonated Soft Drinks,295,0.85,False,False
2023-08-15,CSD-ORANGE-500ML,Carbonated Soft Drinks,324,0.85,False,False
2023-08-16,CSD-ORANGE-500ML,Carbonated Soft Drinks,374,0.85,False,False
2023-08-17,CSD-ORANGE-500ML,Carbonated Soft Drinks,418,0.85,False,False
2023-08-18,CSD-ORANGE-500ML,Carbonated Soft Drinks,0,0.85,False,True
2023-08-19,CSD-ORANGE-500ML,Carbonated Soft Drinks,491,0.85,False,False
2023-08-20,CSD-ORANGE-500ML,Carbonated Soft Drinks,318,0.85,False,False
2023-08-21,CSD-ORANGE-500ML,Carbonated Soft Drinks,331,0.85,False,False
2023-08-22,CSD-ORANGE-500ML,Carbonated Soft Drinks,323,0.85,False,False
2023-08-23,CSD-ORANGE-500ML,Carbonated Soft Drinks,409,0.85,False,False
2023-08-24,CSD-ORANGE-500ML,Carbonated Soft Drinks,379,0.85,False,False
2023-08-25,CSD-ORANGE-500ML,Carbonated Soft Drinks,468,0.85,False,False
2023-08-26,CSD-ORANGE-500ML,Carbonated Soft Drinks,521,0.85,False,False
2023-08-27,CSD-ORANGE-500ML,Carbonated Soft Drinks,346,0.85,False,False
2023-08-28,CSD-ORANGE-500ML,Carbonated Soft Drinks,345,0.85,False,False
2023-08-29,CSD-ORANGE-500ML,Carbonated Soft Drinks,274,0.85,False,False
2023-08-30,CSD-ORANGE-500ML,Carbonated Soft Drinks,366,0.85,False,False
2023-08-31,CSD-ORANGE-500ML,Carbonated Soft Drinks,414,0.85,False,False
2023-09-01,CSD-ORANGE-500ML,Carbonated Soft Drinks,444,0.85,False,False
2023-09-02,CSD-ORANGE-500ML,Carbonated Soft Drinks,311,0.85,False,False
2023-09-03,CSD-ORANGE-500ML,Carbonated Soft Drinks,289,0.85,False,False
2023-09-04,CSD-ORANGE-500ML,Carbonated Soft Drinks,311,0.85,False,False
2023-09-05,CSD-ORANGE-500ML,Carbonated Soft Drinks,0,0.85,False,True
2023-09-06,CSD-ORANGE-500ML,Carbonated Soft Drinks,295,0.85,False,False
2023-09-07,CSD-ORANGE-500ML,Carbonated Soft Drinks,270,0.85,False,False
2023-09-08,CSD-ORANGE-500ML,Carbonated Soft Drinks,386,0.85,False,False
2023-09-09,CSD-ORANGE-500ML,Carbonated Soft Drinks,397,0.85,False,False
2023-09-10,CSD-ORANGE-500ML,Carbonated Soft Drinks,296,0.85,False,False
2023-09-11,CSD-ORANGE-500ML,Carbonated Soft Drinks,309,0.85,False,False
2023-09-12,CSD-ORANGE-500ML,Carbonated Soft Drinks,365,0.85,False,False
2023-09-13,CSD-ORANGE-500ML,Carbonated Soft Drinks,286,0.85,False,False
2023-09-14,CSD-ORANGE-500ML,Carbonated Soft Drinks,379,0.85,False,False
2023-09-15,CSD-ORANGE-500ML,Carbonated Soft Drinks,340,0.85,False,False
2023-09-16,CSD-ORANGE-500ML,Carbonated Soft Drinks,444,0.85,False,False
2023-09-17,CSD-ORANGE-500ML,Carbonated Soft Drinks,290,0.85,False,False
2023-09-18,CSD-ORANGE-500ML,Carbonated Soft Drinks,293,0.85,False,False
2023-09-19,CSD-ORANGE-500ML,Carbonated Soft Drinks,287,0.85,False,False
2023-09-20,CSD-ORANGE-500ML,Carbonated Soft Drinks,318,0.85,False,False
2023-09-21,CSD-ORANGE-500ML,Carbonated Soft Drinks,323,0.85,False,False
2023-09-22,CSD-ORANGE-500ML,Carbonated Soft Drinks,448,0.85,False,False
2023-09-23,CSD-ORANGE-500ML,Carbonated Soft Drinks,398,0.85,False,False
2023-09-24,CSD-ORANGE-500ML,Carbonated Soft Drinks,274,0.85,False,False
2023-09-25,CSD-ORANGE-500ML,Carbonated Soft Drinks,368,0.85,False,False
2023-09-26,CSD-ORANGE-500ML,Carbonated Soft Drinks,316,0.85,False,False
2023-09-27,CSD-ORANGE-500ML,Carbonated Soft Drinks,346,0.85,False,False
2023-09-28,CSD-ORANGE-500ML,Carbonated Soft Drinks,301,0.85,False,False
2023-09-29,CSD-ORANGE-500ML,Carbonated Soft Drinks,388,0.85,False,False
2023-09-30,CSD-ORANGE-500ML,Carbonated Soft Drinks,413,0.85,False,False
2023-10-01,CSD-ORANGE-500ML,Carbonated Soft Drinks,223,0.85,False,False
2023-10-02,CSD-ORANGE-500ML,Carbonated Soft Drinks,254,0.85,False,False
2023-10-03,CSD-ORANGE-500ML,Carbonated Soft Drinks,235,0.85,False,False
2023-10-04,CSD-ORANGE-500ML,Carbonated Soft Drinks,268,0.85,False,False
2023-10-05,CSD-ORANGE-500ML,Carbonated Soft Drinks,323,0.85,False,False
2023-10-06,CSD-ORANGE-500ML,Carbonated Soft Drinks,329,0.85,False,False
2023-10-07,CSD-ORANGE-500ML,Carbonated Soft Drinks,307,0.85,False,False
2023-10-08,CSD-ORANGE-500ML,Carbonated Soft Drinks,244,0.85,False,False
2023-10-09,CSD-ORANGE-500ML,Carbonated Soft Drinks,251,0.85,False,False
2023-10-10,CSD-ORANGE-500ML,Carbonated Soft Drinks,247,0.85,False,False
2023-10-11,CSD-ORANGE-500ML,Carbonated Soft Drinks,300,0.85,False,False
2023-10-12,CSD-ORANGE-500ML,Carbonated Soft Drinks,305,0.85,False,False
2023-10-13,CSD-ORANGE-500ML,Carbonated Soft Drinks,369,0.85,False,False
2023-10-14,CSD-ORANGE-500ML,Carbonated Soft Drinks,304,0.85,False,False
2023-10-15,CSD-ORANGE-500ML,Carbonated Soft Drinks,286,0.85,False,False
2023-10-16,CSD-ORANGE-500ML,Carbonated Soft Drinks,285,0.85,False,False
2023-10-17,CSD-ORANGE-500ML,Carbonated Soft Drinks,225,0.85,False,False
2023-10-18,CSD-ORANGE-500ML,Carbonated Soft Drinks,240,0.85,False,False
2023-10-19,CSD-ORANGE-500ML,Carbonated Soft Drinks,346,0.85,False,False
2023-10-20,CSD-ORANGE-500ML,Carbonated Soft Drinks,387,0.85,False,False
2023-10-21,CSD-ORANGE-500ML,Carbonated Soft Drinks,349,0.85,False,False
2023-10-22,CSD-ORANGE-500ML,Carbonated Soft Drinks,249,0.85,False,False
2023-10-23,CSD-ORANGE-500ML,Carbonated Soft Drinks,299,0.85,False,False
2023-10-24,CSD-ORANGE-500ML,Carbonated Soft Drinks,329,0.85,False,False
2023-10-25,CSD-ORANGE-500ML,Carbonated Soft Drinks,292,0.85,False,False
2023-10-26,CSD-ORANGE-500ML,Carbonated Soft Drinks,333,0.85,False,False
2023-10-27,CSD-ORANGE-500ML,Carbonated Soft Drinks,387,0.85,False,False
2023-10-28,CSD-ORANGE-500ML,Carbonated Soft Drinks,349,0.85,False,False
2023-10-29,CSD-ORANGE-500ML,Carbonated Soft Drinks,224,0.85,False,False
2023-10-30,CSD-ORANGE-500ML,Carbonated Soft Drinks,258,0.85,False,False
2023-10-31,CSD-ORANGE-500ML,Carbonated Soft Drinks,271,0.85,False,False
2023-11-01,CSD-ORANGE-500ML,Carbonated Soft Drinks,218,0.85,False,False
2023-11-02,CSD-ORANGE-500ML,Carbonated Soft Drinks,287,0.85,False,False
2023-11-03,CSD-ORANGE-500ML,Carbonated Soft Drinks,272,0.85,False,False
2023-11-04,CSD-ORANGE-500ML,Carbonated Soft Drinks,353,0.85,False,False
2023-11-05,CSD-ORANGE-500ML,Carbonated Soft Drinks,171,0.85,False,False
2023-11-06,CSD-ORANGE-500ML,Carbonated Soft Drinks,197,0.85,False,False
2023-11-07,CSD-ORANGE-500ML,Carbonated Soft Drinks,235,0.85,False,False
2023-11-08,CSD-ORANGE-500ML,Carbonated Soft Drinks,220,0.85,False,False
2023-11-09,CSD-ORANGE-500ML,Carbonated Soft Drinks,216,0.85,False,False
2023-11-10,CSD-ORANGE-500ML,Carbonated Soft Drinks,268,0.85,False,False
2023-11-11,CSD-ORANGE-500ML,Carbonated Soft Drinks,303,0.85,False,False
2023-11-12,CSD-ORANGE-500ML,Carbonated Soft Drinks,178,0.85,False,False
2023-11-13,CSD-ORANGE-500ML,Carbonated Soft Drinks,240,0.85,False,False
2023-11-14,CSD-ORANGE-500ML,Carbonated Soft Drinks,218,0.85,False,False
2023-11-15,CSD-ORANGE-500ML,Carbonated Soft Drinks,241,0.85,False,False
2023-11-16,CSD-ORANGE-500ML,Carbonated Soft Drinks,347,0.85,True,False
2023-11-17,CSD-ORANGE-500ML,Carbonated Soft Drinks,250,0.85,False,False
2023-11-18,CSD-ORANGE-500ML,Carbonated Soft Drinks,288,0.85,False,False
2023-11-19,CSD-ORANGE-500ML,Carbonated Soft Drinks,238,0.85,False,False
2023-11-20,CSD-ORANGE-500ML,Carbonated Soft Drinks,213,0.85,False,False
2023-11-21,CSD-ORANGE-500ML,Carbonated Soft Drinks,229,0.85,False,False
2023-11-22,CSD-ORANGE-500ML,Carbonated Soft Drinks,171,0.85,False,False
2023-11-23,CSD-ORANGE-500ML,Carbonated Soft Drinks,255,0.85,False,False
2023-11-24,CSD-ORANGE-500ML,Carbonated Soft Drinks,303,0.85,False,False
2023-11-25,CSD-ORANGE-500ML,Carbonated Soft Drinks,283,0.85,False,False
2023-11-26,CSD-ORANGE-500ML,Carbonated Soft Drinks,205,0.85,False,False
2023-11-27,CSD-ORANGE-500ML,Carbonated Soft Drinks,182,0.85,False,False
2023-11-28,CSD-ORANGE-500ML,Carbonated Soft Drinks,247,0.85,False,False
2023-11-29,CSD-ORANGE-500ML,Carbonated Soft Drinks,245,0.85,False,False
2023-11-30,CSD-ORANGE-500ML,Carbonated Soft Drinks,284,0.85,False,False
2023-12-01,CSD-ORANGE-500ML,Carbonated Soft Drinks,211,0.85,False,False
2023-12-02,CSD-ORANGE-500ML,Carbonated Soft Drinks,227,0.85,False,False
2023-12-03,CSD-ORANGE-500ML,Carbonated Soft Drinks,191,0.85,False,False
2023-12-04,CSD-ORANGE-500ML,Carbonated Soft Drinks,160,0.85,False,False
2023-12-05,CSD-ORANGE-500ML,Carbonated Soft Drinks,180,0.85,False,False
2023-12-06,CSD-ORANGE-500ML,Carbonated Soft Drinks,167,0.85,False,False
2023-12-07,CSD-ORANGE-500ML,Carbonated Soft Drinks,203,0.85,False,False
2023-12-08,CSD-ORANGE-500ML,Carbonated Soft Drinks,0,0.85,False,True
2023-12-09,CSD-ORANGE-500ML,Carbonated Soft Drinks,267,0.85,False,False
2023-12-10,CSD-ORANGE-500ML,Carbonated Soft Drinks,168,0.85,False,False
2023-12-11,CSD-ORANGE-500ML,Carbonated Soft Drinks,0,0.85,False,True
2023-12-12,CSD-ORANGE-500ML,Carbonated Soft Drinks,173,0.85,False,False
2023-12-13,CSD-ORANGE-500ML,Carbonated Soft Drinks,150,0.85,False,False
2023-12-14,CSD-ORANGE-500ML,Carbonated Soft Drinks,0,0.85,True,True
2023-12-15,CSD-ORANGE-500ML,Carbonated Soft Drinks,237,0.85,False,False
2023-12-16,CSD-ORANGE-500ML,Carbonated Soft Drinks,238,0.85,False,False
2023-12-17,CSD-ORANGE-500ML,Carbonated Soft Drinks,160,0.85,False,False
2023-12-18,CSD-ORANGE-500ML,Carbonated Soft Drinks,163,0.85,False,False
2023-12-19,CSD-ORANGE-500ML,Carbonated Soft Drinks,280,0.85,True,False
2023-12-20,CSD-ORANGE-500ML,Carbonated Soft Drinks,170,0.85,False,False
2023-12-21,CSD-ORANGE-500ML,Carbonated Soft Drinks,195,0.85,False,False
2023-12-22,CSD-ORANGE-500ML,Carbonated Soft Drinks,219,0.85,False,False
2023-12-23,CSD-ORANGE-500ML,Carbonated Soft Drinks,222,0.85,False,False
2023-12-24,CSD-ORANGE-500ML,Carbonated Soft Drinks,159,0.85,False,False
2023-12-25,CSD-ORANGE-500ML,Carbonated Soft Drinks,209,0.85,True,False
2023-12-26,CSD-ORANGE-500ML,Carbonated Soft Drinks,205,0.85,False,False
2023-12-27,CSD-ORANGE-500ML,Carbonated Soft Drinks,182,0.85,False,False
2023-12-28,CSD-ORANGE-500ML,Carbonated Soft Drinks,193,0.85,False,False
2023-12-29,CSD-ORANGE-500ML,Carbonated Soft Drinks,255,0.85,False,False
2023-12-30,CSD-ORANGE-500ML,Carbonated Soft Drinks,225,0.85,False,False
2023-12-31,CSD-ORANGE-500ML,Carbonated Soft Drinks,200,0.85,False,False
2024-01-01,CSD-ORANGE-500ML,Carbonated Soft Drinks,207,0.85,False,False
2024-01-02,CSD-ORANGE-500ML,Carbonated Soft Drinks,146,0.85,False,False
2024-01-03,CSD-ORANGE-500ML,Carbonated Soft Drinks,167,0.85,False,False
2024-01-04,CSD-ORANGE-500ML,Carbonated Soft Drinks,193,0.85,False,False
2024-01-05,CSD-ORANGE-500ML,Carbonated Soft Drinks,213,0.85,False,False
2024-01-06,CSD-ORANGE-500ML,Carbonated Soft Drinks,192,0.85,False,False
2024-01-07,CSD-ORANGE-500ML,Carbonated Soft Drinks,129,0.85,False,False
2024-01-08,CSD-ORANGE-500ML,Carbonated Soft Drinks,202,0.85,False,False
2024-01-09,CSD-ORANGE-500ML,Carbonated Soft Drinks,148,0.85,False,False
2024-01-10,CSD-ORANGE-500ML,Carbonated Soft Drinks,192,0.85,False,False
2024-01-11,CSD-ORANGE-500ML,Carbonated Soft Drinks,185,0.85,False,False
2024-01-12,CSD-ORANGE-500ML,Carbonated Soft Drinks,237,0.85,False,False
2024-01-13,CSD-ORANGE-500ML,Carbonated Soft Drinks,0,0.85,False,True
2024-01-14,CSD-ORANGE-500ML,Carbonated Soft Drinks,181,0.85,True,False
2024-01-15,CSD-ORANGE-500ML,Carbonated Soft Drinks,169,0.85,False,False
2024-01-16,CSD-ORANGE-500ML,Carbonated Soft Drinks,179,0.85,False,False
2024-01-17,CSD-ORANGE-500ML,Carbonated Soft Drinks,139,0.85,False,False
2024-01-18,CSD-ORANGE-500ML,Carbonated Soft Drinks,206,0.85,False,False
2024-01-19,CSD-ORANGE-500ML,Carbonated Soft Drinks,227,0.85,False,False
2024-01-20,CSD-ORANGE-500ML,Carbonated Soft Drinks,243,0.85,False,False
2024-01-21,CSD-ORANGE-500ML,Carbonated Soft Drinks,176,0.85,False,False
2024-01-22,CSD-ORANGE-500ML,Carbonated Soft Drinks,130,0.85,False,False
2024-01-23,CSD-ORANGE-500ML,Carbonated Soft Drinks,189,0.85,False,False
2024-01-24,CSD-ORANGE-500ML,Carbonated Soft Drinks,220,0.85,False,False
2024-01-25,CSD-ORANGE-500ML,Carbonated Soft Drinks,166,0.85,False,False
2024-01-26,CSD-ORANGE-500ML,Carbonated Soft Drinks,234,0.85,False,False
2024-01-27,CSD-ORANGE-500ML,Carbonated Soft Drinks,269,0.85,False,False
2024-01-28,CSD-ORANGE-500ML,Carbonated Soft Drinks,161,0.85,False,False
2024-01-29,CSD-ORANGE-500ML,Carbonated Soft Drinks,199,0.85,False,False
2024-01-30,CSD-ORANGE-500ML,Carbonated Soft Drinks,186,0.85,False,False
2024-01-31,CSD-ORANGE-500ML,Carbonated Soft Drinks,185,0.85,False,False
2024-02-01,CSD-ORANGE-500ML,Carbonated Soft Drinks,230,0.85,False,False
2024-02-02,CSD-ORANGE-500ML,Carbonated Soft Drinks,265,0.85,False,False
2024-02-03,CSD-ORANGE-500ML,Carbonated Soft Drinks,220,0.85,False,False
2024-02-04,CSD-ORANGE-500ML,Carbonated Soft Drinks,193,0.85,False,False
2024-02-05,CSD-ORANGE-500ML,Carbonated Soft Drinks,181,0.85,False,False
2024-02-06,CSD-ORANGE-500ML,Carbonated Soft Drinks,161,0.85,False,False
2024-02-07,CSD-ORANGE-500ML,Carbonated Soft Drinks,207,0.85,False,False
2024-02-08,CSD-ORANGE-500ML,Carbonated Soft Drinks,248,0.85,False,False
2024-02-09,CSD-ORANGE-500ML,Carbonated Soft Drinks,246,0.85,False,False
2024-02-10,CSD-ORANGE-500ML,Carbonated Soft Drinks,235,0.85,False,False
2024-02-11,CSD-ORANGE-500ML,Carbonated Soft Drinks,174,0.85,False,False
2024-02-12,CSD-ORANGE-500ML,Carbonated Soft Drinks,177,0.85,False,False
2024-02-13,CSD-ORANGE-500ML,Carbonated Soft Drinks,220,0.85,False,False
2024-02-14,CSD-ORANGE-500ML,Carbonated Soft Drinks,193,0.85,False,False
2024-02-15,CSD-ORANGE-500ML,Carbonated Soft Drinks,197,0.85,False,False
2024-02-16,CSD-ORANGE-500ML,Carbonated Soft Drinks,216,0.85,False,False
2024-02-17,CSD-ORANGE-500ML,Carbonated Soft Drinks,258,0.85,False,False
2024-02-18,CSD-ORANGE-500ML,Carbonated Soft Drinks,199,0.85,False,False
2024-02-19,CSD-ORANGE-500ML,Carbonated Soft Drinks,159,0.85,False,False
2024-02-20,CSD-ORANGE-500ML,Carbonated Soft Drinks,178,0.85,False,False
2024-02-21,CSD-ORANGE-500ML,Carbonated Soft Drinks,178,0.85,False,False
2024-02-22,CSD-ORANGE-500ML,Carbonated Soft Drinks,189,0.85,False,False
2024-02-23,CSD-ORANGE-500ML,Carbonated Soft Drinks,212,0.85,False,False
2024-02-24,CSD-ORANGE-500ML,Carbonated Soft Drinks,240,0.85,False,False
2024-02-25,CSD-ORANGE-500ML,Carbonated Soft Drinks,162,0.85,False,False
2024-02-26,CSD-ORANGE-500ML,Carbonated Soft Drinks,182,0.85,False,False
2024-02-27,CSD-ORANGE-500ML,Carbonated Soft Drinks,210,0.85,False,False
2024-02-28,CSD-ORANGE-500ML,Carbonated Soft Drinks,220,0.85,False,False
2024-02-29,CSD-ORANGE-500ML,Carbonated Soft Drinks,182,0.85,False,False
2024-03-01,CSD-ORANGE-500ML,Carbonated Soft Drinks,327,0.85,False,False
2024-03-02,CSD-ORANGE-500ML,Carbonated Soft Drinks,258,0.85,False,False
2024-03-03,CSD-ORANGE-500ML,Carbonated Soft Drinks,215,0.85,False,False
2024-03-04,CSD-ORANGE-500ML,Carbonated Soft Drinks,191,0.85,False,False
2024-03-05,CSD-ORANGE-500ML,Carbonated Soft Drinks,219,0.85,False,False
2024-03-06,CSD-ORANGE-500ML,Carbonated Soft Drinks,205,0.85,False,False
2024-03-07,CSD-ORANGE-500ML,Carbonated Soft Drinks,272,0.85,False,False
2024-03-08,CSD-ORANGE-500ML,Carbonated Soft Drinks,364,0.85,False,False
2024-03-09,CSD-ORANGE-500ML,Carbonated Soft Drinks,299,0.85,False,False
2024-03-10,CSD-ORANGE-500ML,Carbonated Soft Drinks,209,0.85,False,False
2024-03-11,CSD-ORANGE-500ML,Carbonated Soft Drinks,269,0.85,False,False
2024-03-12,CSD-ORANGE-500ML,Carbonated Soft Drinks,216,0.85,False,False
2024-03-13,CSD-ORANGE-500ML,Carbonated Soft Drinks,209,0.85,False,False
2024-03-14,CSD-ORANGE-500ML,Carbonated Soft Drinks,267,0.85,False,False
2024-03-15,CSD-ORANGE-500ML,Carbonated Soft Drinks,288,0.85,False,False
2024-03-16,CSD-ORANGE-500ML,Carbonated Soft Drinks,253,0.85,False,False
2024-03-17,CSD-ORANGE-500ML,Carbonated Soft Drinks,184,0.85,False,False
2024-03-18,CSD-ORANGE-500ML,Carbonated Soft Drinks,217,0.85,False,False
2024-03-19,CSD-ORANGE-500ML,Carbonated Soft Drinks,194,0.85,False,False
2024-03-20,CSD-ORANGE-500ML,Carbonated Soft Drinks,237,0.85,False,False
2024-03-21,CSD-ORANGE-500ML,Carbonated Soft Drinks,234,0.85,False,False
2024-03-22,CSD-ORANGE-500ML,Carbonated Soft Drinks,305,0.85,False,False
2024-03-23,CSD-ORANGE-500ML,Carbonated Soft Drinks,260,0.85,False,False
2024-03-24,CSD-ORANGE-500ML,Carbonated Soft Drinks,183,0.85,False,False
2024-03-25,CSD-ORANGE-500ML,Carbonated Soft Drinks,262,0.85,False,False
2024-03-26,CSD-ORANGE-500ML,Carbonated Soft Drinks,228,0.85,False,False
2024-03-27,CSD-ORANGE-500ML,Carbonated Soft Drinks,222,0.85,False,False
2024-03-28,CSD-ORANGE-500ML,Carbonated Soft Drinks,267,0.85,False,False
2024-03-29,CSD-ORANGE-500ML,Carbonated Soft Drinks,288,0.85,False,False
2024-03-30,CSD-ORANGE-500ML,Carbonated Soft Drinks,332,0.85,False,False
2024-03-31,CSD-ORANGE-500ML,Carbonated Soft Drinks,181,0.85,False,False
2024-04-01,CSD-ORANGE-500ML,Carbonated Soft Drinks,214,0.85,False,False
2024-04-02,CSD-ORANGE-500ML,Carbonated Soft Drinks,302,0.85,False,False
2024-04-03,CSD-ORANGE-500ML,Carbonated Soft Drinks,282,0.85,False,False
2024-04-04,CSD-ORANGE-500ML,Carbonated Soft Drinks,354,0.85,False,False
2024-04-05,CSD-ORANGE-500ML,Carbonated Soft Drinks,331,0.85,False,False
2024-04-06,CSD-ORANGE-500ML,Carbonated Soft Drinks,348,0.85,False,False
2024-04-07,CSD-ORANGE-500ML,Carbonated Soft Drinks,242,0.85,False,False
2024-04-08,CSD-ORANGE-500ML,Carbonated Soft Drinks,285,0.85,False,False
2024-04-09,CSD-ORANGE-500ML,Carbonated Soft Drinks,274,0.85,False,False
2024-04-10,CSD-ORANGE-500ML,Carbonated Soft Drinks,299,0.85,False,False
2024-04-11,CSD-ORANGE-500ML,Carbonated Soft Drinks,328,0.85,False,False
2024-04-12,CSD-ORANGE-500ML,Carbonated Soft Drinks,299,0.85,False,False
2024-04-13,CSD-ORANGE-500ML,Carbonated Soft Drinks,320,0.85,False,False
2024-04-14,CSD-ORANGE-500ML,Carbonated Soft Drinks,274,0.85,False,False
2024-04-15,CSD-ORANGE-500ML,Carbonated Soft Drinks,263,0.85,False,False
2024-04-16,CSD-ORANGE-500ML,Carbonated Soft Drinks,269,0.85,False,False
2024-04-17,CSD-ORANGE-500ML,Carbonated Soft Drinks,299,0.85,False,False
2024-04-18,CSD-ORANGE-500ML,Carbonated Soft Drinks,364,0.85,False,False
2024-04-19,CSD-ORANGE-500ML,Carbonated Soft Drinks,361,0.85,False,False
2024-04-20,CSD-ORANGE-500ML,Carbonated Soft Drinks,374,0.85,False,False
2024-04-21,CSD-ORANGE-500ML,Carbonated Soft Drinks,291,0.85,False,False
2024-04-22,CSD-ORANGE-500ML,Carbonated Soft Drinks,308,0.85,False,False
2024-04-23,CSD-ORANGE-500ML,Carbonated Soft Drinks,264,0.85,False,False
2024-04-24,CSD-ORANGE-500ML,Carbonated Soft Drinks,335,0.85,False,False
2024-04-25,CSD-ORANGE-500ML,Carbonated Soft Drinks,343,0.85,False,False
2024-04-26,CSD-ORANGE-500ML,Carbonated Soft Drinks,329,0.85,False,False
2024-04-27,CSD-ORANGE-500ML,Carbonated Soft Drinks,328,0.85,False,False
2024-04-28,CSD-ORANGE-500ML,Carbonated Soft Drinks,299,0.85,False,False
2024-04-29,CSD-ORANGE-500ML,Carbonated Soft Drinks,259,0.85,False,False
2024-04-30,CSD-ORANGE-500ML,Carbonated Soft Drinks,257,0.85,False,False
2024-05-01,CSD-ORANGE-500ML,Carbonated Soft Drinks,465,0.85,True,False
2024-05-02,CSD-ORANGE-500ML,Carbonated Soft Drinks,0,0.85,False,True
2024-05-03,CSD-ORANGE-500ML,Carbonated Soft Drinks,472,0.85,False,False
2024-05-04,CSD-ORANGE-500ML,Carbonated Soft Drinks,511,0.85,False,False
2024-05-05,CSD-ORANGE-500ML,Carbonated Soft Drinks,332,0.85,False,False
2024-05-06,CSD-ORANGE-500ML,Carbonated Soft Drinks,320,0.85,False,False
2024-05-07,CSD-ORANGE-500ML,Carbonated Soft Drinks,296,0.85,False,False
2024-05-08,CSD-ORANGE-500ML,Carbonated Soft Drinks,291,0.85,False,False
2024-05-09,CSD-ORANGE-500ML,Carbonated Soft Drinks,350,0.85,False,False
2024-05-10,CSD-ORANGE-500ML,Carbonated Soft Drinks,473,0.85,False,False
2024-05-11,CSD-ORANGE-500ML,Carbonated Soft Drinks,423,0.85,False,False
2024-05-12,CSD-ORANGE-500ML,Carbonated Soft Drinks,291,0.85,False,False
2024-05-13,CSD-ORANGE-500ML,Carbonated Soft Drinks,573,0.85,True,False
2024-05-14,CSD-ORANGE-500ML,Carbonated Soft Drinks,257,0.85,False,False
2024-05-15,CSD-ORANGE-500ML,Carbonated Soft Drinks,266,0.85,False,False
2024-05-16,CSD-ORANGE-500ML,Carbonated Soft Drinks,401,0.85,False,False
2024-05-17,CSD-ORANGE-500ML,Carbonated Soft Drinks,434,0.85,False,False
2024-05-18,CSD-ORANGE-500ML,Carbonated Soft Drinks,590,0.85,True,False
2024-05-19,CSD-ORANGE-500ML,Carbonated Soft Drinks,289,0.85,False,False
2024-05-20,CSD-ORANGE-500ML,Carbonated Soft Drinks,326,0.85,False,False
2024-05-21,CSD-ORANGE-500ML,Carbonated Soft Drinks,316,0.85,False,False
2024-05-22,CSD-ORANGE-500ML,Carbonated Soft Drinks,348,0.85,False,False
2024-05-23,CSD-ORANGE-500ML,Carbonated Soft Drinks,367,0.85,False,False
2024-05-24,CSD-ORANGE-500ML,Carbonated Soft Drinks,404,0.85,False,False
2024-05-25,CSD-ORANGE-500ML,Carbonated Soft Drinks,473,0.85,False,False
2024-05-26,CSD-ORANGE-500ML,Carbonated Soft Drinks,259,0.85,False,False
2024-05-27,CSD-ORANGE-500ML,Carbonated Soft Drinks,326,0.85,False,False
2024-05-28,CSD-ORANGE-500ML,Carbonated Soft Drinks,300,0.85,False,False
2024-05-29,CSD-ORANGE-500ML,Carbonated Soft Drinks,318,0.85,False,False
2024-05-30,CSD-ORANGE-500ML,Carbonated Soft Drinks,382,0.85,False,False
2024-05-31,CSD-ORANGE-500ML,Carbonated Soft Drinks,512,0.85,False,False
2024-06-01,CSD-ORANGE-500ML,Carbonated Soft Drinks,464,0.85,False,False
2024-06-02,CSD-ORANGE-500ML,Carbonated Soft Drinks,387,0.85,False,False
2024-06-03,CSD-ORANGE-500ML,Carbonated Soft Drinks,374,0.85,False,False
2024-06-04,CSD-ORANGE-500ML,Carbonated Soft Drinks,301,0.85,False,False
2024-06-05,CSD-ORANGE-500ML,Carbonated Soft Drinks,392,0.85,False,False
2024-06-06,CSD-ORANGE-500ML,Carbonated Soft Drinks,372,0.85,False,False
2024-06-07,CSD-ORANGE-500ML,Carbonated Soft Drinks,481,0.85,False,False
2024-06-08,CSD-ORANGE-500ML,Carbonated Soft Drinks,462,0.85,False,False
2024-06-09,CSD-ORANGE-500ML,Carbonated Soft Drinks,347,0.85,False,False
2024-06-10,CSD-ORANGE-500ML,Carbonated Soft Drinks,439,0.85,False,False
2024-06-11,CSD-ORANGE-500ML,Carbonated Soft Drinks,341,0.85,False,False
2024-06-12,CSD-ORANGE-500ML,Carbonated Soft Drinks,354,0.85,False,False
2024-06-13,CSD-ORANGE-500ML,Carbonated Soft Drinks,635,0.85,True,False
2024-06-14,CSD-ORANGE-500ML,Carbonated Soft Drinks,469,0.85,False,False
2024-06-15,CSD-ORANGE-500ML,Carbonated Soft Drinks,493,0.85,False,False
2024-06-16,CSD-ORANGE-500ML,Carbonated Soft Drinks,0,0.85,False,True
2024-06-17,CSD-ORANGE-500ML,Carbonated Soft Drinks,331,0.85,False,False
2024-06-18,CSD-ORANGE-500ML,Carbonated Soft Drinks,485,0.85,True,False
2024-06-19,CSD-ORANGE-500ML,Carbonated Soft Drinks,336,0.85,False,False
2024-06-20,CSD-ORANGE-500ML,Carbonated Soft Drinks,468,0.85,False,False
2024-06-21,CSD-ORANGE-500ML,Carbonated Soft Drinks,568,0.85,False,False
2024-06-22,CSD-ORANGE-500ML,Carbonated Soft Drinks,431,0.85,False,False
2024-06-23,CSD-ORANGE-500ML,Carbonated Soft Drinks,383,0.85,False,False
2024-06-24,CSD-ORANGE-500ML,Carbonated Soft Drinks,325,0.85,False,False
2024-06-25,CSD-ORANGE-500ML,Carbonated Soft Drinks,292,0.85,False,False
2024-06-26,CSD-ORANGE-500ML,Carbonated Soft Drinks,368,0.85,False,False
2024-06-27,CSD-ORANGE-500ML,Carbonated Soft Drinks,401,0.85,False,False
2024-06-28,CSD-ORANGE-500ML,Carbonated Soft Drinks,396,0.85,False,False
2024-06-29,CSD-ORANGE-500ML,Carbonated Soft Drinks,490,0.85,False,False
2024-06-30,CSD-ORANGE-500ML,Carbonated Soft Drinks,351,0.85,False,False
2024-07-01,CSD-ORANGE-500ML,Carbonated Soft Drinks,357,0.85,False,False
2024-07-02,CSD-ORANGE-500ML,Carbonated Soft Drinks,407,0.85,False,False
2024-07-03,CSD-ORANGE-500ML,Carbonated Soft Drinks,348,0.85,False,False
2024-07-04,CSD-ORANGE-500ML,Carbonated Soft Drinks,433,0.85,False,False
2024-07-05,CSD-ORANGE-500ML,Carbonated Soft Drinks,538,0.85,False,False
2024-07-06,CSD-ORANGE-500ML,Carbonated Soft Drinks,446,0.85,False,False
2024-07-07,CSD-ORANGE-500ML,Carbonated Soft Drinks,291,0.85,False,False
2024-07-08,CSD-ORANGE-500ML,Carbonated Soft Drinks,361,0.85,False,False
2024-07-09,CSD-ORANGE-500ML,Carbonated Soft Drinks,412,0.85,False,False
2024-07-10,CSD-ORANGE-500ML,Carbonated Soft Drinks,392,0.85,False,False
2024-07-11,CSD-ORANGE-500ML,Carbonated Soft Drinks,482,0.85,False,False
2024-07-12,CSD-ORANGE-500ML,Carbonated Soft Drinks,537,0.85,False,False
2024-07-13,CSD-ORANGE-500ML,Carbonated Soft Drinks,467,0.85,False,False
2024-07-14,CSD-ORANGE-500ML,Carbonated Soft Drinks,332,0.85,False,False
2024-07-15,CSD-ORANGE-500ML,Carbonated Soft Drinks,359,0.85,False,False
2024-07-16,CSD-ORANGE-500ML,Carbonated Soft Drinks,340,0.85,False,False
2024-07-17,CSD-ORANGE-500ML,Carbonated Soft Drinks,336,0.85,False,False
2024-07-18,CSD-ORANGE-500ML,Carbonated Soft Drinks,439,0.85,False,False
2024-07-19,CSD-ORANGE-500ML,Carbonated Soft Drinks,529,0.85,False,False
2024-07-20,CSD-ORANGE-500ML,Carbonated Soft Drinks,583,0.85,False,False
2024-07-21,CSD-ORANGE-500ML,Carbonated Soft Drinks,388,0.85,False,False
2024-07-22,CSD-ORANGE-500ML,Carbonated Soft Drinks,321,0.85,False,False
2024-07-23,CSD-ORANGE-500ML,Carbonated Soft Drinks,373,0.85,False,False
2024-07-24,CSD-ORANGE-500ML,Carbonated Soft Drinks,435,0.85,False,False
2024-07-25,CSD-ORANGE-500ML,Carbonated Soft Drinks,447,0.85,False,False
2024-07-26,CSD-ORANGE-500ML,Carbonated Soft Drinks,491,0.85,False,False
2024-07-27,CSD-ORANGE-500ML,Carbonated Soft Drinks,473,0.85,False,False
2024-07-28,CSD-ORANGE-500ML,Carbonated Soft Drinks,317,0.85,False,False
2024-07-29,CSD-ORANGE-500ML,Carbonated Soft Drinks,383,0.85,False,False
2024-07-30,CSD-ORANGE-500ML,Carbonated Soft Drinks,335,0.85,False,False
2024-07-31,CSD-ORANGE-500ML,Carbonated Soft Drinks,456,0.85,False,False
2024-08-01,CSD-ORANGE-500ML,Carbonated Soft Drinks,366,0.85,False,False
2024-08-02,CSD-ORANGE-500ML,Carbonated Soft Drinks,466,0.85,False,False
2024-08-03,CSD-ORANGE-500ML,Carbonated Soft Drinks,500,0.85,False,False
2024-08-04,CSD-ORANGE-500ML,Carbonated Soft Drinks,326,0.85,False,False
2024-08-05,CSD-ORANGE-500ML,Carbonated Soft Drinks,335,0.85,False,False
2024-08-06,CSD-ORANGE-500ML,Carbonated Soft Drinks,326,0.85,False,False
2024-08-07,CSD-ORANGE-500ML,Carbonated Soft Drinks,466,0.85,False,False
2024-08-08,CSD-ORANGE-500ML,Carbonated Soft Drinks,484,0.85,False,False
2024-08-09,CSD-ORANGE-500ML,Carbonated Soft Drinks,452,0.85,False,False
2024-08-10,CSD-ORANGE-500ML,Carbonated Soft Drinks,476,0.85,False,False
2024-08-11,CSD-ORANGE-500ML,Carbonated Soft Drinks,339,0.85,False,False
2024-08-12,CSD-ORANGE-500ML,Carbonated Soft Drinks,372,0.85,False,False
2024-08-13,CSD-ORANGE-500ML,Carbonated Soft Drinks,341,0.85,False,False
2024-08-14,CSD-ORANGE-500ML,Carbonated Soft Drinks,357,0.85,False,False
2024-08-15,CSD-ORANGE-500ML,Carbonated Soft Drinks,367,0.85,False,False
2024-08-16,CSD-ORANGE-500ML,Carbonated Soft Drinks,491,0.85,False,False
2024-08-17,CSD-ORANGE-500ML,Carbonated Soft Drinks,569,0.85,False,False
2024-08-18,CSD-ORANGE-500ML,Carbonated Soft Drinks,330,0.85,False,False
2024-08-19,CSD-ORANGE-500ML,Carbonated Soft Drinks,367,0.85,False,False
2024-08-20,CSD-ORANGE-500ML,Carbonated Soft Drinks,323,0.85,False,False
2024-08-21,CSD-ORANGE-500ML,Carbonated Soft Drinks,331,0.85,False,False
2024-08-22,CSD-ORANGE-500ML,Carbonated Soft Drinks,335,0.85,False,False
2024-08-23,CSD-ORANGE-500ML,Carbonated Soft Drinks,424,0.85,False,False
2024-08-24,CSD-ORANGE-500ML,Carbonated Soft Drinks,423,0.85,False,False
2024-08-25,CSD-ORANGE-500ML,Carbonated Soft Drinks,360,0.85,False,False
2024-08-26,CSD-ORANGE-500ML,Carbonated Soft Drinks,334,0.85,False,False
2024-08-27,CSD-ORANGE-500ML,Carbonated Soft Drinks,351,0.85,False,False
2024-08-28,CSD-ORANGE-500ML,Carbonated Soft Drinks,344,0.85,False,False
2024-08-29,CSD-ORANGE-500ML,Carbonated Soft Drinks,393,0.85,False,False
2024-08-30,CSD-ORANGE-500ML,Carbonated Soft Drinks,544,0.85,False,False
2024-08-31,CSD-ORANGE-500ML,Carbonated Soft Drinks,499,0.85,False,False
2024-09-01,CSD-ORANGE-500ML,Carbonated Soft Drinks,292,0.85,False,False
2024-09-02,CSD-ORANGE-500ML,Carbonated Soft Drinks,308,0.85,False,False
2024-09-03,CSD-ORANGE-500ML,Carbonated Soft Drinks,260,0.85,False,False
2024-09-04,CSD-ORANGE-500ML,Carbonated Soft Drinks,284,0.85,False,False
2024-09-05,CSD-ORANGE-500ML,Carbonated Soft Drinks,394,0.85,False,False
2024-09-06,CSD-ORANGE-500ML,Carbonated Soft Drinks,474,0.85,False,False
2024-09-07,CSD-ORANGE-500ML,Carbonated Soft Drinks,411,0.85,False,False
2024-09-08,CSD-ORANGE-500ML,Carbonated Soft Drinks,290,0.85,False,False
2024-09-09,CSD-ORANGE-500ML,Carbonated Soft Drinks,268,0.85,False,False
2024-09-10,CSD-ORANGE-500ML,Carbonated Soft Drinks,306,0.85,False,False
2024-09-11,CSD-ORANGE-500ML,Carbonated Soft Drinks,382,0.85,False,False
2024-09-12,CSD-ORANGE-500ML,Carbonated Soft Drinks,351,0.85,False,False
2024-09-13,CSD-ORANGE-500ML,Carbonated Soft Drinks,453,0.85,False,False
2024-09-14,CSD-ORANGE-500ML,Carbonated Soft Drinks,347,0.85,False,False
2024-09-15,CSD-ORANGE-500ML,Carbonated Soft Drinks,325,0.85,False,False
2024-09-16,CSD-ORANGE-500ML,Carbonated Soft Drinks,384,0.85,False,False
2024-09-17,CSD-ORANGE-500ML,Carbonated Soft Drinks,358,0.85,False,False
2024-09-18,CSD-ORANGE-500ML,Carbonated Soft Drinks,305,0.85,False,False
2024-09-19,CSD-ORANGE-500ML,Carbonated Soft Drinks,323,0.85,False,False
2024-09-20,CSD-ORANGE-500ML,Carbonated Soft Drinks,472,0.85,False,False
2024-09-21,CSD-ORANGE-500ML,Carbonated Soft Drinks,377,0.85,False,False
2024-09-22,CSD-ORANGE-500ML,Carbonated Soft Drinks,303,0.85,False,False
2024-09-23,CSD-ORANGE-500ML,Carbonated Soft Drinks,269,0.85,False,False
2024-09-24,CSD-ORANGE-500ML,Carbonated Soft Drinks,305,0.85,False,False
2024-09-25,CSD-ORANGE-500ML,Carbonated Soft Drinks,379,0.85,False,False
2024-09-26,CSD-ORANGE-500ML,Carbonated Soft Drinks,421,0.85,False,False
2024-09-27,CSD-ORANGE-500ML,Carbonated Soft Drinks,408,0.85,False,False
2024-09-28,CSD-ORANGE-500ML,Carbonated Soft Drinks,329,0.85,False,False
2024-09-29,CSD-ORANGE-500ML,Carbonated Soft Drinks,289,0.85,False,False
2024-09-30,CSD-ORANGE-500ML,Carbonated Soft Drinks,310,0.85,False,False
2024-10-01,CSD-ORANGE-500ML,Carbonated Soft Drinks,250,0.85,False,False
2024-10-02,CSD-ORANGE-500ML,Carbonated Soft Drinks,246,0.85,False,False
2024-10-03,CSD-ORANGE-500ML,Carbonated Soft Drinks,374,0.85,False,False
2024-10-04,CSD-ORANGE-500ML,Carbonated Soft Drinks,315,0.85,False,False
2024-10-05,CSD-ORANGE-500ML,Carbonated Soft Drinks,307,0.85,False,False
2024-10-06,CSD-ORANGE-500ML,Carbonated Soft Drinks,297,0.85,False,False
2024-10-07,CSD-ORANGE-500ML,Carbonated Soft Drinks,266,0.85,False,False
2024-10-08,CSD-ORANGE-500ML,Carbonated Soft Drinks,256,0.85,False,False
2024-10-09,CSD-ORANGE-500ML,Carbonated Soft Drinks,275,0.85,False,False
2024-10-10,CSD-ORANGE-500ML,Carbonated Soft Drinks,388,0.85,False,False
2024-10-11,CSD-ORANGE-500ML,Carbonated Soft Drinks,348,0.85,False,False
2024-10-12,CSD-ORANGE-500ML,Carbonated Soft Drinks,385,0.85,False,False
2024-10-13,CSD-ORANGE-500ML,Carbonated Soft Drinks,273,0.85,False,False
2024-10-14,CSD-ORANGE-500ML,Carbonated Soft Drinks,253,0.85,False,False
2024-10-15,CSD-ORANGE-500ML,Carbonated Soft Drinks,313,0.85,False,False
2024-10-16,CSD-ORANGE-500ML,Carbonated Soft Drinks,292,0.85,False,False
2024-10-17,CSD-ORANGE-500ML,Carbonated Soft Drinks,337,0.85,False,False
2024-10-18,CSD-ORANGE-500ML,Carbonated Soft Drinks,391,0.85,False,False
2024-10-19,CSD-ORANGE-500ML,Carbonated Soft Drinks,625,0.85,True,False
2024-10-20,CSD-ORANGE-500ML,Carbonated Soft Drinks,261,0.85,False,False
2024-10-21,CSD-ORANGE-500ML,Carbonated Soft Drinks,323,0.85,False,False
2024-10-22,CSD-ORANGE-500ML,Carbonated Soft Drinks,252,0.85,False,False
2024-10-23,CSD-ORANGE-500ML,Carbonated Soft Drinks,315,0.85,False,False
2024-10-24,CSD-ORANGE-500ML,Carbonated Soft Drinks,385,0.85,False,False
2024-10-25,CSD-ORANGE-500ML,Carbonated Soft Drinks,411,0.85,False,False
2024-10-26,CSD-ORANGE-500ML,Carbonated Soft Drinks,368,0.85,False,False
2024-10-27,CSD-ORANGE-500ML,Carbonated Soft Drinks,237,0.85,False,False
2024-10-28,CSD-ORANGE-500ML,Carbonated Soft Drinks,296,0.85,False,False
2024-10-29,CSD-ORANGE-500ML,Carbonated Soft Drinks,285,0.85,False,False
2024-10-30,CSD-ORANGE-500ML,Carbonated Soft Drinks,307,0.85,False,False
2024-10-31,CSD-ORANGE-500ML,Carbonated Soft Drinks,335,0.85,False,False
2024-11-01,CSD-ORANGE-500ML,Carbonated Soft Drinks,320,0.85,False,False
2024-11-02,CSD-ORANGE-500ML,Carbonated Soft Drinks,335,0.85,False,False
2024-11-03,CSD-ORANGE-500ML,Carbonated Soft Drinks,204,0.85,False,False
2024-11-04,CSD-ORANGE-500ML,Carbonated Soft Drinks,196,0.85,False,False
2024-11-05,CSD-ORANGE-500ML,Carbonated Soft Drinks,207,0.85,False,False
2024-11-06,CSD-ORANGE-500ML,Carbonated Soft Drinks,283,0.85,False,False
2024-11-07,CSD-ORANGE-500ML,Carbonated Soft Drinks,342,0.85,False,False
2024-11-08,CSD-ORANGE-500ML,Carbonated Soft Drinks,315,0.85,False,False
2024-11-09,CSD-ORANGE-500ML,Carbonated Soft Drinks,337,0.85,False,False
2024-11-10,CSD-ORANGE-500ML,Carbonated Soft Drinks,212,0.85,False,False
2024-11-11,CSD-ORANGE-500ML,Carbonated Soft Drinks,273,0.85,False,False
2024-11-12,CSD-ORANGE-500ML,Carbonated Soft Drinks,233,0.85,False,False
2024-11-13,CSD-ORANGE-500ML,Carbonated Soft Drinks,337,0.85,True,False
2024-11-14,CSD-ORANGE-500ML,Carbonated Soft Drinks,251,0.85,False,False
2024-11-15,CSD-ORANGE-500ML,Carbonated Soft Drinks,308,0.85,False,False
2024-11-16,CSD-ORANGE-500ML,Carbonated Soft Drinks,264,0.85,False,False
2024-11-17,CSD-ORANGE-500ML,Carbonated Soft Drinks,173,0.85,False,False
2024-11-18,CSD-ORANGE-500ML,Carbonated Soft Drinks,261,0.85,False,False
2024-11-19,CSD-ORANGE-500ML,Carbonated Soft Drinks,229,0.85,False,False
2024-11-20,CSD-ORANGE-500ML,Carbonated Soft Drinks,242,0.85,False,False
2024-11-21,CSD-ORANGE-500ML,Carbonated Soft Drinks,484,0.85,True,False
2024-11-22,CSD-ORANGE-500ML,Carbonated Soft Drinks,297,0.85,False,False
2024-11-23,CSD-ORANGE-500ML,Carbonated Soft Drinks,318,0.85,False,False
2024-11-24,CSD-ORANGE-500ML,Carbonated Soft Drinks,197,0.85,False,False
2024-11-25,CSD-ORANGE-500ML,Carbonated Soft Drinks,197,0.85,False,False
2024-11-26,CSD-ORANGE-500ML,Carbonated Soft Drinks,235,0.85,False,False
2024-11-27,CSD-ORANGE-500ML,Carbonated Soft Drinks,245,0.85,False,False
2024-11-28,CSD-ORANGE-500ML,Carbonated Soft Drinks,230,0.85,False,False
2024-11-29,CSD-ORANGE-500ML,Carbonated Soft Drinks,257,0.85,False,False
2024-11-30,CSD-ORANGE-500ML,Carbonated Soft Drinks,260,0.85,False,False
2024-12-01,CSD-ORANGE-500ML,Carbonated Soft Drinks,175,0.85,False,False
2024-12-02,CSD-ORANGE-500ML,Carbonated Soft Drinks,181,0.85,False,False
2024-12-03,CSD-ORANGE-500ML,Carbonated Soft Drinks,188,0.85,False,False
2024-12-04,CSD-ORANGE-500ML,Carbonated Soft Drinks,201,0.85,False,False
2024-12-05,CSD-ORANGE-500ML,Carbonated Soft Drinks,207,0.85,False,False
2024-12-06,CSD-ORANGE-500ML,Carbonated Soft Drinks,286,0.85,False,False
2024-12-07,CSD-ORANGE-500ML,Carbonated Soft Drinks,234,0.85,False,False
2024-12-08,CSD-ORANGE-500ML,Carbonated Soft Drinks,187,0.85,False,False
2024-12-09,CSD-ORANGE-500ML,Carbonated Soft Drinks,200,0.85,False,False
2024-12-10,CSD-ORANGE-500ML,Carbonated Soft Drinks,163,0.85,False,False
2024-12-11,CSD-ORANGE-500ML,Carbonated Soft Drinks,167,0.85,False,False
2024-12-12,CSD-ORANGE-500ML,Carbonated Soft Drinks,236,0.85,False,False
2024-12-13,CSD-ORANGE-500ML,Carbonated Soft Drinks,210,0.85,False,False
2024-12-14,CSD-ORANGE-500ML,Carbonated Soft Drinks,223,0.85,False,False
2024-12-15,CSD-ORANGE-500ML,Carbonated Soft Drinks,228,0.85,False,False
2024-12-16,CSD-ORANGE-500ML,Carbonated Soft Drinks,222,0.85,False,False
2024-12-17,CSD-ORANGE-500ML,Carbonated Soft Drinks,203,0.85,False,False
2024-12-18,CSD-ORANGE-500ML,Carbonated Soft Drinks,289,0.85,True,False
2024-12-19,CSD-ORANGE-500ML,Carbonated Soft Drinks,282,0.85,False,False
2024-12-20,CSD-ORANGE-500ML,Carbonated Soft Drinks,244,0.85,False,False
2024-12-21,CSD-ORANGE-500ML,Carbonated Soft Drinks,249,0.85,False,False
2024-12-22,CSD-ORANGE-500ML,Carbonated Soft Drinks,186,0.85,False,False
2024-12-23,CSD-ORANGE-500ML,Carbonated Soft Drinks,180,0.85,False,False
2024-12-24,CSD-ORANGE-500ML,Carbonated Soft Drinks,185,0.85,False,False
2024-12-25,CSD-ORANGE-500ML,Carbonated Soft Drinks,216,0.85,False,False
2024-12-26,CSD-ORANGE-500ML,Carbonated Soft Drinks,228,0.85,False,False
2024-12-27,CSD-ORANGE-500ML,Carbonated Soft Drinks,255,0.85,False,False
2024-12-28,CSD-ORANGE-500ML,Carbonated Soft Drinks,284,0.85,False,False
2024-12-29,CSD-ORANGE-500ML,Carbonated Soft Drinks,176,0.85,False,False
2024-12-30,CSD-ORANGE-500ML,Carbonated Soft Drinks,170,0.85,False,False
2024-12-31,CSD-ORANGE-500ML,Carbonated Soft Drinks,167,0.85,False,False
2022-01-01,JCE-APPLE-1L,Juices,159,1.1,False,False
2022-01-02,JCE-APPLE-1L,Juices,100,1.1,False,False
2022-01-03,JCE-APPLE-1L,Juices,148,1.1,False,False
2022-01-04,JCE-APPLE-1L,Juices,111,1.1,False,False
2022-01-05,JCE-APPLE-1L,Juices,126,1.1,False,False
2022-01-06,JCE-APPLE-1L,Juices,136,1.1,False,False
2022-01-07,JCE-APPLE-1L,Juices,147,1.1,False,False
2022-01-08,JCE-APPLE-1L,Juices,175,1.1,False,False
2022-01-09,JCE-APPLE-1L,Juices,109,1.1,False,False
2022-01-10,JCE-APPLE-1L,Juices,160,1.1,True,False
2022-01-11,JCE-APPLE-1L,Juices,96,1.1,False,False
2022-01-12,JCE-APPLE-1L,Juices,117,1.1,False,False
2022-01-13,JCE-APPLE-1L,Juices,134,1.1,False,False
2022-01-14,JCE-APPLE-1L,Juices,172,1.1,False,False
2022-01-15,JCE-APPLE-1L,Juices,142,1.1,False,False
2022-01-16,JCE-APPLE-1L,Juices,123,1.1,False,False
2022-01-17,JCE-APPLE-1L,Juices,0,1.1,False,True
2022-01-18,JCE-APPLE-1L,Juices,0,1.1,False,True
2022-01-19,JCE-APPLE-1L,Juices,113,1.1,False,False
2022-01-20,JCE-APPLE-1L,Juices,148,1.1,False,False
2022-01-21,JCE-APPLE-1L,Juices,137,1.1,False,False
2022-01-22,JCE-APPLE-1L,Juices,172,1.1,False,False
2022-01-23,JCE-APPLE-1L,Juices,115,1.1,False,False
2022-01-24,JCE-APPLE-1L,Juices,102,1.1,False,False
2022-01-25,JCE-APPLE-1L,Juices,121,1.1,False,False
2022-01-26,JCE-APPLE-1L,Juices,148,1.1,False,False
2022-01-27,JCE-APPLE-1L,Juices,128,1.1,False,False
2022-01-28,JCE-APPLE-1L,Juices,181,1.1,False,False
2022-01-29,JCE-APPLE-1L,Juices,167,1.1,False,False
2022-01-30,JCE-APPLE-1L,Juices,133,1.1,False,False
2022-01-31,JCE-APPLE-1L,Juices,148,1.1,False,False
2022-02-01,JCE-APPLE-1L,Juices,100,1.1,False,False
2022-02-02,JCE-APPLE-1L,Juices,148,1.1,False,False
2022-02-03,JCE-APPLE-1L,Juices,151,1.1,False,False
2022-02-04,JCE-APPLE-1L,Juices,151,1.1,False,False
2022-02-05,JCE-APPLE-1L,Juices,166,1.1,False,False
2022-02-06,JCE-APPLE-1L,Juices,127,1.1,False,False
2022-02-07,JCE-APPLE-1L,Juices,118,1.1,False,False
2022-02-08,JCE-APPLE-1L,Juices,139,1.1,False,False
2022-02-09,JCE-APPLE-1L,Juices,134,1.1,False,False
2022-02-10,JCE-APPLE-1L,Juices,114,1.1,False,False
2022-02-11,JCE-APPLE-1L,Juices,157,1.1,False,False
2022-02-12,JCE-APPLE-1L,Juices,136,1.1,False,False
2022-02-13,JCE-APPLE-1L,Juices,136,1.1,False,False
2022-02-14,JCE-APPLE-1L,Juices,145,1.1,False,False
2022-02-15,JCE-APPLE-1L,Juices,147,1.1,False,False
2022-02-16,JCE-APPLE-1L,Juices,147,1.1,False,False
2022-02-17,JCE-APPLE-1L,Juices,133,1.1,False,False
2022-02-18,JCE-APPLE-1L,Juices,138,1.1,False,False
2022-02-19,JCE-APPLE-1L,Juices,147,1.1,False,False
2022-02-20,JCE-APPLE-1L,Juices,107,1.1,False,False
2022-02-21,JCE-APPLE-1L,Juices,147,1.1,False,False
2022-02-22,JCE-APPLE-1L,Juices,127,1.1,False,False
2022-02-23,JCE-APPLE-1L,Juices,241,1.1,True,False
2022-02-24,JCE-APPLE-1L,Juices,162,1.1,False,False
2022-02-25,JCE-APPLE-1L,Juices,128,1.1,False,False
2022-02-26,JCE-APPLE-1L,Juices,177,1.1,False,False
2022-02-27,JCE-APPLE-1L,Juices,112,1.1,False,False
2022-02-28,JCE-APPLE-1L,Juices,92,1.1,False,False
2022-03-01,JCE-APPLE-1L,Juices,200,1.1,True,False
2022-03-02,JCE-APPLE-1L,Juices,118,1.1,False,False
2022-03-03,JCE-APPLE-1L,Juices,163,1.1,False,False
2022-03-04,JCE-APPLE-1L,Juices,178,1.1,False,False
2022-03-05,JCE-APPLE-1L,Juices,214,1.1,False,False
2022-03-06,JCE-APPLE-1L,Juices,112,1.1,False,False
2022-03-07,JCE-APPLE-1L,Juices,128,1.1,False,False
2022-03-08,JCE-APPLE-1L,Juices,134,1.1,False,False
2022-03-09,JCE-APPLE-1L,Juices,132,1.1,False,False
2022-03-10,JCE-APPLE-1L,Juices,169,1.1,False,False
2022-03-11,JCE-APPLE-1L,Juices,157,1.1,False,False
2022-03-12,JCE-APPLE-1L,Juices,183,1.1,False,False
2022-03-13,JCE-APPLE-1L,Juices,149,1.1,False,False
2022-03-14,JCE-APPLE-1L,Juices,116,1.1,False,False
2022-03-15,JCE-APPLE-1L,Juices,125,1.1,False,False
2022-03-16,JCE-APPLE-1L,Juices,128,1.1,False,False
2022-03-17,JCE-APPLE-1L,Juices,165,1.1,False,False
2022-03-18,JCE-APPLE-1L,Juices,156,1.1,False,False
2022-03-19,JCE-APPLE-1L,Juices,174,1.1,False,False
2022-03-20,JCE-APPLE-1L,Juices,133,1.1,False,False
2022-03-21,JCE-APPLE-1L,Juices,159,1.1,True,False
2022-03-22,JCE-APPLE-1L,Juices,108,1.1,False,False
2022-03-23,JCE-APPLE-1L,Juices,154,1.1,False,False
2022-03-24,JCE-APPLE-1L,Juices,140,1.1,False,False
2022-03-25,JCE-APPLE-1L,Juices,348,1.1,True,False
2022-03-26,JCE-APPLE-1L,Juices,188,1.1,False,False
2022-03-27,JCE-APPLE-1L,Juices,155,1.1,False,False
2022-03-28,JCE-APPLE-1L,Juices,120,1.1,False,False
2022-03-29,JCE-APPLE-1L,Juices,149,1.1,False,False
2022-03-30,JCE-APPLE-1L,Juices,128,1.1,False,False
2022-03-31,JCE-APPLE-1L,Juices,158,1.1,False,False
2022-04-01,JCE-APPLE-1L,Juices,161,1.1,False,False
2022-04-02,JCE-APPLE-1L,Juices,165,1.1,False,False
2022-04-03,JCE-APPLE-1L,Juices,120,1.1,False,False
2022-04-04,JCE-APPLE-1L,Juices,122,1.1,False,False
2022-04-05,JCE-APPLE-1L,Juices,123,1.1,False,False
2022-04-06,JCE-APPLE-1L,Juices,149,1.1,False,False
2022-04-07,JCE-APPLE-1L,Juices,155,1.1,False,False
2022-04-08,JCE-APPLE-1L,Juices,194,1.1,False,False
2022-04-09,JCE-APPLE-1L,Juices,157,1.1,False,False
2022-04-10,JCE-APPLE-1L,Juices,141,1.1,False,False
2022-04-11,JCE-APPLE-1L,Juices,139,1.1,False,False
2022-04-12,JCE-APPLE-1L,Juices,137,1.1,False,False
2022-04-13,JCE-APPLE-1L,Juices,146,1.1,False,False
2022-04-14,JCE-APPLE-1L,Juices,155,1.1,False,False
2022-04-15,JCE-APPLE-1L,Juices,210,1.1,False,False
2022-04-16,JCE-APPLE-1L,Juices,190,1.1,False,False
2022-04-17,JCE-APPLE-1L,Juices,136,1.1,False,False
2022-04-18,JCE-APPLE-1L,Juices,102,1.1,False,False
2022-04-19,JCE-APPLE-1L,Juices,128,1.1,False,False
2022-04-20,JCE-APPLE-1L,Juices,150,1.1,False,False
2022-04-21,JCE-APPLE-1L,Juices,172,1.1,False,False
2022-04-22,JCE-APPLE-1L,Juices,192,1.1,False,False
2022-04-23,JCE-APPLE-1L,Juices,0,1.1,False,True
2022-04-24,JCE-APPLE-1L,Juices,138,1.1,False,False
2022-04-25,JCE-APPLE-1L,Juices,143,1.1,False,False
2022-04-26,JCE-APPLE-1L,Juices,135,1.1,False,False
2022-04-27,JCE-APPLE-1L,Juices,142,1.1,False,False
2022-04-28,JCE-APPLE-1L,Juices,153,1.1,False,False
2022-04-29,JCE-APPLE-1L,Juices,152,1.1,False,False
2022-04-30,JCE-APPLE-1L,Juices,147,1.1,False,False
2022-05-01,JCE-APPLE-1L,Juices,152,1.1,False,False
2022-05-02,JCE-APPLE-1L,Juices,162,1.1,False,False
2022-05-03,JCE-APPLE-1L,Juices,141,1.1,False,False
2022-05-04,JCE-APPLE-1L,Juices,139,1.1,False,False
2022-05-05,JCE-APPLE-1L,Juices,188,1.1,False,False
2022-05-06,JCE-APPLE-1L,Juices,172,1.1,False,False
2022-05-07,JCE-APPLE-1L,Juices,225,1.1,False,False
2022-05-08,JCE-APPLE-1L,Juices,163,1.1,False,False
2022-05-09,JCE-APPLE-1L,Juices,171,1.1,False,False
2022-05-10,JCE-APPLE-1L,Juices,149,1.1,False,False
2022-05-11,JCE-APPLE-1L,Juices,143,1.1,False,False
2022-05-12,JCE-APPLE-1L,Juices,174,1.1,False,False
2022-05-13,JCE-APPLE-1L,Juices,223,1.1,False,False
2022-05-14,JCE-APPLE-1L,Juices,190,1.1,False,False
2022-05-15,JCE-APPLE-1L,Juices,131,1.1,False,False
2022-05-16,JCE-APPLE-1L,Juices,169,1.1,False,False
2022-05-17,JCE-APPLE-1L,Juices,132,1.1,False,False
2022-05-18,JCE-APPLE-1L,Juices,156,1.1,False,False
2022-05-19,JCE-APPLE-1L,Juices,206,1.1,False,False
2022-05-20,JCE-APPLE-1L,Juices,188,1.1,False,False
2022-05-21,JCE-APPLE-1L,Juices,155,1.1,False,False
2022-05-22,JCE-APPLE-1L,Juices,160,1.1,False,False
2022-05-23,JCE-APPLE-1L,Juices,111,1.1,False,False
2022-05-24,JCE-APPLE-1L,Juices,124,1.1,False,False
2022-05-25,JCE-APPLE-1L,Juices,244,1.1,True,False
2022-05-26,JCE-APPLE-1L,Juices,193,1.1,False,False
2022-05-27,JCE-APPLE-1L,Juices,183,1.1,False,False
2022-05-28,JCE-APPLE-1L,Juices,150,1.1,False,False
2022-05-29,JCE-APPLE-1L,Juices,130,1.1,False,False
2022-05-30,JCE-APPLE-1L,Juices,182,1.1,False,False
2022-05-31,JCE-APPLE-1L,Juices,171,1.1,False,False
2022-06-01,JCE-APPLE-1L,Juices,182,1.1,False,False
2022-06-02,JCE-APPLE-1L,Juices,175,1.1,False,False
2022-06-03,JCE-APPLE-1L,Juices,262,1.1,False,False
2022-06-04,JCE-APPLE-1L,Juices,173,1.1,False,False
2022-06-05,JCE-APPLE-1L,Juices,145,1.1,False,False
2022-06-06,JCE-APPLE-1L,Juices,146,1.1,False,False
2022-06-07,JCE-APPLE-1L,Juices,164,1.1,False,False
2022-06-08,JCE-APPLE-1L,Juices,162,1.1,False,False
2022-06-09,JCE-APPLE-1L,Juices,175,1.1,False,False
2022-06-10,JCE-APPLE-1L,Juices,0,1.1,False,True
2022-06-11,JCE-APPLE-1L,Juices,209,1.1,False,False
2022-06-12,JCE-APPLE-1L,Juices,149,1.1,False,False
2022-06-13,JCE-APPLE-1L,Juices,285,1.1,True,False
2022-06-14,JCE-APPLE-1L,Juices,176,1.1,False,False
2022-06-15,JCE-APPLE-1L,Juices,151,1.1,False,False
2022-06-16,JCE-APPLE-1L,Juices,155,1.1,False,False
2022-06-17,JCE-APPLE-1L,Juices,248,1.1,False,False
2022-06-18,JCE-APPLE-1L,Juices,213,1.1,False,False
2022-06-19,JCE-APPLE-1L,Juices,150,1.1,False,False
2022-06-20,JCE-APPLE-1L,Juices,112,1.1,False,False
2022-06-21,JCE-APPLE-1L,Juices,170,1.1,False,False
2022-06-22,JCE-APPLE-1L,Juices,195,1.1,False,False
2022-06-23,JCE-APPLE-1L,Juices,175,1.1,False,False
2022-06-24,JCE-APPLE-1L,Juices,234,1.1,False,False
2022-06-25,JCE-APPLE-1L,Juices,205,1.1,False,False
2022-06-26,JCE-APPLE-1L,Juices,124,1.1,False,False
2022-06-27,JCE-APPLE-1L,Juices,149,1.1,False,False
2022-06-28,JCE-APPLE-1L,Juices,108,1.1,False,False
2022-06-29,JCE-APPLE-1L,Juices,143,1.1,False,False
2022-06-30,JCE-APPLE-1L,Juices,198,1.1,False,False
2022-07-01,JCE-APPLE-1L,Juices,205,1.1,False,False
2022-07-02,JCE-APPLE-1L,Juices,276,1.1,True,False
2022-07-03,JCE-APPLE-1L,Juices,133,1.1,False,False
2022-07-04,JCE-APPLE-1L,Juices,162,1.1,False,False
2022-07-05,JCE-APPLE-1L,Juices,177,1.1,False,False
2022-07-06,JCE-APPLE-1L,Juices,137,1.1,False,False
2022-07-07,JCE-APPLE-1L,Juices,176,1.1,False,False
2022-07-08,JCE-APPLE-1L,Juices,229,1.1,False,False
2022-07-09,JCE-APPLE-1L,Juices,214,1.1,False,False
2022-07-10,JCE-APPLE-1L,Juices,157,1.1,False,False
2022-07-11,JCE-APPLE-1L,Juices,142,1.1,False,False
2022-07-12,JCE-APPLE-1L,Juices,140,1.1,False,False
2022-07-13,JCE-APPLE-1L,Juices,188,1.1,False,False
2022-07-14,JCE-APPLE-1L,Juices,205,1.1,False,False
2022-07-15,JCE-APPLE-1L,Juices,193,1.1,False,False
2022-07-16,JCE-APPLE-1L,Juices,225,1.1,False,False
2022-07-17,JCE-APPLE-1L,Juices,158,1.1,False,False
2022-07-18,JCE-APPLE-1L,Juices,154,1.1,False,False
2022-07-19,JCE-APPLE-1L,Juices,171,1.1,False,False
2022-07-20,JCE-APPLE-1L,Juices,170,1.1,False,False
2022-07-21,JCE-APPLE-1L,Juices,201,1.1,False,False
2022-07-22,JCE-APPLE-1L,Juices,185,1.1,False,False
2022-07-23,JCE-APPLE-1L,Juices,223,1.1,False,False
2022-07-24,JCE-APPLE-1L,Juices,147,1.1,False,False
2022-07-25,JCE-APPLE-1L,Juices,135,1.1,False,False
2022-07-26,JCE-APPLE-1L,Juices,158,1.1,False,False
2022-07-27,JCE-APPLE-1L,Juices,159,1.1,False,False
2022-07-28,JCE-APPLE-1L,Juices,178,1.1,False,False
2022-07-29,JCE-APPLE-1L,Juices,179,1.1,False,False
2022-07-30,JCE-APPLE-1L,Juices,173,1.1,False,False
2022-07-31,JCE-APPLE-1L,Juices,122,1.1,False,False
2022-08-01,JCE-APPLE-1L,Juices,154,1.1,False,False
2022-08-02,JCE-APPLE-1L,Juices,132,1.1,False,False
2022-08-03,JCE-APPLE-1L,Juices,171,1.1,False,False
2022-08-04,JCE-APPLE-1L,Juices,202,1.1,False,False
2022-08-05,JCE-APPLE-1L,Juices,181,1.1,False,False
2022-08-06,JCE-APPLE-1L,Juices,183,1.1,False,False
2022-08-07,JCE-APPLE-1L,Juices,146,1.1,False,False
2022-08-08,JCE-APPLE-1L,Juices,125,1.1,False,False
2022-08-09,JCE-APPLE-1L,Juices,152,1.1,False,False
2022-08-10,JCE-APPLE-1L,Juices,166,1.1,False,False
2022-08-11,JCE-APPLE-1L,Juices,166,1.1,False,False
2022-08-12,JCE-APPLE-1L,Juices,163,1.1,False,False
2022-08-13,JCE-APPLE-1L,Juices,213,1.1,False,False
2022-08-14,JCE-APPLE-1L,Juices,123,1.1,False,False
2022-08-15,JCE-APPLE-1L,Juices,163,1.1,False,False
2022-08-16,JCE-APPLE-1L,Juices,150,1.1,False,False
2022-08-17,JCE-APPLE-1L,Juices,164,1.1,False,False
2022-08-18,JCE-APPLE-1L,Juices,151,1.1,False,False
2022-08-19,JCE-APPLE-1L,Juices,191,1.1,False,False
2022-08-20,JCE-APPLE-1L,Juices,199,1.1,False,False
2022-08-21,JCE-APPLE-1L,Juices,161,1.1,False,False
2022-08-22,JCE-APPLE-1L,Juices,156,1.1,False,False
2022-08-23,JCE-APPLE-1L,Juices,167,1.1,False,False
2022-08-24,JCE-APPLE-1L,Juices,163,1.1,False,False
2022-08-25,JCE-APPLE-1L,Juices,208,1.1,False,False
2022-08-26,JCE-APPLE-1L,Juices,176,1.1,False,False
2022-08-27,JCE-APPLE-1L,Juices,172,1.1,False,False
2022-08-28,JCE-APPLE-1L,Juices,165,1.1,False,False
2022-08-29,JCE-APPLE-1L,Juices,163,1.1,False,False
2022-08-30,JCE-APPLE-1L,Juices,130,1.1,False,False
2022-08-31,JCE-APPLE-1L,Juices,172,1.1,False,False
2022-09-01,JCE-APPLE-1L,Juices,180,1.1,False,False
2022-09-02,JCE-APPLE-1L,Juices,220,1.1,False,False
2022-09-03,JCE-APPLE-1L,Juices,224,1.1,False,False
2022-09-04,JCE-APPLE-1L,Juices,142,1.1,False,False
2022-09-05,JCE-APPLE-1L,Juices,133,1.1,False,False
2022-09-06,JCE-APPLE-1L,Juices,109,1.1,False,False
2022-09-07,JCE-APPLE-1L,Juices,204,1.1,False,False
2022-09-08,JCE-APPLE-1L,Juices,192,1.1,False,False
2022-09-09,JCE-APPLE-1L,Juices,225,1.1,False,False
2022-09-10,JCE-APPLE-1L,Juices,210,1.1,False,False
2022-09-11,JCE-APPLE-1L,Juices,199,1.1,True,False
2022-09-12,JCE-APPLE-1L,Juices,149,1.1,False,False
2022-09-13,JCE-APPLE-1L,Juices,127,1.1,False,False
2022-09-14,JCE-APPLE-1L,Juices,173,1.1,False,False
2022-09-15,JCE-APPLE-1L,Juices,170,1.1,False,False
2022-09-16,JCE-APPLE-1L,Juices,185,1.1,False,False
2022-09-17,JCE-APPLE-1L,Juices,199,1.1,False,False
2022-09-18,JCE-APPLE-1L,Juices,132,1.1,False,False
2022-09-19,JCE-APPLE-1L,Juices,147,1.1,False,False
2022-09-20,JCE-APPLE-1L,Juices,136,1.1,False,False
2022-09-21,JCE-APPLE-1L,Juices,158,1.1,False,False
2022-09-22,JCE-APPLE-1L,Juices,198,1.1,False,False
2022-09-23,JCE-APPLE-1L,Juices,182,1.1,False,False
2022-09-24,JCE-APPLE-1L,Juices,191,1.1,False,False
2022-09-25,JCE-APPLE-1L,Juices,150,1.1,False,False
2022-09-26,JCE-APPLE-1L,Juices,137,1.1,False,False
2022-09-27,JCE-APPLE-1L,Juices,138,1.1,False,False
2022-09-28,JCE-APPLE-1L,Juices,162,1.1,False,False
2022-09-29,JCE-APPLE-1L,Juices,155,1.1,False,False
2022-09-30,JCE-APPLE-1L,Juices,244,1.1,False,False
2022-10-01,JCE-APPLE-1L,Juices,164,1.1,False,False
2022-10-02,JCE-APPLE-1L,Juices,93,1.1,False,False
2022-10-03,JCE-APPLE-1L,Juices,146,1.1,False,False
2022-10-04,JCE-APPLE-1L,Juices,139,1.1,False,False
2022-10-05,JCE-APPLE-1L,Juices,147,1.1,False,False
2022-10-06,JCE-APPLE-1L,Juices,139,1.1,False,False
2022-10-07,JCE-APPLE-1L,Juices,180,1.1,False,False
2022-10-08,JCE-APPLE-1L,Juices,189,1.1,False,False
2022-10-09,JCE-APPLE-1L,Juices,140,1.1,False,False
2022-10-10,JCE-APPLE-1L,Juices,115,1.1,False,False
2022-10-11,JCE-APPLE-1L,Juices,115,1.1,False,False
2022-10-12,JCE-APPLE-1L,Juices,132,1.1,False,False
2022-10-13,JCE-APPLE-1L,Juices,188,1.1,False,False
2022-10-14,JCE-APPLE-1L,Juices,210,1.1,False,False
2022-10-15,JCE-APPLE-1L,Juices,172,1.1,False,False
2022-10-16,JCE-APPLE-1L,Juices,118,1.1,False,False
2022-10-17,JCE-APPLE-1L,Juices,128,1.1,False,False
2022-10-18,JCE-APPLE-1L,Juices,137,1.1,False,False
2022-10-19,JCE-APPLE-1L,Juices,123,1.1,False,False
2022-10-20,JCE-APPLE-1L,Juices,168,1.1,False,False
2022-10-21,JCE-APPLE-1L,Juices,202,1.1,False,False
2022-10-22,JCE-APPLE-1L,Juices,189,1.1,False,False
2022-10-23,JCE-APPLE-1L,Juices,131,1.1,False,False
2022-10-24,JCE-APPLE-1L,Juices,168,1.1,False,False
2022-10-25,JCE-APPLE-1L,Juices,128,1.1,False,False
2022-10-26,JCE-APPLE-1L,Juices,138,1.1,False,False
2022-10-27,JCE-APPLE-1L,Juices,180,1.1,False,False
2022-10-28,JCE-APPLE-1L,Juices,158,1.1,False,False
2022-10-29,JCE-APPLE-1L,Juices,178,1.1,False,False
2022-10-30,JCE-APPLE-1L,Juices,156,1.1,False,False
2022-10-31,JCE-APPLE-1L,Juices,116,1.1,False,False
2022-11-01,JCE-APPLE-1L,Juices,143,1.1,False,False
2022-11-02,JCE-APPLE-1L,Juices,227,1.1,True,False
2022-11-03,JCE-APPLE-1L,Juices,166,1.1,False,False
2022-11-04,JCE-APPLE-1L,Juices,164,1.1,False,False
2022-11-05,JCE-APPLE-1L,Juices,183,1.1,False,False
2022-11-06,JCE-APPLE-1L,Juices,140,1.1,False,False
2022-11-07,JCE-APPLE-1L,Juices,160,1.1,False,False
2022-11-08,JCE-APPLE-1L,Juices,132,1.1,False,False
2022-11-09,JCE-APPLE-1L,Juices,134,1.1,False,False
2022-11-10,JCE-APPLE-1L,Juices,172,1.1,False,False
2022-11-11,JCE-APPLE-1L,Juices,180,1.1,False,False
2022-11-12,JCE-APPLE-1L,Juices,181,1.1,False,False
2022-11-13,JCE-APPLE-1L,Juices,154,1.1,False,False
2022-11-14,JCE-APPLE-1L,Juices,125,1.1,False,False
2022-11-15,JCE-APPLE-1L,Juices,133,1.1,False,False
2022-11-16,JCE-APPLE-1L,Juices,147,1.1,False,False
2022-11-17,JCE-APPLE-1L,Juices,143,1.1,False,False
2022-11-18,JCE-APPLE-1L,Juices,169,1.1,False,False
2022-11-19,JCE-APPLE-1L,Juices,143,1.1,False,False
2022-11-20,JCE-APPLE-1L,Juices,112,1.1,False,False
2022-11-21,JCE-APPLE-1L,Juices,136,1.1,False,False
2022-11-22,JCE-APPLE-1L,Juices,109,1.1,False,False
2022-11-23,JCE-APPLE-1L,Juices,168,1.1,False,False
2022-11-24,JCE-APPLE-1L,Juices,175,1.1,False,False
2022-11-25,JCE-APPLE-1L,Juices,196,1.1,False,False
2022-11-26,JCE-APPLE-1L,Juices,211,1.1,False,False
2022-11-27,JCE-APPLE-1L,Juices,141,1.1,False,False
2022-11-28,JCE-APPLE-1L,Juices,162,1.1,False,False
2022-11-29,JCE-APPLE-1L,Juices,132,1.1,False,False
2022-11-30,JCE-APPLE-1L,Juices,133,1.1,False,False
2022-12-01,JCE-APPLE-1L,Juices,153,1.1,False,False
2022-12-02,JCE-APPLE-1L,Juices,202,1.1,False,False
2022-12-03,JCE-APPLE-1L,Juices,225,1.1,False,False
2022-12-04,JCE-APPLE-1L,Juices,116,1.1,False,False
2022-12-05,JCE-APPLE-1L,Juices,122,1.1,False,False
2022-12-06,JCE-APPLE-1L,Juices,129,1.1,False,False
2022-12-07,JCE-APPLE-1L,Juices,178,1.1,False,False
2022-12-08,JCE-APPLE-1L,Juices,190,1.1,False,False
2022-12-09,JCE-APPLE-1L,Juices,145,1.1,False,False
2022-12-10,JCE-APPLE-1L,Juices,131,1.1,False,False
2022-12-11,JCE-APPLE-1L,Juices,204,1.1,True,False
2022-12-12,JCE-APPLE-1L,Juices,145,1.1,False,False
2022-12-13,JCE-APPLE-1L,Juices,123,1.1,False,False
2022-12-14,JCE-APPLE-1L,Juices,143,1.1,False,False
2022-12-15,JCE-APPLE-1L,Juices,188,1.1,False,False
2022-12-16,JCE-APPLE-1L,Juices,160,1.1,False,False
2022-12-17,JCE-APPLE-1L,Juices,180,1.1,False,False
2022-12-18,JCE-APPLE-1L,Juices,148,1.1,False,False
2022-12-19,JCE-APPLE-1L,Juices,142,1.1,False,False
2022-12-20,JCE-APPLE-1L,Juices,128,1.1,False,False
2022-12-21,JCE-APPLE-1L,Juices,119,1.1,False,False
2022-12-22,JCE-APPLE-1L,Juices,158,1.1,False,False
2022-12-23,JCE-APPLE-1L,Juices,164,1.1,False,False
2022-12-24,JCE-APPLE-1L,Juices,173,1.1,False,False
2022-12-25,JCE-APPLE-1L,Juices,113,1.1,False,False
2022-12-26,JCE-APPLE-1L,Juices,150,1.1,False,False
2022-12-27,JCE-APPLE-1L,Juices,139,1.1,False,False
2022-12-28,JCE-APPLE-1L,Juices,148,1.1,False,False
2022-12-29,JCE-APPLE-1L,Juices,188,1.1,False,False
2022-12-30,JCE-APPLE-1L,Juices,181,1.1,False,False
2022-12-31,JCE-APPLE-1L,Juices,336,1.1,True,False
2023-01-01,JCE-APPLE-1L,Juices,110,1.1,False,False
2023-01-02,JCE-APPLE-1L,Juices,142,1.1,False,False
2023-01-03,JCE-APPLE-1L,Juices,120,1.1,False,False
2023-01-04,JCE-APPLE-1L,Juices,137,1.1,False,False
2023-01-05,JCE-APPLE-1L,Juices,167,1.1,False,False
2023-01-06,JCE-APPLE-1L,Juices,169,1.1,False,False
2023-01-07,JCE-APPLE-1L,Juices,170,1.1,False,False
2023-01-08,JCE-APPLE-1L,Juices,141,1.1,False,False
2023-01-09,JCE-APPLE-1L,Juices,130,1.1,False,False
2023-01-10,JCE-APPLE-1L,Juices,0,1.1,False,True
2023-01-11,JCE-APPLE-1L,Juices,112,1.1,False,False
2023-01-12,JCE-APPLE-1L,Juices,137,1.1,False,False
2023-01-13,JCE-APPLE-1L,Juices,166,1.1,False,False
2023-01-14,JCE-APPLE-1L,Juices,162,1.1,False,False
2023-01-15,JCE-APPLE-1L,Juices,107,1.1,False,False
2023-01-16,JCE-APPLE-1L,Juices,121,1.1,False,False
2023-01-17,JCE-APPLE-1L,Juices,131,1.1,False,False
2023-01-18,JCE-APPLE-1L,Juices,131,1.1,False,False
2023-01-19,JCE-APPLE-1L,Juices,174,1.1,False,False
2023-01-20,JCE-APPLE-1L,Juices,194,1.1,False,False
2023-01-21,JCE-APPLE-1L,Juices,255,1.1,True,False
2023-01-22,JCE-APPLE-1L,Juices,157,1.1,False,False
2023-01-23,JCE-APPLE-1L,Juices,104,1.1,False,False
2023-01-24,JCE-APPLE-1L,Juices,110,1.1,False,False
2023-01-25,JCE-APPLE-1L,Juices,117,1.1,False,False
2023-01-26,JCE-APPLE-1L,Juices,151,1.1,False,False
2023-01-27,JCE-APPLE-1L,Juices,148,1.1,False,False
2023-01-28,JCE-APPLE-1L,Juices,171,1.1,False,False
2023-01-29,JCE-APPLE-1L,Juices,132,1.1,False,False
2023-01-30,JCE-APPLE-1L,Juices,234,1.1,True,False
2023-01-31,JCE-APPLE-1L,Juices,127,1.1,False,False
2023-02-01,JCE-APPLE-1L,Juices,139,1.1,False,False
2023-02-02,JCE-APPLE-1L,Juices,140,1.1,False,False
2023-02-03,JCE-APPLE-1L,Juices,169,1.1,False,False
2023-02-04,JCE-APPLE-1L,Juices,135,1.1,False,False
2023-02-05,JCE-APPLE-1L,Juices,110,1.1,False,False
2023-02-06,JCE-APPLE-1L,Juices,143,1.1,False,False
2023-02-07,JCE-APPLE-1L,Juices,108,1.1,False,False
2023-02-08,JCE-APPLE-1L,Juices,134,1.1,False,False
2023-02-09,JCE-APPLE-1L,Juices,143,1.1,False,False
2023-02-10,JCE-APPLE-1L,Juices,173,1.1,False,False
2023-02-11,JCE-APPLE-1L,Juices,167,1.1,False,False
2023-02-12,JCE-APPLE-1L,Juices,113,1.1,False,False
2023-02-13,JCE-APPLE-1L,Juices,102,1.1,False,False
2023-02-14,JCE-APPLE-1L,Juices,135,1.1,False,False
2023-02-15,JCE-APPLE-1L,Juices,168,1.1,False,False
2023-02-16,JCE-APPLE-1L,Juices,120,1.1,False,False
2023-02-17,JCE-APPLE-1L,Juices,142,1.1,False,False
2023-02-18,JCE-APPLE-1L,Juices,169,1.1,False,False
2023-02-19,JCE-APPLE-1L,Juices,115,1.1,False,False
2023-02-20,JCE-APPLE-1L,Juices,133,1.1,False,False
2023-02-21,JCE-APPLE-1L,Juices,123,1.1,False,False
2023-02-22,JCE-APPLE-1L,Juices,156,1.1,False,False
2023-02-23,JCE-APPLE-1L,Juices,147,1.1,False,False
2023-02-24,JCE-APPLE-1L,Juices,167,1.1,False,False
2023-02-25,JCE-APPLE-1L,Juices,172,1.1,False,False
2023-02-26,JCE-APPLE-1L,Juices,111,1.1,False,False
2023-02-27,JCE-APPLE-1L,Juices,135,1.1,False,False
2023-02-28,JCE-APPLE-1L,Juices,155,1.1,False,False
2023-03-01,JCE-APPLE-1L,Juices,121,1.1,False,False
2023-03-02,JCE-APPLE-1L,Juices,169,1.1,False,False
2023-03-03,JCE-APPLE-1L,Juices,161,1.1,False,False
2023-03-04,JCE-APPLE-1L,Juices,169,1.1,False,False
2023-03-05,JCE-APPLE-1L,Juices,131,1.1,False,False
2023-03-06,JCE-APPLE-1L,Juices,147,1.1,False,False
2023-03-07,JCE-APPLE-1L,Juices,111,1.1,False,False
2023-03-08,JCE-APPLE-1L,Juices,148,1.1,False,False
2023-03-09,JCE-APPLE-1L,Juices,155,1.1,False,False
2023-03-10,JCE-APPLE-1L,Juices,176,1.1,False,False
2023-03-11,JCE-APPLE-1L,Juices,195,1.1,False,False
2023-03-12,JCE-APPLE-1L,Juices,139,1.1,False,False
2023-03-13,JCE-APPLE-1L,Juices,120,1.1,False,False
2023-03-14,JCE-APPLE-1L,Juices,149,1.1,False,False
2023-03-15,JCE-APPLE-1L,Juices,167,1.1,False,False
2023-03-16,JCE-APPLE-1L,Juices,204,1.1,False,False
2023-03-17,JCE-APPLE-1L,Juices,199,1.1,False,False
2023-03-18,JCE-APPLE-1L,Juices,154,1.1,False,False
2023-03-19,JCE-APPLE-1L,Juices,137,1.1,False,False
2023-03-20,JCE-APPLE-1L,Juices,116,1.1,False,False
2023-03-21,JCE-APPLE-1L,Juices,124,1.1,False,False
2023-03-22,JCE-APPLE-1L,Juices,170,1.1,False,False
2023-03-23,JCE-APPLE-1L,Juices,176,1.1,False,False
2023-03-24,JCE-APPLE-1L,Juices,170,1.1,False,False
2023-03-25,JCE-APPLE-1L,Juices,160,1.1,False,False
2023-03-26,JCE-APPLE-1L,Juices,144,1.1,False,False
2023-03-27,JCE-APPLE-1L,Juices,143,1.1,False,False
2023-03-28,JCE-APPLE-1L,Juices,196,1.1,True,False
2023-03-29,JCE-APPLE-1L,Juices,119,1.1,False,False
2023-03-30,JCE-APPLE-1L,Juices,154,1.1,False,False
2023-03-31,JCE-APPLE-1L,Juices,217,1.1,False,False
2023-04-01,JCE-APPLE-1L,Juices,185,1.1,False,False
2023-04-02,JCE-APPLE-1L,Juices,132,1.1,False,False
2023-04-03,JCE-APPLE-1L,Juices,172,1.1,False,False
2023-04-04,JCE-APPLE-1L,Juices,128,1.1,False,False
2023-04-05,JCE-APPLE-1L,Juices,159,1.1,False,False
2023-04-06,JCE-APPLE-1L,Juices,157,1.1,False,False
2023-04-07,JCE-APPLE-1L,Juices,187,1.1,False,False
2023-04-08,JCE-APPLE-1L,Juices,187,1.1,False,False
2023-04-09,JCE-APPLE-1L,Juices,122,1.1,False,False
2023-04-10,JCE-APPLE-1L,Juices,118,1.1,False,False
2023-04-11,JCE-APPLE-1L,Juices,138,1.1,False,False
2023-04-12,JCE-APPLE-1L,Juices,154,1.1,False,False
2023-04-13,JCE-APPLE-1L,Juices,183,1.1,False,False
2023-04-14,JCE-APPLE-1L,Juices,203,1.1,False,False
2023-04-15,JCE-APPLE-1L,Juices,218,1.1,False,False
2023-04-16,JCE-APPLE-1L,Juices,146,1.1,False,False
2023-04-17,JCE-APPLE-1L,Juices,151,1.1,False,False
2023-04-18,JCE-APPLE-1L,Juices,123,1.1,False,False
2023-04-19,JCE-APPLE-1L,Juices,164,1.1,False,False
2023-04-20,JCE-APPLE-1L,Juices,155,1.1,False,False
2023-04-21,JCE-APPLE-1L,Juices,188,1.1,False,False
2023-04-22,JCE-APPLE-1L,Juices,204,1.1,False,False
2023-04-23,JCE-APPLE-1L,Juices,115,1.1,False,False
2023-04-24,JCE-APPLE-1L,Juices,146,1.1,False,False
2023-04-25,JCE-APPLE-1L,Juices,146,1.1,False,False
2023-04-26,JCE-APPLE-1L,Juices,158,1.1,False,False
2023-04-27,JCE-APPLE-1L,Juices,159,1.1,False,False
2023-04-28,JCE-APPLE-1L,Juices,180,1.1,False,False
2023-04-29,JCE-APPLE-1L,Juices,190,1.1,False,False
2023-04-30,JCE-APPLE-1L,Juices,163,1.1,False,False
2023-05-01,JCE-APPLE-1L,Juices,157,1.1,False,False
2023-05-02,JCE-APPLE-1L,Juices,192,1.1,False,False
2023-05-03,JCE-APPLE-1L,Juices,153,1.1,False,False
2023-05-04,JCE-APPLE-1L,Juices,265,1.1,False,False
2023-05-05,JCE-APPLE-1L,Juices,221,1.1,False,False
2023-05-06,JCE-APPLE-1L,Juices,248,1.1,False,False
2023-05-07,JCE-APPLE-1L,Juices,159,1.1,False,False
2023-05-08,JCE-APPLE-1L,Juices,144,1.1,False,False
2023-05-09,JCE-APPLE-1L,Juices,177,1.1,False,False
2023-05-10,JCE-APPLE-1L,Juices,194,1.1,False,False
2023-05-11,JCE-APPLE-1L,Juices,168,1.1,False,False
2023-05-12,JCE-APPLE-1L,Juices,231,1.1,False,False
2023-05-13,JCE-APPLE-1L,Juices,228,1.1,False,False
2023-05-14,JCE-APPLE-1L,Juices,145,1.1,False,False
2023-05-15,JCE-APPLE-1L,Juices,174,1.1,False,False
2023-05-16,JCE-APPLE-1L,Juices,159,1.1,False,False
2023-05-17,JCE-APPLE-1L,Juices,177,1.1,False,False
2023-05-18,JCE-APPLE-1L,Juices,140,1.1,False,False
2023-05-19,JCE-APPLE-1L,Juices,182,1.1,False,False
2023-05-20,JCE-APPLE-1L,Juices,185,1.1,False,False
2023-05-21,JCE-APPLE-1L,Juices,135,1.1,False,False
2023-05-22,JCE-APPLE-1L,Juices,162,1.1,False,False
2023-05-23,JCE-APPLE-1L,Juices,136,1.1,False,False
2023-05-24,JCE-APPLE-1L,Juices,174,1.1,False,False
2023-05-25,JCE-APPLE-1L,Juices,188,1.1,False,False
2023-05-26,JCE-APPLE-1L,Juices,233,1.1,False,False
2023-05-27,JCE-APPLE-1L,Juices,227,1.1,False,False
2023-05-28,JCE-APPLE-1L,Juices,205,1.1,True,False
2023-05-29,JCE-APPLE-1L,Juices,179,1.1,False,False
2023-05-30,JCE-APPLE-1L,Juices,191,1.1,False,False
2023-05-31,JCE-APPLE-1L,Juices,173,1.1,False,False
2023-06-01,JCE-APPLE-1L,Juices,0,1.1,False,True
2023-06-02,JCE-APPLE-1L,Juices,202,1.1,False,False
2023-06-03,JCE-APPLE-1L,Juices,233,1.1,False,False
2023-06-04,JCE-APPLE-1L,Juices,137,1.1,False,False
2023-06-05,JCE-APPLE-1L,Juices,153,1.1,False,False
2023-06-06,JCE-APPLE-1L,Juices,160,1.1,False,False
2023-06-07,JCE-APPLE-1L,Juices,224,1.1,False,False
2023-06-08,JCE-APPLE-1L,Juices,217,1.1,False,False
2023-06-09,JCE-APPLE-1L,Juices,218,1.1,False,False
2023-06-10,JCE-APPLE-1L,Juices,206,1.1,False,False
2023-06-11,JCE-APPLE-1L,Juices,145,1.1,False,False
2023-06-12,JCE-APPLE-1L,Juices,146,1.1,False,False
2023-06-13,JCE-APPLE-1L,Juices,162,1.1,False,False
2023-06-14,JCE-APPLE-1L,Juices,170,1.1,False,False
2023-06-15,JCE-APPLE-1L,Juices,204,1.1,False,False
2023-06-16,JCE-APPLE-1L,Juices,209,1.1,False,False
2023-06-17,JCE-APPLE-1L,Juices,234,1.1,False,False
2023-06-18,JCE-APPLE-1L,Juices,141,1.1,False,False
2023-06-19,JCE-APPLE-1L,Juices,134,1.1,False,False
2023-06-20,JCE-APPLE-1L,Juices,189,1.1,False,False
2023-06-21,JCE-APPLE-1L,Juices,181,1.1,False,False
2023-06-22,JCE-APPLE-1L,Juices,233,1.1,False,False
2023-06-23,JCE-APPLE-1L,Juices,196,1.1,False,False
2023-06-24,JCE-APPLE-1L,Juices,219,1.1,False,False
2023-06-25,JCE-APPLE-1L,Juices,156,1.1,False,False
2023-06-26,JCE-APPLE-1L,Juices,177,1.1,False,False
2023-06-27,JCE-APPLE-1L,Juices,167,1.1,False,False
2023-06-28,JCE-APPLE-1L,Juices,206,1.1,False,False
2023-06-29,JCE-APPLE-1L,Juices,190,1.1,False,False
2023-06-30,JCE-APPLE-1L,Juices,226,1.1,False,False
2023-07-01,JCE-APPLE-1L,Juices,215,1.1,False,False
2023-07-02,JCE-APPLE-1L,Juices,149,1.1,False,False
2023-07-03,JCE-APPLE-1L,Juices,150,1.1,False,False
2023-07-04,JCE-APPLE-1L,Juices,142,1.1,False,False
2023-07-05,JCE-APPLE-1L,Juices,176,1.1,False,False
2023-07-06,JCE-APPLE-1L,Juices,171,1.1,False,False
2023-07-07,JCE-APPLE-1L,Juices,245,1.1,False,False
2023-07-08,JCE-APPLE-1L,Juices,168,1.1,False,False
2023-07-09,JCE-APPLE-1L,Juices,148,1.1,False,False
2023-07-10,JCE-APPLE-1L,Juices,185,1.1,False,False
2023-07-11,JCE-APPLE-1L,Juices,132,1.1,False,False
2023-07-12,JCE-APPLE-1L,Juices,189,1.1,False,False
2023-07-13,JCE-APPLE-1L,Juices,235,1.1,False,False
2023-07-14,JCE-APPLE-1L,Juices,0,1.1,False,True
2023-07-15,JCE-APPLE-1L,Juices,198,1.1,False,False
2023-07-16,JCE-APPLE-1L,Juices,164,1.1,False,False
2023-07-17,JCE-APPLE-1L,Juices,208,1.1,False,False
2023-07-18,JCE-APPLE-1L,Juices,161,1.1,False,False
2023-07-19,JCE-APPLE-1L,Juices,194,1.1,False,False
2023-07-20,JCE-APPLE-1L,Juices,221,1.1,False,False
2023-07-21,JCE-APPLE-1L,Juices,258,1.1,False,False
2023-07-22,JCE-APPLE-1L,Juices,255,1.1,False,False
2023-07-23,JCE-APPLE-1L,Juices,153,1.1,False,False
2023-07-24,JCE-APPLE-1L,Juices,154,1.1,False,False
2023-07-25,JCE-APPLE-1L,Juices,156,1.1,False,False
2023-07-26,JCE-APPLE-1L,Juices,244,1.1,False,False
2023-07-27,JCE-APPLE-1L,Juices,181,1.1,False,False
2023-07-28,JCE-APPLE-1L,Juices,235,1.1,False,False
2023-07-29,JCE-APPLE-1L,Juices,241,1.1,False,False
2023-07-30,JCE-APPLE-1L,Juices,180,1.1,False,False
2023-07-31,JCE-APPLE-1L,Juices,148,1.1,False,False
2023-08-01,JCE-APPLE-1L,Juices,162,1.1,False,False
2023-08-02,JCE-APPLE-1L,Juices,163,1.1,False,False
2023-08-03,JCE-APPLE-1L,Juices,226,1.1,False,False
2023-08-04,JCE-APPLE-1L,Juices,266,1.1,False,False
2023-08-05,JCE-APPLE-1L,Juices,209,1.1,False,False
2023-08-06,JCE-APPLE-1L,Juices,148,1.1,False,False
2023-08-07,JCE-APPLE-1L,Juices,168,1.1,False,False
2023-08-08,JCE-APPLE-1L,Juices,314,1.1,True,False
2023-08-09,JCE-APPLE-1L,Juices,170,1.1,False,False
2023-08-10,JCE-APPLE-1L,Juices,296,1.1,True,False
2023-08-11,JCE-APPLE-1L,Juices,216,1.1,False,False
2023-08-12,JCE-APPLE-1L,Juices,195,1.1,False,False
2023-08-13,JCE-APPLE-1L,Juices,158,1.1,False,False
2023-08-14,JCE-APPLE-1L,Juices,158,1.1,False,False
2023-08-15,JCE-APPLE-1L,Juices,152,1.1,False,False
2023-08-16,JCE-APPLE-1L,Juices,189,1.1,False,False
2023-08-17,JCE-APPLE-1L,Juices,212,1.1,False,False
2023-08-18,JCE-APPLE-1L,Juices,256,1.1,False,False
2023-08-19,JCE-APPLE-1L,Juices,213,1.1,False,False
2023-08-20,JCE-APPLE-1L,Juices,144,1.1,False,False
2023-08-21,JCE-APPLE-1L,Juices,174,1.1,False,False
2023-08-22,JCE-APPLE-1L,Juices,156,1.1,False,False
2023-08-23,JCE-APPLE-1L,Juices,141,1.1,False,False
2023-08-24,JCE-APPLE-1L,Juices,215,1.1,False,False
2023-08-25,JCE-APPLE-1L,Juices,236,1.1,False,False
2023-08-26,JCE-APPLE-1L,Juices,263,1.1,False,False
2023-08-27,JCE-APPLE-1L,Juices,170,1.1,False,False
2023-08-28,JCE-APPLE-1L,Juices,128,1.1,False,False
2023-08-29,JCE-APPLE-1L,Juices,130,1.1,False,False
2023-08-30,JCE-APPLE-1L,Juices,189,1.1,False,False
2023-08-31,JCE-APPLE-1L,Juices,192,1.1,False,False
2023-09-01,JCE-APPLE-1L,Juices,210,1.1,False,False
2023-09-02,JCE-APPLE-1L,Juices,230,1.1,False,False
2023-09-03,JCE-APPLE-1L,Juices,156,1.1,False,False
2023-09-04,JCE-APPLE-1L,Juices,157,1.1,False,False
2023-09-05,JCE-APPLE-1L,Juices,152,1.1,False,False
2023-09-06,JCE-APPLE-1L,Juices,149,1.1,False,False
2023-09-07,JCE-APPLE-1L,Juices,184,1.1,False,False
2023-09-08,JCE-APPLE-1L,Juices,213,1.1,False,False
2023-09-09,JCE-APPLE-1L,Juices,231,1.1,False,False
2023-09-10,JCE-APPLE-1L,Juices,148,1.1,False,False
2023-09-11,JCE-APPLE-1L,Juices,169,1.1,False,False
2023-09-12,JCE-APPLE-1L,Juices,169,1.1,False,False
2023-09-13,JCE-APPLE-1L,Juices,139,1.1,False,False
2023-09-14,JCE-APPLE-1L,Juices,184,1.1,False,False
2023-09-15,JCE-APPLE-1L,Juices,183,1.1,False,False
2023-09-16,JCE-APPLE-1L,Juices,207,1.1,False,False
2023-09-17,JCE-APPLE-1L,Juices,152,1.1,False,False
2023-09-18,JCE-APPLE-1L,Juices,146,1.1,False,False
2023-09-19,JCE-APPLE-1L,Juices,171,1.1,False,False
2023-09-20,JCE-APPLE-1L,Juices,166,1.1,False,False
2023-09-21,JCE-APPLE-1L,Juices,170,1.1,False,False
2023-09-22,JCE-APPLE-1L,Juices,196,1.1,False,False
2023-09-23,JCE-APPLE-1L,Juices,214,1.1,False,False
2023-09-24,JCE-APPLE-1L,Juices,164,1.1,False,False
2023-09-25,JCE-APPLE-1L,Juices,192,1.1,False,False
2023-09-26,JCE-APPLE-1L,Juices,168,1.1,False,False
2023-09-27,JCE-APPLE-1L,Juices,164,1.1,False,False
2023-09-28,JCE-APPLE-1L,Juices,169,1.1,False,False
2023-09-29,JCE-APPLE-1L,Juices,229,1.1,False,False
2023-09-30,JCE-APPLE-1L,Juices,206,1.1,False,False
2023-10-01,JCE-APPLE-1L,Juices,134,1.1,False,False
2023-10-02,JCE-APPLE-1L,Juices,190,1.1,False,False
2023-10-03,JCE-APPLE-1L,Juices,137,1.1,False,False
2023-10-04,JCE-APPLE-1L,Juices,152,1.1,False,False
2023-10-05,JCE-APPLE-1L,Juices,199,1.1,False,False
2023-10-06,JCE-APPLE-1L,Juices,212,1.1,False,False
2023-10-07,JCE-APPLE-1L,Juices,148,1.1,False,False
2023-10-08,JCE-APPLE-1L,Juices,118,1.1,False,False
2023-10-09,JCE-APPLE-1L,Juices,152,1.1,False,False
2023-10-10,JCE-APPLE-1L,Juices,153,1.1,False,False
2023-10-11,JCE-APPLE-1L,Juices,136,1.1,False,False
2023-10-12,JCE-APPLE-1L,Juices,204,1.1,False,False
2023-10-13,JCE-APPLE-1L,Juices,185,1.1,False,False
2023-10-14,JCE-APPLE-1L,Juices,195,1.1,False,False
2023-10-15,JCE-APPLE-1L,Juices,158,1.1,False,False
2023-10-16,JCE-APPLE-1L,Juices,149,1.1,False,False
2023-10-17,JCE-APPLE-1L,Juices,177,1.1,False,False
2023-10-18,JCE-APPLE-1L,Juices,192,1.1,False,False
2023-10-19,JCE-APPLE-1L,Juices,186,1.1,False,False
2023-10-20,JCE-APPLE-1L,Juices,190,1.1,False,False
2023-10-21,JCE-APPLE-1L,Juices,196,1.1,False,False
2023-10-22,JCE-APPLE-1L,Juices,154,1.1,False,False
2023-10-23,JCE-APPLE-1L,Juices,124,1.1,False,False
2023-10-24,JCE-APPLE-1L,Juices,138,1.1,False,False
2023-10-25,JCE-APPLE-1L,Juices,145,1.1,False,False
2023-10-26,JCE-APPLE-1L,Juices,198,1.1,False,False
2023-10-27,JCE-APPLE-1L,Juices,189,1.1,False,False
2023-10-28,JCE-APPLE-1L,Juices,231,1.1,False,False
2023-10-29,JCE-APPLE-1L,Juices,112,1.1,False,False
2023-10-30,JCE-APPLE-1L,Juices,138,1.1,False,False
2023-10-31,JCE-APPLE-1L,Juices,174,1.1,False,False
2023-11-01,JCE-APPLE-1L,Juices,111,1.1,False,False
2023-11-02,JCE-APPLE-1L,Juices,195,1.1,False,False
2023-11-03,JCE-APPLE-1L,Juices,204,1.1,False,False
2023-11-04,JCE-APPLE-1L,Juices,184,1.1,False,False
2023-11-05,JCE-APPLE-1L,Juices,119,1.1,False,False
2023-11-06,JCE-APPLE-1L,Juices,129,1.1,False,False
2023-11-07,JCE-APPLE-1L,Juices,186,1.1,False,False
2023-11-08,JCE-APPLE-1L,Juices,129,1.1,False,False
2023-11-09,JCE-APPLE-1L,Juices,177,1.1,False,False
2023-11-10,JCE-APPLE-1L,Juices,173,1.1,False,False
2023-11-11,JCE-APPLE-1L,Juices,203,1.1,False,False
2023-11-12,JCE-APPLE-1L,Juices,133,1.1,False,False
2023-11-13,JCE-APPLE-1L,Juices,163,1.1,False,False
2023-11-14,JCE-APPLE-1L,Juices,170,1.1,False,False
2023-11-15,JCE-APPLE-1L,Juices,153,1.1,False,False
2023-11-16,JCE-APPLE-1L,Juices,207,1.1,False,False
2023-11-17,JCE-APPLE-1L,Juices,153,1.1,False,False
2023-11-18,JCE-APPLE-1L,Juices,200,1.1,False,False
2023-11-19,JCE-APPLE-1L,Juices,130,1.1,False,False
2023-11-20,JCE-APPLE-1L,Juices,174,1.1,False,False
2023-11-21,JCE-APPLE-1L,Juices,156,1.1,False,False
2023-11-22,JCE-APPLE-1L,Juices,135,1.1,False,False
2023-11-23,JCE-APPLE-1L,Juices,159,1.1,False,False
2023-11-24,JCE-APPLE-1L,Juices,176,1.1,False,False
2023-11-25,JCE-APPLE-1L,Juices,162,1.1,False,False
2023-11-26,JCE-APPLE-1L,Juices,139,1.1,False,False
2023-11-27,JCE-APPLE-1L,Juices,145,1.1,False,False
2023-11-28,JCE-APPLE-1L,Juices,188,1.1,False,False
2023-11-29,JCE-APPLE-1L,Juices,128,1.1,False,False
2023-11-30,JCE-APPLE-1L,Juices,168,1.1,False,False
2023-12-01,JCE-APPLE-1L,Juices,216,1.1,False,False
2023-12-02,JCE-APPLE-1L,Juices,196,1.1,False,False
2023-12-03,JCE-APPLE-1L,Juices,148,1.1,False,False
2023-12-04,JCE-APPLE-1L,Juices,153,1.1,False,False
2023-12-05,JCE-APPLE-1L,Juices,160,1.1,False,False
2023-12-06,JCE-APPLE-1L,Juices,133,1.1,False,False
2023-12-07,JCE-APPLE-1L,Juices,178,1.1,False,False
2023-12-08,JCE-APPLE-1L,Juices,212,1.1,False,False
2023-12-09,JCE-APPLE-1L,Juices,254,1.1,False,False
2023-12-10,JCE-APPLE-1L,Juices,155,1.1,False,False
2023-12-11,JCE-APPLE-1L,Juices,124,1.1,False,False
2023-12-12,JCE-APPLE-1L,Juices,136,1.1,False,False
2023-12-13,JCE-APPLE-1L,Juices,178,1.1,False,False
2023-12-14,JCE-APPLE-1L,Juices,220,1.1,False,False
2023-12-15,JCE-APPLE-1L,Juices,208,1.1,False,False
2023-12-16,JCE-APPLE-1L,Juices,246,1.1,False,False
2023-12-17,JCE-APPLE-1L,Juices,0,1.1,False,True
2023-12-18,JCE-APPLE-1L,Juices,133,1.1,False,False
2023-12-19,JCE-APPLE-1L,Juices,149,1.1,False,False
2023-12-20,JCE-APPLE-1L,Juices,121,1.1,False,False
2023-12-21,JCE-APPLE-1L,Juices,151,1.1,False,False
2023-12-22,JCE-APPLE-1L,Juices,231,1.1,False,False
2023-12-23,JCE-APPLE-1L,Juices,181,1.1,False,False
2023-12-24,JCE-APPLE-1L,Juices,151,1.1,False,False
2023-12-25,JCE-APPLE-1L,Juices,175,1.1,False,False
2023-12-26,JCE-APPLE-1L,Juices,253,1.1,True,False
2023-12-27,JCE-APPLE-1L,Juices,137,1.1,False,False
2023-12-28,JCE-APPLE-1L,Juices,213,1.1,False,False
2023-12-29,JCE-APPLE-1L,Juices,199,1.1,False,False
2023-12-30,JCE-APPLE-1L,Juices,250,1.1,False,False
2023-12-31,JCE-APPLE-1L,Juices,129,1.1,False,False
2024-01-01,JCE-APPLE-1L,Juices,162,1.1,False,False
2024-01-02,JCE-APPLE-1L,Juices,124,1.1,False,False
2024-01-03,JCE-APPLE-1L,Juices,167,1.1,False,False
2024-01-04,JCE-APPLE-1L,Juices,159,1.1,False,False
2024-01-05,JCE-APPLE-1L,Juices,182,1.1,False,False
2024-01-06,JCE-APPLE-1L,Juices,179,1.1,False,False
2024-01-07,JCE-APPLE-1L,Juices,147,1.1,False,False
2024-01-08,JCE-APPLE-1L,Juices,127,1.1,False,False
2024-01-09,JCE-APPLE-1L,Juices,109,1.1,False,False
2024-01-10,JCE-APPLE-1L,Juices,187,1.1,False,False
2024-01-11,JCE-APPLE-1L,Juices,169,1.1,False,False
2024-01-12,JCE-APPLE-1L,Juices,158,1.1,False,False
2024-01-13,JCE-APPLE-1L,Juices,211,1.1,False,False
2024-01-14,JCE-APPLE-1L,Juices,135,1.1,False,False
2024-01-15,JCE-APPLE-1L,Juices,134,1.1,False,False
2024-01-16,JCE-APPLE-1L,Juices,126,1.1,False,False
2024-01-17,JCE-APPLE-1L,Juices,168,1.1,False,False
2024-01-18,JCE-APPLE-1L,Juices,170,1.1,False,False
2024-01-19,JCE-APPLE-1L,Juices,205,1.1,False,False
2024-01-20,JCE-APPLE-1L,Juices,153,1.1,False,False
2024-01-21,JCE-APPLE-1L,Juices,132,1.1,False,False
2024-01-22,JCE-APPLE-1L,Juices,118,1.1,False,False
2024-01-23,JCE-APPLE-1L,Juices,128,1.1,False,False
2024-01-24,JCE-APPLE-1L,Juices,142,1.1,False,False
2024-01-25,JCE-APPLE-1L,Juices,160,1.1,False,False
2024-01-26,JCE-APPLE-1L,Juices,208,1.1,False,False
2024-01-27,JCE-APPLE-1L,Juices,168,1.1,False,False
2024-01-28,JCE-APPLE-1L,Juices,130,1.1,False,False
2024-01-29,JCE-APPLE-1L,Juices,150,1.1,False,False
2024-01-30,JCE-APPLE-1L,Juices,138,1.1,False,False
2024-01-31,JCE-APPLE-1L,Juices,127,1.1,False,False
2024-02-01,JCE-APPLE-1L,Juices,198,1.1,False,False
2024-02-02,JCE-APPLE-1L,Juices,180,1.1,False,False
2024-02-03,JCE-APPLE-1L,Juices,194,1.1,False,False
2024-02-04,JCE-APPLE-1L,Juices,111,1.1,False,False
2024-02-05,JCE-APPLE-1L,Juices,136,1.1,False,False
2024-02-06,JCE-APPLE-1L,Juices,126,1.1,False,False
2024-02-07,JCE-APPLE-1L,Juices,134,1.1,False,False
2024-02-08,JCE-APPLE-1L,Juices,156,1.1,False,False
2024-02-09,JCE-APPLE-1L,Juices,161,1.1,False,False
2024-02-10,JCE-APPLE-1L,Juices,134,1.1,False,False
2024-02-11,JCE-APPLE-1L,Juices,119,1.1,False,False
2024-02-12,JCE-APPLE-1L,Juices,116,1.1,False,False
2024-02-13,JCE-APPLE-1L,Juices,0,1.1,False,True
2024-02-14,JCE-APPLE-1L,Juices,181,1.1,False,False
2024-02-15,JCE-APPLE-1L,Juices,197,1.1,True,False
2024-02-16,JCE-APPLE-1L,Juices,218,1.1,False,False
2024-02-17,JCE-APPLE-1L,Juices,180,1.1,False,False
2024-02-18,JCE-APPLE-1L,Juices,123,1.1,False,False
2024-02-19,JCE-APPLE-1L,Juices,133,1.1,False,False
2024-02-20,JCE-APPLE-1L,Juices,0,1.1,False,True
2024-02-21,JCE-APPLE-1L,Juices,132,1.1,False,False
2024-02-22,JCE-APPLE-1L,Juices,179,1.1,False,False
2024-02-23,JCE-APPLE-1L,Juices,186,1.1,False,False
2024-02-24,JCE-APPLE-1L,Juices,199,1.1,False,False
2024-02-25,JCE-APPLE-1L,Juices,137,1.1,False,False
2024-02-26,JCE-APPLE-1L,Juices,148,1.1,False,False
2024-02-27,JCE-APPLE-1L,Juices,138,1.1,False,False
2024-02-28,JCE-APPLE-1L,Juices,146,1.1,False,False
2024-02-29,JCE-APPLE-1L,Juices,176,1.1,False,False
2024-03-01,JCE-APPLE-1L,Juices,225,1.1,False,False
2024-03-02,JCE-APPLE-1L,Juices,178,1.1,False,False
2024-03-03,JCE-APPLE-1L,Juices,211,1.1,True,False
2024-03-04,JCE-APPLE-1L,Juices,128,1.1,False,False
2024-03-05,JCE-APPLE-1L,Juices,145,1.1,False,False
2024-03-06,JCE-APPLE-1L,Juices,287,1.1,True,False
2024-03-07,JCE-APPLE-1L,Juices,206,1.1,False,False
2024-03-08,JCE-APPLE-1L,Juices,197,1.1,False,False
2024-03-09,JCE-APPLE-1L,Juices,168,1.1,False,False
2024-03-10,JCE-APPLE-1L,Juices,153,1.1,False,False
2024-03-11,JCE-APPLE-1L,Juices,137,1.1,False,False
2024-03-12,JCE-APPLE-1L,Juices,128,1.1,False,False
2024-03-13,JCE-APPLE-1L,Juices,128,1.1,False,False
2024-03-14,JCE-APPLE-1L,Juices,177,1.1,False,False
2024-03-15,JCE-APPLE-1L,Juices,199,1.1,False,False
2024-03-16,JCE-APPLE-1L,Juices,173,1.1,False,False
2024-03-17,JCE-APPLE-1L,Juices,146,1.1,False,False
2024-03-18,JCE-APPLE-1L,Juices,129,1.1,False,False
2024-03-19,JCE-APPLE-1L,Juices,164,1.1,False,False
2024-03-20,JCE-APPLE-1L,Juices,172,1.1,False,False
2024-03-21,JCE-APPLE-1L,Juices,174,1.1,False,False
2024-03-22,JCE-APPLE-1L,Juices,189,1.1,False,False
2024-03-23,JCE-APPLE-1L,Juices,282,1.1,True,False
2024-03-24,JCE-APPLE-1L,Juices,114,1.1,False,False
2024-03-25,JCE-APPLE-1L,Juices,134,1.1,False,False
2024-03-26,JCE-APPLE-1L,Juices,138,1.1,False,False
2024-03-27,JCE-APPLE-1L,Juices,182,1.1,False,False
2024-03-28,JCE-APPLE-1L,Juices,156,1.1,False,False
2024-03-29,JCE-APPLE-1L,Juices,194,1.1,False,False
2024-03-30,JCE-APPLE-1L,Juices,149,1.1,False,False
2024-03-31,JCE-APPLE-1L,Juices,137,1.1,False,False
2024-04-01,JCE-APPLE-1L,Juices,138,1.1,False,False
2024-04-02,JCE-APPLE-1L,Juices,184,1.1,False,False
2024-04-03,JCE-APPLE-1L,Juices,162,1.1,False,False
2024-04-04,JCE-APPLE-1L,Juices,206,1.1,False,False
2024-04-05,JCE-APPLE-1L,Juices,227,1.1,False,False
2024-04-06,JCE-APPLE-1L,Juices,207,1.1,False,False
2024-04-07,JCE-APPLE-1L,Juices,146,1.1,False,False
2024-04-08,JCE-APPLE-1L,Juices,174,1.1,False,False
2024-04-09,JCE-APPLE-1L,Juices,169,1.1,False,False
2024-04-10,JCE-APPLE-1L,Juices,179,1.1,False,False
2024-04-11,JCE-APPLE-1L,Juices,187,1.1,False,False
2024-04-12,JCE-APPLE-1L,Juices,226,1.1,False,False
2024-04-13,JCE-APPLE-1L,Juices,210,1.1,False,False
2024-04-14,JCE-APPLE-1L,Juices,133,1.1,False,False
2024-04-15,JCE-APPLE-1L,Juices,122,1.1,False,False
2024-04-16,JCE-APPLE-1L,Juices,154,1.1,False,False
2024-04-17,JCE-APPLE-1L,Juices,155,1.1,False,False
2024-04-18,JCE-APPLE-1L,Juices,190,1.1,False,False
2024-04-19,JCE-APPLE-1L,Juices,197,1.1,False,False
2024-04-20,JCE-APPLE-1L,Juices,214,1.1,False,False
2024-04-21,JCE-APPLE-1L,Juices,128,1.1,False,False
2024-04-22,JCE-APPLE-1L,Juices,141,1.1,False,False
2024-04-23,JCE-APPLE-1L,Juices,121,1.1,False,False
2024-04-24,JCE-APPLE-1L,Juices,232,1.1,True,False
2024-04-25,JCE-APPLE-1L,Juices,186,1.1,False,False
2024-04-26,JCE-APPLE-1L,Juices,198,1.1,False,False
2024-04-27,JCE-APPLE-1L,Juices,195,1.1,False,False
2024-04-28,JCE-APPLE-1L,Juices,147,1.1,False,False
2024-04-29,JCE-APPLE-1L,Juices,136,1.1,False,False
2024-04-30,JCE-APPLE-1L,Juices,138,1.1,False,False
2024-05-01,JCE-APPLE-1L,Juices,168,1.1,False,False
2024-05-02,JCE-APPLE-1L,Juices,196,1.1,False,False
2024-05-03,JCE-APPLE-1L,Juices,196,1.1,False,False
2024-05-04,JCE-APPLE-1L,Juices,195,1.1,False,False
2024-05-05,JCE-APPLE-1L,Juices,171,1.1,False,False
2024-05-06,JCE-APPLE-1L,Juices,156,1.1,False,False
2024-05-07,JCE-APPLE-1L,Juices,157,1.1,False,False
2024-05-08,JCE-APPLE-1L,Juices,179,1.1,False,False
2024-05-09,JCE-APPLE-1L,Juices,221,1.1,False,False
2024-05-10,JCE-APPLE-1L,Juices,211,1.1,False,False
2024-05-11,JCE-APPLE-1L,Juices,217,1.1,False,False
2024-05-12,JCE-APPLE-1L,Juices,201,1.1,False,False
2024-05-13,JCE-APPLE-1L,Juices,171,1.1,False,False
2024-05-14,JCE-APPLE-1L,Juices,179,1.1,False,False
2024-05-15,JCE-APPLE-1L,Juices,171,1.1,False,False
2024-05-16,JCE-APPLE-1L,Juices,213,1.1,False,False
2024-05-17,JCE-APPLE-1L,Juices,175,1.1,False,False
2024-05-18,JCE-APPLE-1L,Juices,237,1.1,False,False
2024-05-19,JCE-APPLE-1L,Juices,162,1.1,False,False
2024-05-20,JCE-APPLE-1L,Juices,186,1.1,False,False
2024-05-21,JCE-APPLE-1L,Juices,140,1.1,False,False
2024-05-22,JCE-APPLE-1L,Juices,176,1.1,False,False
2024-05-23,JCE-APPLE-1L,Juices,189,1.1,False,False
2024-05-24,JCE-APPLE-1L,Juices,243,1.1,False,False
2024-05-25,JCE-APPLE-1L,Juices,309,1.1,True,False
2024-05-26,JCE-APPLE-1L,Juices,175,1.1,False,False
2024-05-27,JCE-APPLE-1L,Juices,180,1.1,False,False
2024-05-28,JCE-APPLE-1L,Juices,167,1.1,False,False
2024-05-29,JCE-APPLE-1L,Juices,219,1.1,False,False
2024-05-30,JCE-APPLE-1L,Juices,185,1.1,False,False
2024-05-31,JCE-APPLE-1L,Juices,232,1.1,False,False
2024-06-01,JCE-APPLE-1L,Juices,214,1.1,False,False
2024-06-02,JCE-APPLE-1L,Juices,153,1.1,False,False
2024-06-03,JCE-APPLE-1L,Juices,171,1.1,False,False
2024-06-04,JCE-APPLE-1L,Juices,164,1.1,False,False
2024-06-05,JCE-APPLE-1L,Juices,206,1.1,False,False
2024-06-06,JCE-APPLE-1L,Juices,232,1.1,False,False
2024-06-07,JCE-APPLE-1L,Juices,232,1.1,False,False
2024-06-08,JCE-APPLE-1L,Juices,272,1.1,False,False
2024-06-09,JCE-APPLE-1L,Juices,157,1.1,False,False
2024-06-10,JCE-APPLE-1L,Juices,170,1.1,False,False
2024-06-11,JCE-APPLE-1L,Juices,178,1.1,False,False
2024-06-12,JCE-APPLE-1L,Juices,0,1.1,False,True
2024-06-13,JCE-APPLE-1L,Juices,237,1.1,False,False
2024-06-14,JCE-APPLE-1L,Juices,233,1.1,False,False
2024-06-15,JCE-APPLE-1L,Juices,250,1.1,False,False
2024-06-16,JCE-APPLE-1L,Juices,139,1.1,False,False
2024-06-17,JCE-APPLE-1L,Juices,176,1.1,False,False
2024-06-18,JCE-APPLE-1L,Juices,160,1.1,False,False
2024-06-19,JCE-APPLE-1L,Juices,183,1.1,False,False
2024-06-20,JCE-APPLE-1L,Juices,242,1.1,False,False
2024-06-21,JCE-APPLE-1L,Juices,188,1.1,False,False
2024-06-22,JCE-APPLE-1L,Juices,234,1.1,False,False
2024-06-23,JCE-APPLE-1L,Juices,138,1.1,False,False
2024-06-24,JCE-APPLE-1L,Juices,172,1.1,False,False
2024-06-25,JCE-APPLE-1L,Juices,150,1.1,False,False
2024-06-26,JCE-APPLE-1L,Juices,179,1.1,False,False
2024-06-27,JCE-APPLE-1L,Juices,201,1.1,False,False
2024-06-28,JCE-APPLE-1L,Juices,227,1.1,False,False
2024-06-29,JCE-APPLE-1L,Juices,235,1.1,False,False
2024-06-30,JCE-APPLE-1L,Juices,155,1.1,False,False
2024-07-01,JCE-APPLE-1L,Juices,153,1.1,False,False
2024-07-02,JCE-APPLE-1L,Juices,168,1.1,False,False
2024-07-03,JCE-APPLE-1L,Juices,171,1.1,False,False
2024-07-04,JCE-APPLE-1L,Juices,193,1.1,False,False
2024-07-05,JCE-APPLE-1L,Juices,277,1.1,False,False
2024-07-06,JCE-APPLE-1L,Juices,216,1.1,False,False
2024-07-07,JCE-APPLE-1L,Juices,156,1.1,False,False
2024-07-08,JCE-APPLE-1L,Juices,170,1.1,False,False
2024-07-09,JCE-APPLE-1L,Juices,152,1.1,False,False
2024-07-10,JCE-APPLE-1L,Juices,221,1.1,False,False
2024-07-11,JCE-APPLE-1L,Juices,221,1.1,False,False
2024-07-12,JCE-APPLE-1L,Juices,211,1.1,False,False
2024-07-13,JCE-APPLE-1L,Juices,242,1.1,False,False
2024-07-14,JCE-APPLE-1L,Juices,0,1.1,False,True
2024-07-15,JCE-APPLE-1L,Juices,172,1.1,False,False
2024-07-16,JCE-APPLE-1L,Juices,199,1.1,False,False
2024-07-17,JCE-APPLE-1L,Juices,189,1.1,False,False
2024-07-18,JCE-APPLE-1L,Juices,199,1.1,False,False
2024-07-19,JCE-APPLE-1L,Juices,227,1.1,False,False
2024-07-20,JCE-APPLE-1L,Juices,0,1.1,False,True
2024-07-21,JCE-APPLE-1L,Juices,275,1.1,True,False
2024-07-22,JCE-APPLE-1L,Juices,199,1.1,False,False
2024-07-23,JCE-APPLE-1L,Juices,0,1.1,False,True
2024-07-24,JCE-APPLE-1L,Juices,199,1.1,False,False
2024-07-25,JCE-APPLE-1L,Juices,231,1.1,False,False
2024-07-26,JCE-APPLE-1L,Juices,211,1.1,False,False
2024-07-27,JCE-APPLE-1L,Juices,249,1.1,False,False
2024-07-28,JCE-APPLE-1L,Juices,190,1.1,False,False
2024-07-29,JCE-APPLE-1L,Juices,211,1.1,False,False
2024-07-30,JCE-APPLE-1L,Juices,150,1.1,False,False
2024-07-31,JCE-APPLE-1L,Juices,145,1.1,False,False
2024-08-01,JCE-APPLE-1L,Juices,325,1.1,True,False
2024-08-02,JCE-APPLE-1L,Juices,196,1.1,False,False
2024-08-03,JCE-APPLE-1L,Juices,178,1.1,False,False
2024-08-04,JCE-APPLE-1L,Juices,167,1.1,False,False
2024-08-05,JCE-APPLE-1L,Juices,162,1.1,False,False
2024-08-06,JCE-APPLE-1L,Juices,167,1.1,False,False
2024-08-07,JCE-APPLE-1L,Juices,218,1.1,False,False
2024-08-08,JCE-APPLE-1L,Juices,231,1.1,False,False
2024-08-09,JCE-APPLE-1L,Juices,204,1.1,False,False
2024-08-10,JCE-APPLE-1L,Juices,237,1.1,False,False
2024-08-11,JCE-APPLE-1L,Juices,154,1.1,False,False
2024-08-12,JCE-APPLE-1L,Juices,184,1.1,False,False
2024-08-13,JCE-APPLE-1L,Juices,202,1.1,True,False
2024-08-14,JCE-APPLE-1L,Juices,136,1.1,False,False
2024-08-15,JCE-APPLE-1L,Juices,200,1.1,False,False
2024-08-16,JCE-APPLE-1L,Juices,224,1.1,False,False
2024-08-17,JCE-APPLE-1L,Juices,203,1.1,False,False
2024-08-18,JCE-APPLE-1L,Juices,154,1.1,False,False
2024-08-19,JCE-APPLE-1L,Juices,200,1.1,False,False
2024-08-20,JCE-APPLE-1L,Juices,175,1.1,False,False
2024-08-21,JCE-APPLE-1L,Juices,175,1.1,False,False
2024-08-22,JCE-APPLE-1L,Juices,179,1.1,False,False
2024-08-23,JCE-APPLE-1L,Juices,0,1.1,False,True
2024-08-24,JCE-APPLE-1L,Juices,216,1.1,False,False
2024-08-25,JCE-APPLE-1L,Juices,168,1.1,False,False
2024-08-26,JCE-APPLE-1L,Juices,186,1.1,False,False
2024-08-27,JCE-APPLE-1L,Juices,160,1.1,False,False
2024-08-28,JCE-APPLE-1L,Juices,163,1.1,False,False
2024-08-29,JCE-APPLE-1L,Juices,196,1.1,False,False
2024-08-30,JCE-APPLE-1L,Juices,208,1.1,False,False
2024-08-31,JCE-APPLE-1L,Juices,228,1.1,False,False
2024-09-01,JCE-APPLE-1L,Juices,145,1.1,False,False
2024-09-02,JCE-APPLE-1L,Juices,197,1.1,False,False
2024-09-03,JCE-APPLE-1L,Juices,154,1.1,False,False
2024-09-04,JCE-APPLE-1L,Juices,172,1.1,False,False
2024-09-05,JCE-APPLE-1L,Juices,170,1.1,False,False
2024-09-06,JCE-APPLE-1L,Juices,224,1.1,False,False
2024-09-07,JCE-APPLE-1L,Juices,207,1.1,False,False
2024-09-08,JCE-APPLE-1L,Juices,166,1.1,False,False
2024-09-09,JCE-APPLE-1L,Juices,165,1.1,False,False
2024-09-10,JCE-APPLE-1L,Juices,184,1.1,False,False
2024-09-11,JCE-APPLE-1L,Juices,199,1.1,False,False
2024-09-12,JCE-APPLE-1L,Juices,235,1.1,False,False
2024-09-13,JCE-APPLE-1L,Juices,236,1.1,False,False
2024-09-14,JCE-APPLE-1L,Juices,241,1.1,False,False
2024-09-15,JCE-APPLE-1L,Juices,161,1.1,False,False
2024-09-16,JCE-APPLE-1L,Juices,175,1.1,False,False
2024-09-17,JCE-APPLE-1L,Juices,146,1.1,False,False
2024-09-18,JCE-APPLE-1L,Juices,208,1.1,False,False
2024-09-19,JCE-APPLE-1L,Juices,171,1.1,False,False
2024-09-20,JCE-APPLE-1L,Juices,251,1.1,False,False
2024-09-21,JCE-APPLE-1L,Juices,256,1.1,False,False
2024-09-22,JCE-APPLE-1L,Juices,0,1.1,False,True
2024-09-23,JCE-APPLE-1L,Juices,167,1.1,False,False
2024-09-24,JCE-APPLE-1L,Juices,168,1.1,False,False
2024-09-25,JCE-APPLE-1L,Juices,175,1.1,False,False
2024-09-26,JCE-APPLE-1L,Juices,173,1.1,False,False
2024-09-27,JCE-APPLE-1L,Juices,167,1.1,False,False
2024-09-28,JCE-APPLE-1L,Juices,263,1.1,False,False
2024-09-29,JCE-APPLE-1L,Juices,165,1.1,False,False
2024-09-30,JCE-APPLE-1L,Juices,162,1.1,False,False
2024-10-01,JCE-APPLE-1L,Juices,126,1.1,False,False
2024-10-02,JCE-APPLE-1L,Juices,205,1.1,False,False
2024-10-03,JCE-APPLE-1L,Juices,160,1.1,False,False
2024-10-04,JCE-APPLE-1L,Juices,212,1.1,False,False
2024-10-05,JCE-APPLE-1L,Juices,334,1.1,True,False
2024-10-06,JCE-APPLE-1L,Juices,146,1.1,False,False
2024-10-07,JCE-APPLE-1L,Juices,176,1.1,False,False
2024-10-08,JCE-APPLE-1L,Juices,158,1.1,False,False
2024-10-09,JCE-APPLE-1L,Juices,175,1.1,False,False
2024-10-10,JCE-APPLE-1L,Juices,154,1.1,False,False
2024-10-11,JCE-APPLE-1L,Juices,179,1.1,False,False
2024-10-12,JCE-APPLE-1L,Juices,211,1.1,False,False
2024-10-13,JCE-APPLE-1L,Juices,113,1.1,False,False
2024-10-14,JCE-APPLE-1L,Juices,145,1.1,False,False
2024-10-15,JCE-APPLE-1L,Juices,179,1.1,False,False
2024-10-16,JCE-APPLE-1L,Juices,170,1.1,False,False
2024-10-17,JCE-APPLE-1L,Juices,189,1.1,False,False
2024-10-18,JCE-APPLE-1L,Juices,198,1.1,False,False
2024-10-19,JCE-APPLE-1L,Juices,184,1.1,False,False
2024-10-20,JCE-APPLE-1L,Juices,143,1.1,False,False
2024-10-21,JCE-APPLE-1L,Juices,173,1.1,False,False
2024-10-22,JCE-APPLE-1L,Juices,198,1.1,False,False
2024-10-23,JCE-APPLE-1L,Juices,158,1.1,False,False
2024-10-24,JCE-APPLE-1L,Juices,169,1.1,False,False
2024-10-25,JCE-APPLE-1L,Juices,194,1.1,False,False
2024-10-26,JCE-APPLE-1L,Juices,192,1.1,False,False
2024-10-27,JCE-APPLE-1L,Juices,172,1.1,False,False
2024-10-28,JCE-APPLE-1L,Juices,147,1.1,False,False
2024-10-29,JCE-APPLE-1L,Juices,182,1.1,False,False
2024-10-30,JCE-APPLE-1L,Juices,154,1.1,False,False
2024-10-31,JCE-APPLE-1L,Juices,140,1.1,False,False
2024-11-01,JCE-APPLE-1L,Juices,210,1.1,False,False
2024-11-02,JCE-APPLE-1L,Juices,183,1.1,False,False
2024-11-03,JCE-APPLE-1L,Juices,147,1.1,False,False
2024-11-04,JCE-APPLE-1L,Juices,135,1.1,False,False
2024-11-05,JCE-APPLE-1L,Juices,146,1.1,False,False
2024-11-06,JCE-APPLE-1L,Juices,151,1.1,False,False
2024-11-07,JCE-APPLE-1L,Juices,161,1.1,False,False
2024-11-08,JCE-APPLE-1L,Juices,180,1.1,False,False
2024-11-09,JCE-APPLE-1L,Juices,214,1.1,False,False
2024-11-10,JCE-APPLE-1L,Juices,126,1.1,False,False
2024-11-11,JCE-APPLE-1L,Juices,169,1.1,False,False
2024-11-12,JCE-APPLE-1L,Juices,158,1.1,False,False
2024-11-13,JCE-APPLE-1L,Juices,174,1.1,False,False
2024-11-14,JCE-APPLE-1L,Juices,199,1.1,False,False
2024-11-15,JCE-APPLE-1L,Juices,233,1.1,False,False
2024-11-16,JCE-APPLE-1L,Juices,193,1.1,False,False
2024-11-17,JCE-APPLE-1L,Juices,151,1.1,False,False
2024-11-18,JCE-APPLE-1L,Juices,168,1.1,False,False
2024-11-19,JCE-APPLE-1L,Juices,159,1.1,False,False
2024-11-20,JCE-APPLE-1L,Juices,163,1.1,False,False
2024-11-21,JCE-APPLE-1L,Juices,195,1.1,False,False
2024-11-22,JCE-APPLE-1L,Juices,176,1.1,False,False
2024-11-23,JCE-APPLE-1L,Juices,199,1.1,False,False
2024-11-24,JCE-APPLE-1L,Juices,120,1.1,False,False
2024-11-25,JCE-APPLE-1L,Juices,135,1.1,False,False
2024-11-26,JCE-APPLE-1L,Juices,193,1.1,True,False
2024-11-27,JCE-APPLE-1L,Juices,119,1.1,False,False
2024-11-28,JCE-APPLE-1L,Juices,146,1.1,False,False
2024-11-29,JCE-APPLE-1L,Juices,198,1.1,False,False
2024-11-30,JCE-APPLE-1L,Juices,197,1.1,False,False
2024-12-01,JCE-APPLE-1L,Juices,177,1.1,False,False
2024-12-02,JCE-APPLE-1L,Juices,270,1.1,True,False
2024-12-03,JCE-APPLE-1L,Juices,144,1.1,False,False
2024-12-04,JCE-APPLE-1L,Juices,192,1.1,False,False
2024-12-05,JCE-APPLE-1L,Juices,164,1.1,False,False
2024-12-06,JCE-APPLE-1L,Juices,189,1.1,False,False
2024-12-07,JCE-APPLE-1L,Juices,169,1.1,False,False
2024-12-08,JCE-APPLE-1L,Juices,140,1.1,False,False
2024-12-09,JCE-APPLE-1L,Juices,195,1.1,True,False
2024-12-10,JCE-APPLE-1L,Juices,166,1.1,False,False
2024-12-11,JCE-APPLE-1L,Juices,158,1.1,False,False
2024-12-12,JCE-APPLE-1L,Juices,191,1.1,False,False
2024-12-13,JCE-APPLE-1L,Juices,181,1.1,False,False
2024-12-14,JCE-APPLE-1L,Juices,196,1.1,False,False
2024-12-15,JCE-APPLE-1L,Juices,130,1.1,False,False
2024-12-16,JCE-APPLE-1L,Juices,188,1.1,False,False
2024-12-17,JCE-APPLE-1L,Juices,140,1.1,False,False
2024-12-18,JCE-APPLE-1L,Juices,157,1.1,False,False
2024-12-19,JCE-APPLE-1L,Juices,212,1.1,False,False
2024-12-20,JCE-APPLE-1L,Juices,241,1.1,False,False
2024-12-21,JCE-APPLE-1L,Juices,195,1.1,False,False
2024-12-22,JCE-APPLE-1L,Juices,177,1.1,False,False
2024-12-23,JCE-APPLE-1L,Juices,161,1.1,False,False
2024-12-24,JCE-APPLE-1L,Juices,112,1.1,False,False
2024-12-25,JCE-APPLE-1L,Juices,138,1.1,False,False
2024-12-26,JCE-APPLE-1L,Juices,176,1.1,False,False
2024-12-27,JCE-APPLE-1L,Juices,237,1.1,False,False
2024-12-28,JCE-APPLE-1L,Juices,200,1.1,False,False
2024-12-29,JCE-APPLE-1L,Juices,131,1.1,False,False
2024-12-30,JCE-APPLE-1L,Juices,152,1.1,False,False
2024-12-31,JCE-APPLE-1L,Juices,169,1.1,False,False
2022-01-01,JCE-MANGO-1L,Juices,106,1.15,False,False
2022-01-02,JCE-MANGO-1L,Juices,90,1.15,False,False
2022-01-03,JCE-MANGO-1L,Juices,95,1.15,False,False
2022-01-04,JCE-MANGO-1L,Juices,89,1.15,False,False
2022-01-05,JCE-MANGO-1L,Juices,81,1.15,False,False
2022-01-06,JCE-MANGO-1L,Juices,98,1.15,False,False
2022-01-07,JCE-MANGO-1L,Juices,106,1.15,False,False
2022-01-08,JCE-MANGO-1L,Juices,128,1.15,False,False
2022-01-09,JCE-MANGO-1L,Juices,68,1.15,False,False
2022-01-10,JCE-MANGO-1L,Juices,97,1.15,False,False
2022-01-11,JCE-MANGO-1L,Juices,88,1.15,False,False
2022-01-12,JCE-MANGO-1L,Juices,75,1.15,False,False
2022-01-13,JCE-MANGO-1L,Juices,89,1.15,False,False
2022-01-14,JCE-MANGO-1L,Juices,93,1.15,False,False
2022-01-15,JCE-MANGO-1L,Juices,119,1.15,False,False
2022-01-16,JCE-MANGO-1L,Juices,94,1.15,False,False
2022-01-17,JCE-MANGO-1L,Juices,72,1.15,False,False
2022-01-18,JCE-MANGO-1L,Juices,85,1.15,False,False
2022-01-19,JCE-MANGO-1L,Juices,90,1.15,False,False
2022-01-20,JCE-MANGO-1L,Juices,117,1.15,False,False
2022-01-21,JCE-MANGO-1L,Juices,136,1.15,False,False
2022-01-22,JCE-MANGO-1L,Juices,118,1.15,False,False
2022-01-23,JCE-MANGO-1L,Juices,91,1.15,False,False
2022-01-24,JCE-MANGO-1L,Juices,81,1.15,False,False
2022-01-25,JCE-MANGO-1L,Juices,77,1.15,False,False
2022-01-26,JCE-MANGO-1L,Juices,96,1.15,False,False
2022-01-27,JCE-MANGO-1L,Juices,85,1.15,False,False
2022-01-28,JCE-MANGO-1L,Juices,135,1.15,False,False
2022-01-29,JCE-MANGO-1L,Juices,112,1.15,False,False
2022-01-30,JCE-MANGO-1L,Juices,98,1.15,False,False
2022-01-31,JCE-MANGO-1L,Juices,93,1.15,False,False
2022-02-01,JCE-MANGO-1L,Juices,70,1.15,False,False
2022-02-02,JCE-MANGO-1L,Juices,125,1.15,False,False
2022-02-03,JCE-MANGO-1L,Juices,94,1.15,False,False
2022-02-04,JCE-MANGO-1L,Juices,110,1.15,False,False
2022-02-05,JCE-MANGO-1L,Juices,126,1.15,False,False
2022-02-06,JCE-MANGO-1L,Juices,76,1.15,False,False
2022-02-07,JCE-MANGO-1L,Juices,80,1.15,False,False
2022-02-08,JCE-MANGO-1L,Juices,98,1.15,False,False
2022-02-09,JCE-MANGO-1L,Juices,80,1.15,False,False
2022-02-10,JCE-MANGO-1L,Juices,78,1.15,False,False
2022-02-11,JCE-MANGO-1L,Juices,99,1.15,False,False
2022-02-12,JCE-MANGO-1L,Juices,106,1.15,False,False
2022-02-13,JCE-MANGO-1L,Juices,134,1.15,True,False
2022-02-14,JCE-MANGO-1L,Juices,83,1.15,False,False
2022-02-15,JCE-MANGO-1L,Juices,96,1.15,False,False
2022-02-16,JCE-MANGO-1L,Juices,91,1.15,False,False
2022-02-17,JCE-MANGO-1L,Juices,128,1.15,False,False
2022-02-18,JCE-MANGO-1L,Juices,110,1.15,False,False
2022-02-19,JCE-MANGO-1L,Juices,119,1.15,False,False
2022-02-20,JCE-MANGO-1L,Juices,88,1.15,False,False
2022-02-21,JCE-MANGO-1L,Juices,102,1.15,False,False
2022-02-22,JCE-MANGO-1L,Juices,92,1.15,False,False
2022-02-23,JCE-MANGO-1L,Juices,94,1.15,False,False
2022-02-24,JCE-MANGO-1L,Juices,101,1.15,False,False
2022-02-25,JCE-MANGO-1L,Juices,103,1.15,False,False
2022-02-26,JCE-MANGO-1L,Juices,109,1.15,False,False
2022-02-27,JCE-MANGO-1L,Juices,68,1.15,False,False
2022-02-28,JCE-MANGO-1L,Juices,98,1.15,False,False
2022-03-01,JCE-MANGO-1L,Juices,107,1.15,False,False
2022-03-02,JCE-MANGO-1L,Juices,106,1.15,False,False
2022-03-03,JCE-MANGO-1L,Juices,106,1.15,False,False
2022-03-04,JCE-MANGO-1L,Juices,114,1.15,False,False
2022-03-05,JCE-MANGO-1L,Juices,126,1.15,False,False
2022-03-06,JCE-MANGO-1L,Juices,94,1.15,False,False
2022-03-07,JCE-MANGO-1L,Juices,93,1.15,False,False
2022-03-08,JCE-MANGO-1L,Juices,72,1.15,False,False
2022-03-09,JCE-MANGO-1L,Juices,102,1.15,False,False
2022-03-10,JCE-MANGO-1L,Juices,106,1.15,False,False
2022-03-11,JCE-MANGO-1L,Juices,112,1.15,False,False
2022-03-12,JCE-MANGO-1L,Juices,120,1.15,False,False
2022-03-13,JCE-MANGO-1L,Juices,91,1.15,False,False
2022-03-14,JCE-MANGO-1L,Juices,105,1.15,False,False
2022-03-15,JCE-MANGO-1L,Juices,119,1.15,False,False
2022-03-16,JCE-MANGO-1L,Juices,97,1.15,False,False
2022-03-17,JCE-MANGO-1L,Juices,91,1.15,False,False
2022-03-18,JCE-MANGO-1L,Juices,146,1.15,False,False
2022-03-19,JCE-MANGO-1L,Juices,113,1.15,False,False
2022-03-20,JCE-MANGO-1L,Juices,75,1.15,False,False
2022-03-21,JCE-MANGO-1L,Juices,87,1.15,False,False
2022-03-22,JCE-MANGO-1L,Juices,83,1.15,False,False
2022-03-23,JCE-MANGO-1L,Juices,92,1.15,False,False
2022-03-24,JCE-MANGO-1L,Juices,111,1.15,False,False
2022-03-25,JCE-MANGO-1L,Juices,139,1.15,False,False
2022-03-26,JCE-MANGO-1L,Juices,113,1.15,False,False
2022-03-27,JCE-MANGO-1L,Juices,86,1.15,False,False
2022-03-28,JCE-MANGO-1L,Juices,82,1.15,False,False
2022-03-29,JCE-MANGO-1L,Juices,82,1.15,False,False
2022-03-30,JCE-MANGO-1L,Juices,114,1.15,False,False
2022-03-31,JCE-MANGO-1L,Juices,117,1.15,False,False
2022-04-01,JCE-MANGO-1L,Juices,139,1.15,False,False
2022-04-02,JCE-MANGO-1L,Juices,139,1.15,False,False
2022-04-03,JCE-MANGO-1L,Juices,109,1.15,False,False
2022-04-04,JCE-MANGO-1L,Juices,101,1.15,False,False
2022-04-05,JCE-MANGO-1L,Juices,99,1.15,False,False
2022-04-06,JCE-MANGO-1L,Juices,122,1.15,False,False
2022-04-07,JCE-MANGO-1L,Juices,121,1.15,False,False
2022-04-08,JCE-MANGO-1L,Juices,141,1.15,False,False
2022-04-09,JCE-MANGO-1L,Juices,139,1.15,False,False
2022-04-10,JCE-MANGO-1L,Juices,92,1.15,False,False
2022-04-11,JCE-MANGO-1L,Juices,114,1.15,False,False
2022-04-12,JCE-MANGO-1L,Juices,79,1.15,False,False
2022-04-13,JCE-MANGO-1L,Juices,91,1.15,False,False
2022-04-14,JCE-MANGO-1L,Juices,138,1.15,False,False
2022-04-15,JCE-MANGO-1L,Juices,144,1.15,True,False
2022-04-16,JCE-MANGO-1L,Juices,132,1.15,False,False
2022-04-17,JCE-MANGO-1L,Juices,93,1.15,False,False
2022-04-18,JCE-MANGO-1L,Juices,89,1.15,False,False
2022-04-19,JCE-MANGO-1L,Juices,92,1.15,False,False
2022-04-20,JCE-MANGO-1L,Juices,100,1.15,False,False
2022-04-21,JCE-MANGO-1L,Juices,122,1.15,False,False
2022-04-22,JCE-MANGO-1L,Juices,147,1.15,False,False
2022-04-23,JCE-MANGO-1L,Juices,155,1.15,False,False
2022-04-24,JCE-MANGO-1L,Juices,103,1.15,False,False
2022-04-25,JCE-MANGO-1L,Juices,98,1.15,False,False
2022-04-26,JCE-MANGO-1L,Juices,120,1.15,False,False
2022-04-27,JCE-MANGO-1L,Juices,93,1.15,False,False
2022-04-28,JCE-MANGO-1L,Juices,0,1.15,False,True
2022-04-29,JCE-MANGO-1L,Juices,136,1.15,False,False
2022-04-30,JCE-MANGO-1L,Juices,112,1.15,False,False
2022-05-01,JCE-MANGO-1L,Juices,101,1.15,False,False
2022-05-02,JCE-MANGO-1L,Juices,96,1.15,False,False
2022-05-03,JCE-MANGO-1L,Juices,109,1.15,False,False
2022-05-04,JCE-MANGO-1L,Juices,114,1.15,False,False
2022-05-05,JCE-MANGO-1L,Juices,138,1.15,False,False
2022-05-06,JCE-MANGO-1L,Juices,142,1.15,False,False
2022-05-07,JCE-MANGO-1L,Juices,127,1.15,False,False
2022-05-08,JCE-MANGO-1L,Juices,108,1.15,False,False
2022-05-09,JCE-MANGO-1L,Juices,110,1.15,False,False
2022-05-10,JCE-MANGO-1L,Juices,98,1.15,False,False
2022-05-11,JCE-MANGO-1L,Juices,150,1.15,False,False
2022-05-12,JCE-MANGO-1L,Juices,133,1.15,False,False
2022-05-13,JCE-MANGO-1L,Juices,176,1.15,False,False
2022-05-14,JCE-MANGO-1L,Juices,158,1.15,False,False
2022-05-15,JCE-MANGO-1L,Juices,104,1.15,False,False
2022-05-16,JCE-MANGO-1L,Juices,123,1.15,False,False
2022-05-17,JCE-MANGO-1L,Juices,117,1.15,False,False
2022-05-18,JCE-MANGO-1L,Juices,93,1.15,False,False
2022-05-19,JCE-MANGO-1L,Juices,131,1.15,False,False
2022-05-20,JCE-MANGO-1L,Juices,156,1.15,False,False
2022-05-21,JCE-MANGO-1L,Juices,126,1.15,False,False
2022-05-22,JCE-MANGO-1L,Juices,124,1.15,False,False
2022-05-23,JCE-MANGO-1L,Juices,134,1.15,False,False
2022-05-24,JCE-MANGO-1L,Juices,88,1.15,False,False
2022-05-25,JCE-MANGO-1L,Juices,139,1.15,False,False
2022-05-26,JCE-MANGO-1L,Juices,132,1.15,False,False
2022-05-27,JCE-MANGO-1L,Juices,120,1.15,False,False
2022-05-28,JCE-MANGO-1L,Juices,127,1.15,False,False
2022-05-29,JCE-MANGO-1L,Juices,95,1.15,False,False
2022-05-30,JCE-MANGO-1L,Juices,101,1.15,False,False
2022-05-31,JCE-MANGO-1L,Juices,115,1.15,False,False
2022-06-01,JCE-MANGO-1L,Juices,116,1.15,False,False
2022-06-02,JCE-MANGO-1L,Juices,152,1.15,False,False
2022-06-03,JCE-MANGO-1L,Juices,154,1.15,True,False
2022-06-04,JCE-MANGO-1L,Juices,166,1.15,False,False
2022-06-05,JCE-MANGO-1L,Juices,106,1.15,False,False
2022-06-06,JCE-MANGO-1L,Juices,105,1.15,False,False
2022-06-07,JCE-MANGO-1L,Juices,95,1.15,False,False
2022-06-08,JCE-MANGO-1L,Juices,112,1.15,False,False
2022-06-09,JCE-MANGO-1L,Juices,139,1.15,False,False
2022-06-10,JCE-MANGO-1L,Juices,135,1.15,False,False
2022-06-11,JCE-MANGO-1L,Juices,142,1.15,False,False
2022-06-12,JCE-MANGO-1L,Juices,109,1.15,False,False
2022-06-13,JCE-MANGO-1L,Juices,97,1.15,False,False
2022-06-14,JCE-MANGO-1L,Juices,116,1.15,False,False
2022-06-15,JCE-MANGO-1L,Juices,137,1.15,False,False
2022-06-16,JCE-MANGO-1L,Juices,128,1.15,False,False
2022-06-17,JCE-MANGO-1L,Juices,143,1.15,False,False
2022-06-18,JCE-MANGO-1L,Juices,135,1.15,False,False
2022-06-19,JCE-MANGO-1L,Juices,205,1.15,True,False
2022-06-20,JCE-MANGO-1L,Juices,119,1.15,False,False
2022-06-21,JCE-MANGO-1L,Juices,134,1.15,False,False
2022-06-22,JCE-MANGO-1L,Juices,221,1.15,True,False
2022-06-23,JCE-MANGO-1L,Juices,121,1.15,False,False
2022-06-24,JCE-MANGO-1L,Juices,169,1.15,False,False
2022-06-25,JCE-MANGO-1L,Juices,163,1.15,False,False
2022-06-26,JCE-MANGO-1L,Juices,90,1.15,False,False
2022-06-27,JCE-MANGO-1L,Juices,128,1.15,False,False
2022-06-28,JCE-MANGO-1L,Juices,111,1.15,False,False
2022-06-29,JCE-MANGO-1L,Juices,136,1.15,False,False
2022-06-30,JCE-MANGO-1L,Juices,135,1.15,False,False
2022-07-01,JCE-MANGO-1L,Juices,138,1.15,False,False
2022-07-02,JCE-MANGO-1L,Juices,175,1.15,False,False
2022-07-03,JCE-MANGO-1L,Juices,111,1.15,False,False
2022-07-04,JCE-MANGO-1L,Juices,129,1.15,False,False
2022-07-05,JCE-MANGO-1L,Juices,110,1.15,False,False
2022-07-06,JCE-MANGO-1L,Juices,110,1.15,False,False
2022-07-07,JCE-MANGO-1L,Juices,224,1.15,True,False
2022-07-08,JCE-MANGO-1L,Juices,174,1.15,False,False
2022-07-09,JCE-MANGO-1L,Juices,180,1.15,False,False
2022-07-10,JCE-MANGO-1L,Juices,113,1.15,False,False
2022-07-11,JCE-MANGO-1L,Juices,87,1.15,False,False
2022-07-12,JCE-MANGO-1L,Juices,132,1.15,False,False
2022-07-13,JCE-MANGO-1L,Juices,136,1.15,False,False
2022-07-14,JCE-MANGO-1L,Juices,204,1.15,True,False
2022-07-15,JCE-MANGO-1L,Juices,156,1.15,False,False
2022-07-16,JCE-MANGO-1L,Juices,187,1.15,False,False
2022-07-17,JCE-MANGO-1L,Juices,115,1.15,False,False
2022-07-18,JCE-MANGO-1L,Juices,130,1.15,False,False
2022-07-19,JCE-MANGO-1L,Juices,129,1.15,False,False
2022-07-20,JCE-MANGO-1L,Juices,121,1.15,False,False
2022-07-21,JCE-MANGO-1L,Juices,123,1.15,False,False
2022-07-22,JCE-MANGO-1L,Juices,152,1.15,False,False
2022-07-23,JCE-MANGO-1L,Juices,165,1.15,False,False
2022-07-24,JCE-MANGO-1L,Juices,91,1.15,False,False
2022-07-25,JCE-MANGO-1L,Juices,110,1.15,False,False
2022-07-26,JCE-MANGO-1L,Juices,96,1.15,False,False
2022-07-27,JCE-MANGO-1L,Juices,0,1.15,False,True
2022-07-28,JCE-MANGO-1L,Juices,193,1.15,False,False
2022-07-29,JCE-MANGO-1L,Juices,180,1.15,False,False
2022-07-30,JCE-MANGO-1L,Juices,161,1.15,False,False
2022-07-31,JCE-MANGO-1L,Juices,109,1.15,False,False
2022-08-01,JCE-MANGO-1L,Juices,128,1.15,False,False
2022-08-02,JCE-MANGO-1L,Juices,134,1.15,False,False
2022-08-03,JCE-MANGO-1L,Juices,116,1.15,False,False
2022-08-04,JCE-MANGO-1L,Juices,159,1.15,False,False
2022-08-05,JCE-MANGO-1L,Juices,166,1.15,False,False
2022-08-06,JCE-MANGO-1L,Juices,132,1.15,False,False
2022-08-07,JCE-MANGO-1L,Juices,99,1.15,False,False
2022-08-08,JCE-MANGO-1L,Juices,94,1.15,False,False
2022-08-09,JCE-MANGO-1L,Juices,95,1.15,False,False
2022-08-10,JCE-MANGO-1L,Juices,165,1.15,False,False
2022-08-11,JCE-MANGO-1L,Juices,130,1.15,False,False
2022-08-12,JCE-MANGO-1L,Juices,146,1.15,False,False
2022-08-13,JCE-MANGO-1L,Juices,176,1.15,False,False
2022-08-14,JCE-MANGO-1L,Juices,117,1.15,False,False
2022-08-15,JCE-MANGO-1L,Juices,113,1.15,False,False
2022-08-16,JCE-MANGO-1L,Juices,102,1.15,False,False
2022-08-17,JCE-MANGO-1L,Juices,123,1.15,False,False
2022-08-18,JCE-MANGO-1L,Juices,115,1.15,False,False
2022-08-19,JCE-MANGO-1L,Juices,152,1.15,False,False
2022-08-20,JCE-MANGO-1L,Juices,128,1.15,False,False
2022-08-21,JCE-MANGO-1L,Juices,98,1.15,False,False
2022-08-22,JCE-MANGO-1L,Juices,134,1.15,False,False
2022-08-23,JCE-MANGO-1L,Juices,93,1.15,False,False
2022-08-24,JCE-MANGO-1L,Juices,118,1.15,False,False
2022-08-25,JCE-MANGO-1L,Juices,138,1.15,False,False
2022-08-26,JCE-MANGO-1L,Juices,112,1.15,False,False
2022-08-27,JCE-MANGO-1L,Juices,151,1.15,False,False
2022-08-28,JCE-MANGO-1L,Juices,130,1.15,False,False
2022-08-29,JCE-MANGO-1L,Juices,125,1.15,False,False
2022-08-30,JCE-MANGO-1L,Juices,99,1.15,False,False
2022-08-31,JCE-MANGO-1L,Juices,172,1.15,True,False
2022-09-01,JCE-MANGO-1L,Juices,123,1.15,False,False
2022-09-02,JCE-MANGO-1L,Juices,127,1.15,False,False
2022-09-03,JCE-MANGO-1L,Juices,168,1.15,False,False
2022-09-04,JCE-MANGO-1L,Juices,114,1.15,False,False
2022-09-05,JCE-MANGO-1L,Juices,108,1.15,False,False
2022-09-06,JCE-MANGO-1L,Juices,86,1.15,False,False
2022-09-07,JCE-MANGO-1L,Juices,132,1.15,False,False
2022-09-08,JCE-MANGO-1L,Juices,132,1.15,False,False
2022-09-09,JCE-MANGO-1L,Juices,139,1.15,False,False
2022-09-10,JCE-MANGO-1L,Juices,164,1.15,False,False
2022-09-11,JCE-MANGO-1L,Juices,95,1.15,False,False
2022-09-12,JCE-MANGO-1L,Juices,103,1.15,False,False
2022-09-13,JCE-MANGO-1L,Juices,102,1.15,False,False
2022-09-14,JCE-MANGO-1L,Juices,127,1.15,False,False
2022-09-15,JCE-MANGO-1L,Juices,104,1.15,False,False
2022-09-16,JCE-MANGO-1L,Juices,121,1.15,False,False
2022-09-17,JCE-MANGO-1L,Juices,146,1.15,False,False
2022-09-18,JCE-MANGO-1L,Juices,96,1.15,False,False
2022-09-19,JCE-MANGO-1L,Juices,106,1.15,False,False
2022-09-20,JCE-MANGO-1L,Juices,113,1.15,False,False
2022-09-21,JCE-MANGO-1L,Juices,108,1.15,False,False
2022-09-22,JCE-MANGO-1L,Juices,155,1.15,False,False
2022-09-23,JCE-MANGO-1L,Juices,137,1.15,False,False
2022-09-24,JCE-MANGO-1L,Juices,149,1.15,False,False
2022-09-25,JCE-MANGO-1L,Juices,95,1.15,False,False
2022-09-26,JCE-MANGO-1L,Juices,103,1.15,False,False
2022-09-27,JCE-MANGO-1L,Juices,107,1.15,False,False
2022-09-28,JCE-MANGO-1L,Juices,118,1.15,False,False
2022-09-29,JCE-MANGO-1L,Juices,135,1.15,False,False
2022-09-30,JCE-MANGO-1L,Juices,114,1.15,False,False
2022-10-01,JCE-MANGO-1L,Juices,110,1.15,False,False
2022-10-02,JCE-MANGO-1L,Juices,169,1.15,True,False
2022-10-03,JCE-MANGO-1L,Juices,99,1.15,False,False
2022-10-04,JCE-MANGO-1L,Juices,84,1.15,False,False
2022-10-05,JCE-MANGO-1L,Juices,104,1.15,False,False
2022-10-06,JCE-MANGO-1L,Juices,133,1.15,False,False
2022-10-07,JCE-MANGO-1L,Juices,158,1.15,False,False
2022-10-08,JCE-MANGO-1L,Juices,126,1.15,False,False
2022-10-09,JCE-MANGO-1L,Juices,72,1.15,False,False
2022-10-10,JCE-MANGO-1L,Juices,132,1.15,False,False
2022-10-11,JCE-MANGO-1L,Juices,122,1.15,False,False
2022-10-12,JCE-MANGO-1L,Juices,100,1.15,False,False
2022-10-13,JCE-MANGO-1L,Juices,120,1.15,False,False
2022-10-14,JCE-MANGO-1L,Juices,121,1.15,False,False
2022-10-15,JCE-MANGO-1L,Juices,172,1.15,False,False
2022-10-16,JCE-MANGO-1L,Juices,0,1.15,False,True
2022-10-17,JCE-MANGO-1L,Juices,113,1.15,False,False
2022-10-18,JCE-MANGO-1L,Juices,81,1.15,False,False
2022-10-19,JCE-MANGO-1L,Juices,0,1.15,False,True
2022-10-20,JCE-MANGO-1L,Juices,122,1.15,False,False
2022-10-21,JCE-MANGO-1L,Juices,96,1.15,False,False
2022-10-22,JCE-MANGO-1L,Juices,156,1.15,False,False
2022-10-23,JCE-MANGO-1L,Juices,121,1.15,False,False
2022-10-24,JCE-MANGO-1L,Juices,97,1.15,False,False
2022-10-25,JCE-MANGO-1L,Juices,87,1.15,False,False
2022-10-26,JCE-MANGO-1L,Juices,103,1.15,False,False
2022-10-27,JCE-MANGO-1L,Juices,105,1.15,False,False
2022-10-28,JCE-MANGO-1L,Juices,117,1.15,False,False
2022-10-29,JCE-MANGO-1L,Juices,113,1.15,False,False
2022-10-30,JCE-MANGO-1L,Juices,109,1.15,False,False
2022-10-31,JCE-MANGO-1L,Juices,88,1.15,False,False
2022-11-01,JCE-MANGO-1L,Juices,103,1.15,False,False
2022-11-02,JCE-MANGO-1L,Juices,85,1.15,False,False
2022-11-03,JCE-MANGO-1L,Juices,99,1.15,False,False
2022-11-04,JCE-MANGO-1L,Juices,156,1.15,False,False
2022-11-05,JCE-MANGO-1L,Juices,120,1.15,False,False
2022-11-06,JCE-MANGO-1L,Juices,78,1.15,False,False
2022-11-07,JCE-MANGO-1L,Juices,77,1.15,False,False
2022-11-08,JCE-MANGO-1L,Juices,88,1.15,False,False
2022-11-09,JCE-MANGO-1L,Juices,105,1.15,False,False
2022-11-10,JCE-MANGO-1L,Juices,122,1.15,False,False
2022-11-11,JCE-MANGO-1L,Juices,268,1.15,True,False
2022-11-12,JCE-MANGO-1L,Juices,134,1.15,False,False
2022-11-13,JCE-MANGO-1L,Juices,98,1.15,False,False
2022-11-14,JCE-MANGO-1L,Juices,133,1.15,False,False
2022-11-15,JCE-MANGO-1L,Juices,103,1.15,False,False
2022-11-16,JCE-MANGO-1L,Juices,95,1.15,False,False
2022-11-17,JCE-MANGO-1L,Juices,129,1.15,False,False
2022-11-18,JCE-MANGO-1L,Juices,151,1.15,False,False
2022-11-19,JCE-MANGO-1L,Juices,117,1.15,False,False
2022-11-20,JCE-MANGO-1L,Juices,104,1.15,False,False
2022-11-21,JCE-MANGO-1L,Juices,81,1.15,False,False
2022-11-22,JCE-MANGO-1L,Juices,91,1.15,False,False
2022-11-23,JCE-MANGO-1L,Juices,94,1.15,False,False
2022-11-24,JCE-MANGO-1L,Juices,100,1.15,False,False
2022-11-25,JCE-MANGO-1L,Juices,132,1.15,False,False
2022-11-26,JCE-MANGO-1L,Juices,110,1.15,False,False
2022-11-27,JCE-MANGO-1L,Juices,76,1.15,False,False
2022-11-28,JCE-MANGO-1L,Juices,109,1.15,False,False
2022-11-29,JCE-MANGO-1L,Juices,125,1.15,False,False
2022-11-30,JCE-MANGO-1L,Juices,86,1.15,False,False
2022-12-01,JCE-MANGO-1L,Juices,134,1.15,False,False
2022-12-02,JCE-MANGO-1L,Juices,127,1.15,False,False
2022-12-03,JCE-MANGO-1L,Juices,196,1.15,True,False
2022-12-04,JCE-MANGO-1L,Juices,84,1.15,False,False
2022-12-05,JCE-MANGO-1L,Juices,79,1.15,False,False
2022-12-06,JCE-MANGO-1L,Juices,118,1.15,False,False
2022-12-07,JCE-MANGO-1L,Juices,131,1.15,False,False
2022-12-08,JCE-MANGO-1L,Juices,125,1.15,False,False
2022-12-09,JCE-MANGO-1L,Juices,134,1.15,False,False
2022-12-10,JCE-MANGO-1L,Juices,133,1.15,False,False
2022-12-11,JCE-MANGO-1L,Juices,0,1.15,False,True
2022-12-12,JCE-MANGO-1L,Juices,76,1.15,False,False
2022-12-13,JCE-MANGO-1L,Juices,114,1.15,False,False
2022-12-14,JCE-MANGO-1L,Juices,130,1.15,False,False
2022-12-15,JCE-MANGO-1L,Juices,117,1.15,False,False
2022-12-16,JCE-MANGO-1L,Juices,193,1.15,False,False
2022-12-17,JCE-MANGO-1L,Juices,149,1.15,False,False
2022-12-18,JCE-MANGO-1L,Juices,110,1.15,False,False
2022-12-19,JCE-MANGO-1L,Juices,119,1.15,False,False
2022-12-20,JCE-MANGO-1L,Juices,104,1.15,False,False
2022-12-21,JCE-MANGO-1L,Juices,118,1.15,False,False
2022-12-22,JCE-MANGO-1L,Juices,125,1.15,False,False
2022-12-23,JCE-MANGO-1L,Juices,143,1.15,False,False
2022-12-24,JCE-MANGO-1L,Juices,135,1.15,False,False
2022-12-25,JCE-MANGO-1L,Juices,96,1.15,False,False
2022-12-26,JCE-MANGO-1L,Juices,89,1.15,False,False
2022-12-27,JCE-MANGO-1L,Juices,91,1.15,False,False
2022-12-28,JCE-MANGO-1L,Juices,117,1.15,False,False
2022-12-29,JCE-MANGO-1L,Juices,111,1.15,False,False
2022-12-30,JCE-MANGO-1L,Juices,148,1.15,False,False
2022-12-31,JCE-MANGO-1L,Juices,128,1.15,False,False
2023-01-01,JCE-MANGO-1L,Juices,97,1.15,False,False
2023-01-02,JCE-MANGO-1L,Juices,103,1.15,False,False
2023-01-03,JCE-MANGO-1L,Juices,98,1.15,False,False
2023-01-04,JCE-MANGO-1L,Juices,74,1.15,False,False
2023-01-05,JCE-MANGO-1L,Juices,96,1.15,False,False
2023-01-06,JCE-MANGO-1L,Juices,113,1.15,False,False
2023-01-07,JCE-MANGO-1L,Juices,103,1.15,False,False
2023-01-08,JCE-MANGO-1L,Juices,81,1.15,False,False
2023-01-09,JCE-MANGO-1L,Juices,104,1.15,False,False
2023-01-10,JCE-MANGO-1L,Juices,106,1.15,False,False
2023-01-11,JCE-MANGO-1L,Juices,88,1.15,False,False
2023-01-12,JCE-MANGO-1L,Juices,110,1.15,False,False
2023-01-13,JCE-MANGO-1L,Juices,121,1.15,False,False
2023-01-14,JCE-MANGO-1L,Juices,0,1.15,False,True
2023-01-15,JCE-MANGO-1L,Juices,83,1.15,False,False
2023-01-16,JCE-MANGO-1L,Juices,86,1.15,False,False
2023-01-17,JCE-MANGO-1L,Juices,93,1.15,False,False
2023-01-18,JCE-MANGO-1L,Juices,105,1.15,False,False
2023-01-19,JCE-MANGO-1L,Juices,124,1.15,False,False
2023-01-20,JCE-MANGO-1L,Juices,119,1.15,False,False
2023-01-21,JCE-MANGO-1L,Juices,123,1.15,False,False
2023-01-22,JCE-MANGO-1L,Juices,95,1.15,False,False
2023-01-23,JCE-MANGO-1L,Juices,82,1.15,False,False
2023-01-24,JCE-MANGO-1L,Juices,76,1.15,False,False
2023-01-25,JCE-MANGO-1L,Juices,97,1.15,False,False
2023-01-26,JCE-MANGO-1L,Juices,120,1.15,False,False
2023-01-27,JCE-MANGO-1L,Juices,175,1.15,True,False
2023-01-28,JCE-MANGO-1L,Juices,0,1.15,False,True
2023-01-29,JCE-MANGO-1L,Juices,107,1.15,False,False
2023-01-30,JCE-MANGO-1L,Juices,109,1.15,False,False
2023-01-31,JCE-MANGO-1L,Juices,96,1.15,False,False
2023-02-01,JCE-MANGO-1L,Juices,87,1.15,False,False
2023-02-02,JCE-MANGO-1L,Juices,127,1.15,False,False
2023-02-03,JCE-MANGO-1L,Juices,94,1.15,False,False
2023-02-04,JCE-MANGO-1L,Juices,117,1.15,False,False
2023-02-05,JCE-MANGO-1L,Juices,97,1.15,False,False
2023-02-06,JCE-MANGO-1L,Juices,114,1.15,False,False
2023-02-07,JCE-MANGO-1L,Juices,105,1.15,False,False
2023-02-08,JCE-MANGO-1L,Juices,109,1.15,False,False
2023-02-09,JCE-MANGO-1L,Juices,136,1.15,False,False
2023-02-10,JCE-MANGO-1L,Juices,139,1.15,False,False
2023-02-11,JCE-MANGO-1L,Juices,139,1.15,False,False
2023-02-12,JCE-MANGO-1L,Juices,65,1.15,False,False
2023-02-13,JCE-MANGO-1L,Juices,95,1.15,False,False
2023-02-14,JCE-MANGO-1L,Juices,93,1.15,False,False
2023-02-15,JCE-MANGO-1L,Juices,126,1.15,False,False
2023-02-16,JCE-MANGO-1L,Juices,101,1.15,False,False
2023-02-17,JCE-MANGO-1L,Juices,134,1.15,False,False
2023-02-18,JCE-MANGO-1L,Juices,108,1.15,False,False
2023-02-19,JCE-MANGO-1L,Juices,79,1.15,False,False
2023-02-20,JCE-MANGO-1L,Juices,104,1.15,False,False
2023-02-21,JCE-MANGO-1L,Juices,93,1.15,False,False
2023-02-22,JCE-MANGO-1L,Juices,80,1.15,False,False
2023-02-23,JCE-MANGO-1L,Juices,115,1.15,False,False
2023-02-24,JCE-MANGO-1L,Juices,139,1.15,False,False
2023-02-25,JCE-MANGO-1L,Juices,115,1.15,False,False
2023-02-26,JCE-MANGO-1L,Juices,103,1.15,False,False
2023-02-27,JCE-MANGO-1L,Juices,110,1.15,False,False
2023-02-28,JCE-MANGO-1L,Juices,95,1.15,False,False
2023-03-01,JCE-MANGO-1L,Juices,115,1.15,False,False
2023-03-02,JCE-MANGO-1L,Juices,107,1.15,False,False
2023-03-03,JCE-MANGO-1L,Juices,163,1.15,False,False
2023-03-04,JCE-MANGO-1L,Juices,207,1.15,True,False
2023-03-05,JCE-MANGO-1L,Juices,126,1.15,False,False
2023-03-06,JCE-MANGO-1L,Juices,99,1.15,False,False
2023-03-07,JCE-MANGO-1L,Juices,104,1.15,False,False
2023-03-08,JCE-MANGO-1L,Juices,97,1.15,False,False
2023-03-09,JCE-MANGO-1L,Juices,111,1.15,False,False
2023-03-10,JCE-MANGO-1L,Juices,132,1.15,False,False
2023-03-11,JCE-MANGO-1L,Juices,163,1.15,False,False
2023-03-12,JCE-MANGO-1L,Juices,131,1.15,False,False
2023-03-13,JCE-MANGO-1L,Juices,82,1.15,False,False
2023-03-14,JCE-MANGO-1L,Juices,123,1.15,False,False
2023-03-15,JCE-MANGO-1L,Juices,84,1.15,False,False
2023-03-16,JCE-MANGO-1L,Juices,127,1.15,False,False
2023-03-17,JCE-MANGO-1L,Juices,129,1.15,False,False
2023-03-18,JCE-MANGO-1L,Juices,111,1.15,False,False
2023-03-19,JCE-MANGO-1L,Juices,118,1.15,True,False
2023-03-20,JCE-MANGO-1L,Juices,109,1.15,False,False
2023-03-21,JCE-MANGO-1L,Juices,124,1.15,False,False
2023-03-22,JCE-MANGO-1L,Juices,0,1.15,False,True
2023-03-23,JCE-MANGO-1L,Juices,101,1.15,False,False
2023-03-24,JCE-MANGO-1L,Juices,124,1.15,False,False
2023-03-25,JCE-MANGO-1L,Juices,133,1.15,False,False
2023-03-26,JCE-MANGO-1L,Juices,118,1.15,False,False
2023-03-27,JCE-MANGO-1L,Juices,96,1.15,False,False
2023-03-28,JCE-MANGO-1L,Juices,78,1.15,False,False
2023-03-29,JCE-MANGO-1L,Juices,93,1.15,False,False
2023-03-30,JCE-MANGO-1L,Juices,142,1.15,False,False
2023-03-31,JCE-MANGO-1L,Juices,143,1.15,False,False
2023-04-01,JCE-MANGO-1L,Juices,171,1.15,False,False
2023-04-02,JCE-MANGO-1L,Juices,90,1.15,False,False
2023-04-03,JCE-MANGO-1L,Juices,97,1.15,False,False
2023-04-04,JCE-MANGO-1L,Juices,101,1.15,False,False
2023-04-05,JCE-MANGO-1L,Juices,113,1.15,False,False
2023-04-06,JCE-MANGO-1L,Juices,99,1.15,False,False
2023-04-07,JCE-MANGO-1L,Juices,144,1.15,False,False
2023-04-08,JCE-MANGO-1L,Juices,173,1.15,False,False
2023-04-09,JCE-MANGO-1L,Juices,85,1.15,False,False
2023-04-10,JCE-MANGO-1L,Juices,125,1.15,False,False
2023-04-11,JCE-MANGO-1L,Juices,97,1.15,False,False
2023-04-12,JCE-MANGO-1L,Juices,129,1.15,False,False
2023-04-13,JCE-MANGO-1L,Juices,162,1.15,False,False
2023-04-14,JCE-MANGO-1L,Juices,160,1.15,False,False
2023-04-15,JCE-MANGO-1L,Juices,142,1.15,False,False
2023-04-16,JCE-MANGO-1L,Juices,92,1.15,False,False
2023-04-17,JCE-MANGO-1L,Juices,125,1.15,False,False
2023-04-18,JCE-MANGO-1L,Juices,97,1.15,False,False
2023-04-19,JCE-MANGO-1L,Juices,108,1.15,False,False
2023-04-20,JCE-MANGO-1L,Juices,161,1.15,False,False
2023-04-21,JCE-MANGO-1L,Juices,130,1.15,False,False
2023-04-22,JCE-MANGO-1L,Juices,197,1.15,False,False
2023-04-23,JCE-MANGO-1L,Juices,0,1.15,False,True
2023-04-24,JCE-MANGO-1L,Juices,97,1.15,False,False
2023-04-25,JCE-MANGO-1L,Juices,181,1.15,True,False
2023-04-26,JCE-MANGO-1L,Juices,108,1.15,False,False
2023-04-27,JCE-MANGO-1L,Juices,0,1.15,False,True
2023-04-28,JCE-MANGO-1L,Juices,0,1.15,False,True
2023-04-29,JCE-MANGO-1L,Juices,173,1.15,False,False
2023-04-30,JCE-MANGO-1L,Juices,106,1.15,False,False
2023-05-01,JCE-MANGO-1L,Juices,106,1.15,False,False
2023-05-02,JCE-MANGO-1L,Juices,126,1.15,False,False
2023-05-03,JCE-MANGO-1L,Juices,133,1.15,False,False
2023-05-04,JCE-MANGO-1L,Juices,146,1.15,False,False
2023-05-05,JCE-MANGO-1L,Juices,144,1.15,False,False
2023-05-06,JCE-MANGO-1L,Juices,137,1.15,False,False
2023-05-07,JCE-MANGO-1L,Juices,139,1.15,False,False
2023-05-08,JCE-MANGO-1L,Juices,100,1.15,False,False
2023-05-09,JCE-MANGO-1L,Juices,132,1.15,False,False
2023-05-10,JCE-MANGO-1L,Juices,126,1.15,False,False
2023-05-11,JCE-MANGO-1L,Juices,128,1.15,False,False
2023-05-12,JCE-MANGO-1L,Juices,162,1.15,False,False
2023-05-13,JCE-MANGO-1L,Juices,202,1.15,False,False
2023-05-14,JCE-MANGO-1L,Juices,150,1.15,False,False
2023-05-15,JCE-MANGO-1L,Juices,127,1.15,False,False
2023-05-16,JCE-MANGO-1L,Juices,113,1.15,False,False
2023-05-17,JCE-MANGO-1L,Juices,122,1.15,False,False
2023-05-18,JCE-MANGO-1L,Juices,146,1.15,False,False
2023-05-19,JCE-MANGO-1L,Juices,151,1.15,False,False
2023-05-20,JCE-MANGO-1L,Juices,157,1.15,False,False
2023-05-21,JCE-MANGO-1L,Juices,155,1.15,True,False
2023-05-22,JCE-MANGO-1L,Juices,109,1.15,False,False
2023-05-23,JCE-MANGO-1L,Juices,115,1.15,False,False
2023-05-24,JCE-MANGO-1L,Juices,96,1.15,False,False
2023-05-25,JCE-MANGO-1L,Juices,143,1.15,False,False
2023-05-26,JCE-MANGO-1L,Juices,165,1.15,False,False
2023-05-27,JCE-MANGO-1L,Juices,159,1.15,False,False
2023-05-28,JCE-MANGO-1L,Juices,116,1.15,False,False
2023-05-29,JCE-MANGO-1L,Juices,110,1.15,False,False
2023-05-30,JCE-MANGO-1L,Juices,123,1.15,False,False
2023-05-31,JCE-MANGO-1L,Juices,119,1.15,False,False
2023-06-01,JCE-MANGO-1L,Juices,125,1.15,False,False
2023-06-02,JCE-MANGO-1L,Juices,168,1.15,False,False
2023-06-03,JCE-MANGO-1L,Juices,183,1.15,False,False
2023-06-04,JCE-MANGO-1L,Juices,126,1.15,False,False
2023-06-05,JCE-MANGO-1L,Juices,96,1.15,False,False
2023-06-06,JCE-MANGO-1L,Juices,119,1.15,False,False
2023-06-07,JCE-MANGO-1L,Juices,151,1.15,False,False
2023-06-08,JCE-MANGO-1L,Juices,129,1.15,False,False
2023-06-09,JCE-MANGO-1L,Juices,148,1.15,False,False
2023-06-10,JCE-MANGO-1L,Juices,142,1.15,False,False
2023-06-11,JCE-MANGO-1L,Juices,112,1.15,False,False
2023-06-12,JCE-MANGO-1L,Juices,122,1.15,False,False
2023-06-13,JCE-MANGO-1L,Juices,96,1.15,False,False
2023-06-14,JCE-MANGO-1L,Juices,172,1.15,True,False
2023-06-15,JCE-MANGO-1L,Juices,147,1.15,False,False
2023-06-16,JCE-MANGO-1L,Juices,194,1.15,False,False
2023-06-17,JCE-MANGO-1L,Juices,146,1.15,False,False
2023-06-18,JCE-MANGO-1L,Juices,111,1.15,False,False
2023-06-19,JCE-MANGO-1L,Juices,135,1.15,False,False
2023-06-20,JCE-MANGO-1L,Juices,103,1.15,False,False
2023-06-21,JCE-MANGO-1L,Juices,143,1.15,False,False
2023-06-22,JCE-MANGO-1L,Juices,106,1.15,False,False
2023-06-23,JCE-MANGO-1L,Juices,127,1.15,False,False
2023-06-24,JCE-MANGO-1L,Juices,272,1.15,True,False
2023-06-25,JCE-MANGO-1L,Juices,134,1.15,False,False
2023-06-26,JCE-MANGO-1L,Juices,150,1.15,False,False
2023-06-27,JCE-MANGO-1L,Juices,106,1.15,False,False
2023-06-28,JCE-MANGO-1L,Juices,129,1.15,False,False
2023-06-29,JCE-MANGO-1L,Juices,141,1.15,False,False
2023-06-30,JCE-MANGO-1L,Juices,142,1.15,False,False
2023-07-01,JCE-MANGO-1L,Juices,141,1.15,False,False
2023-07-02,JCE-MANGO-1L,Juices,117,1.15,False,False
2023-07-03,JCE-MANGO-1L,Juices,126,1.15,False,False
2023-07-04,JCE-MANGO-1L,Juices,117,1.15,False,False
2023-07-05,JCE-MANGO-1L,Juices,118,1.15,False,False
2023-07-06,JCE-MANGO-1L,Juices,147,1.15,False,False
2023-07-07,JCE-MANGO-1L,Juices,159,1.15,False,False
2023-07-08,JCE-MANGO-1L,Juices,172,1.15,False,False
2023-07-09,JCE-MANGO-1L,Juices,134,1.15,False,False
2023-07-10,JCE-MANGO-1L,Juices,126,1.15,False,False
2023-07-11,JCE-MANGO-1L,Juices,113,1.15,False,False
2023-07-12,JCE-MANGO-1L,Juices,102,1.15,False,False
2023-07-13,JCE-MANGO-1L,Juices,152,1.15,False,False
2023-07-14,JCE-MANGO-1L,Juices,182,1.15,False,False
2023-07-15,JCE-MANGO-1L,Juices,187,1.15,False,False
2023-07-16,JCE-MANGO-1L,Juices,124,1.15,False,False
2023-07-17,JCE-MANGO-1L,Juices,136,1.15,False,False
2023-07-18,JCE-MANGO-1L,Juices,124,1.15,False,False
2023-07-19,JCE-MANGO-1L,Juices,146,1.15,False,False
2023-07-20,JCE-MANGO-1L,Juices,148,1.15,False,False
2023-07-21,JCE-MANGO-1L,Juices,173,1.15,False,False
2023-07-22,JCE-MANGO-1L,Juices,178,1.15,False,False
2023-07-23,JCE-MANGO-1L,Juices,103,1.15,False,False
2023-07-24,JCE-MANGO-1L,Juices,127,1.15,False,False
2023-07-25,JCE-MANGO-1L,Juices,191,1.15,True,False
2023-07-26,JCE-MANGO-1L,Juices,159,1.15,False,False
2023-07-27,JCE-MANGO-1L,Juices,230,1.15,True,False
2023-07-28,JCE-MANGO-1L,Juices,160,1.15,False,False
2023-07-29,JCE-MANGO-1L,Juices,245,1.15,True,False
2023-07-30,JCE-MANGO-1L,Juices,134,1.15,False,False
2023-07-31,JCE-MANGO-1L,Juices,109,1.15,False,False
2023-08-01,JCE-MANGO-1L,Juices,123,1.15,False,False
2023-08-02,JCE-MANGO-1L,Juices,115,1.15,False,False
2023-08-03,JCE-MANGO-1L,Juices,163,1.15,False,False
2023-08-04,JCE-MANGO-1L,Juices,198,1.15,False,False
2023-08-05,JCE-MANGO-1L,Juices,201,1.15,False,False
2023-08-06,JCE-MANGO-1L,Juices,122,1.15,False,False
2023-08-07,JCE-MANGO-1L,Juices,117,1.15,False,False
2023-08-08,JCE-MANGO-1L,Juices,132,1.15,False,False
2023-08-09,JCE-MANGO-1L,Juices,110,1.15,False,False
2023-08-10,JCE-MANGO-1L,Juices,131,1.15,False,False
2023-08-11,JCE-MANGO-1L,Juices,128,1.15,False,False
2023-08-12,JCE-MANGO-1L,Juices,186,1.15,False,False
2023-08-13,JCE-MANGO-1L,Juices,101,1.15,False,False
2023-08-14,JCE-MANGO-1L,Juices,116,1.15,False,False
2023-08-15,JCE-MANGO-1L,Juices,117,1.15,False,False
2023-08-16,JCE-MANGO-1L,Juices,122,1.15,False,False
2023-08-17,JCE-MANGO-1L,Juices,155,1.15,False,False
2023-08-18,JCE-MANGO-1L,Juices,159,1.15,False,False
2023-08-19,JCE-MANGO-1L,Juices,145,1.15,False,False
2023-08-20,JCE-MANGO-1L,Juices,106,1.15,False,False
2023-08-21,JCE-MANGO-1L,Juices,125,1.15,False,False
2023-08-22,JCE-MANGO-1L,Juices,121,1.15,False,False
2023-08-23,JCE-MANGO-1L,Juices,129,1.15,False,False
2023-08-24,JCE-MANGO-1L,Juices,165,1.15,False,False
2023-08-25,JCE-MANGO-1L,Juices,189,1.15,False,False
2023-08-26,JCE-MANGO-1L,Juices,145,1.15,False,False
2023-08-27,JCE-MANGO-1L,Juices,116,1.15,False,False
2023-08-28,JCE-MANGO-1L,Juices,122,1.15,False,False
2023-08-29,JCE-MANGO-1L,Juices,128,1.15,False,False
2023-08-30,JCE-MANGO-1L,Juices,133,1.15,False,False
2023-08-31,JCE-MANGO-1L,Juices,138,1.15,False,False
2023-09-01,JCE-MANGO-1L,Juices,124,1.15,False,False
2023-09-02,JCE-MANGO-1L,Juices,157,1.15,False,False
2023-09-03,JCE-MANGO-1L,Juices,97,1.15,False,False
2023-09-04,JCE-MANGO-1L,Juices,102,1.15,False,False
2023-09-05,JCE-MANGO-1L,Juices,131,1.15,False,False
2023-09-06,JCE-MANGO-1L,Juices,147,1.15,False,False
2023-09-07,JCE-MANGO-1L,Juices,162,1.15,False,False
2023-09-08,JCE-MANGO-1L,Juices,141,1.15,False,False
2023-09-09,JCE-MANGO-1L,Juices,133,1.15,False,False
2023-09-10,JCE-MANGO-1L,Juices,111,1.15,False,False
2023-09-11,JCE-MANGO-1L,Juices,130,1.15,False,False
2023-09-12,JCE-MANGO-1L,Juices,126,1.15,False,False
2023-09-13,JCE-MANGO-1L,Juices,126,1.15,False,False
2023-09-14,JCE-MANGO-1L,Juices,0,1.15,False,True
2023-09-15,JCE-MANGO-1L,Juices,168,1.15,False,False
2023-09-16,JCE-MANGO-1L,Juices,137,1.15,False,False
2023-09-17,JCE-MANGO-1L,Juices,100,1.15,False,False
2023-09-18,JCE-MANGO-1L,Juices,109,1.15,False,False
2023-09-19,JCE-MANGO-1L,Juices,100,1.15,False,False
2023-09-20,JCE-MANGO-1L,Juices,105,1.15,False,False
2023-09-21,JCE-MANGO-1L,Juices,133,1.15,False,False
2023-09-22,JCE-MANGO-1L,Juices,113,1.15,False,False
2023-09-23,JCE-MANGO-1L,Juices,154,1.15,False,False
2023-09-24,JCE-MANGO-1L,Juices,97,1.15,False,False
2023-09-25,JCE-MANGO-1L,Juices,154,1.15,False,False
2023-09-26,JCE-MANGO-1L,Juices,114,1.15,False,False
2023-09-27,JCE-MANGO-1L,Juices,105,1.15,False,False
2023-09-28,JCE-MANGO-1L,Juices,139,1.15,False,False
2023-09-29,JCE-MANGO-1L,Juices,130,1.15,False,False
2023-09-30,JCE-MANGO-1L,Juices,148,1.15,False,False
2023-10-01,JCE-MANGO-1L,Juices,147,1.15,True,False
2023-10-02,JCE-MANGO-1L,Juices,105,1.15,False,False
2023-10-03,JCE-MANGO-1L,Juices,94,1.15,False,False
2023-10-04,JCE-MANGO-1L,Juices,135,1.15,False,False
2023-10-05,JCE-MANGO-1L,Juices,145,1.15,False,False
2023-10-06,JCE-MANGO-1L,Juices,132,1.15,False,False
2023-10-07,JCE-MANGO-1L,Juices,170,1.15,False,False
2023-10-08,JCE-MANGO-1L,Juices,99,1.15,False,False
2023-10-09,JCE-MANGO-1L,Juices,117,1.15,False,False
2023-10-10,JCE-MANGO-1L,Juices,109,1.15,False,False
2023-10-11,JCE-MANGO-1L,Juices,124,1.15,False,False
2023-10-12,JCE-MANGO-1L,Juices,154,1.15,False,False
2023-10-13,JCE-MANGO-1L,Juices,139,1.15,False,False
2023-10-14,JCE-MANGO-1L,Juices,179,1.15,False,False
2023-10-15,JCE-MANGO-1L,Juices,107,1.15,False,False
2023-10-16,JCE-MANGO-1L,Juices,119,1.15,False,False
2023-10-17,JCE-MANGO-1L,Juices,139,1.15,False,False
2023-10-18,JCE-MANGO-1L,Juices,132,1.15,False,False
2023-10-19,JCE-MANGO-1L,Juices,128,1.15,False,False
2023-10-20,JCE-MANGO-1L,Juices,115,1.15,False,False
2023-10-21,JCE-MANGO-1L,Juices,148,1.15,False,False
2023-10-22,JCE-MANGO-1L,Juices,125,1.15,False,False
2023-10-23,JCE-MANGO-1L,Juices,110,1.15,False,False
2023-10-24,JCE-MANGO-1L,Juices,109,1.15,False,False
2023-10-25,JCE-MANGO-1L,Juices,108,1.15,False,False
2023-10-26,JCE-MANGO-1L,Juices,122,1.15,False,False
2023-10-27,JCE-MANGO-1L,Juices,131,1.15,False,False
2023-10-28,JCE-MANGO-1L,Juices,140,1.15,False,False
2023-10-29,JCE-MANGO-1L,Juices,95,1.15,False,False
2023-10-30,JCE-MANGO-1L,Juices,133,1.15,False,False
2023-10-31,JCE-MANGO-1L,Juices,96,1.15,False,False
2023-11-01,JCE-MANGO-1L,Juices,111,1.15,False,False
2023-11-02,JCE-MANGO-1L,Juices,118,1.15,False,False
2023-11-03,JCE-MANGO-1L,Juices,116,1.15,False,False
2023-11-04,JCE-MANGO-1L,Juices,123,1.15,False,False
2023-11-05,JCE-MANGO-1L,Juices,113,1.15,False,False
2023-11-06,JCE-MANGO-1L,Juices,98,1.15,False,False
2023-11-07,JCE-MANGO-1L,Juices,99,1.15,False,False
2023-11-08,JCE-MANGO-1L,Juices,107,1.15,False,False
2023-11-09,JCE-MANGO-1L,Juices,114,1.15,False,False
2023-11-10,JCE-MANGO-1L,Juices,126,1.15,False,False
2023-11-11,JCE-MANGO-1L,Juices,135,1.15,False,False
2023-11-12,JCE-MANGO-1L,Juices,95,1.15,False,False
2023-11-13,JCE-MANGO-1L,Juices,112,1.15,False,False
2023-11-14,JCE-MANGO-1L,Juices,93,1.15,False,False
2023-11-15,JCE-MANGO-1L,Juices,111,1.15,False,False
2023-11-16,JCE-MANGO-1L,Juices,119,1.15,False,False
2023-11-17,JCE-MANGO-1L,Juices,131,1.15,False,False
2023-11-18,JCE-MANGO-1L,Juices,148,1.15,False,False
2023-11-19,JCE-MANGO-1L,Juices,100,1.15,False,False
2023-11-20,JCE-MANGO-1L,Juices,102,1.15,False,False
2023-11-21,JCE-MANGO-1L,Juices,107,1.15,False,False
2023-11-22,JCE-MANGO-1L,Juices,106,1.15,False,False
2023-11-23,JCE-MANGO-1L,Juices,115,1.15,False,False
2023-11-24,JCE-MANGO-1L,Juices,117,1.15,False,False
2023-11-25,JCE-MANGO-1L,Juices,151,1.15,False,False
2023-11-26,JCE-MANGO-1L,Juices,110,1.15,False,False
2023-11-27,JCE-MANGO-1L,Juices,97,1.15,False,False
2023-11-28,JCE-MANGO-1L,Juices,79,1.15,False,False
2023-11-29,JCE-MANGO-1L,Juices,110,1.15,False,False
2023-11-30,JCE-MANGO-1L,Juices,109,1.15,False,False
2023-12-01,JCE-MANGO-1L,Juices,135,1.15,False,False
2023-12-02,JCE-MANGO-1L,Juices,147,1.15,False,False
2023-12-03,JCE-MANGO-1L,Juices,105,1.15,False,False
2023-12-04,JCE-MANGO-1L,Juices,88,1.15,False,False
2023-12-05,JCE-MANGO-1L,Juices,121,1.15,False,False
2023-12-06,JCE-MANGO-1L,Juices,109,1.15,False,False
2023-12-07,JCE-MANGO-1L,Juices,114,1.15,False,False
2023-12-08,JCE-MANGO-1L,Juices,133,1.15,False,False
2023-12-09,JCE-MANGO-1L,Juices,168,1.15,False,False
2023-12-10,JCE-MANGO-1L,Juices,89,1.15,False,False
2023-12-11,JCE-MANGO-1L,Juices,140,1.15,False,False
2023-12-12,JCE-MANGO-1L,Juices,93,1.15,False,False
2023-12-13,JCE-MANGO-1L,Juices,116,1.15,False,False
2023-12-14,JCE-MANGO-1L,Juices,124,1.15,False,False
2023-12-15,JCE-MANGO-1L,Juices,101,1.15,False,False
2023-12-16,JCE-MANGO-1L,Juices,150,1.15,False,False
2023-12-17,JCE-MANGO-1L,Juices,111,1.15,False,False
2023-12-18,JCE-MANGO-1L,Juices,168,1.15,True,False
2023-12-19,JCE-MANGO-1L,Juices,116,1.15,False,False
2023-12-20,JCE-MANGO-1L,Juices,108,1.15,False,False
2023-12-21,JCE-MANGO-1L,Juices,136,1.15,False,False
2023-12-22,JCE-MANGO-1L,Juices,126,1.15,False,False
2023-12-23,JCE-MANGO-1L,Juices,144,1.15,False,False
2023-12-24,JCE-MANGO-1L,Juices,134,1.15,False,False
2023-12-25,JCE-MANGO-1L,Juices,89,1.15,False,False
2023-12-26,JCE-MANGO-1L,Juices,113,1.15,False,False
2023-12-27,JCE-MANGO-1L,Juices,110,1.15,False,False
2023-12-28,JCE-MANGO-1L,Juices,116,1.15,False,False
2023-12-29,JCE-MANGO-1L,Juices,148,1.15,False,False
2023-12-30,JCE-MANGO-1L,Juices,143,1.15,False,False
2023-12-31,JCE-MANGO-1L,Juices,94,1.15,False,False
2024-01-01,JCE-MANGO-1L,Juices,84,1.15,False,False
2024-01-02,JCE-MANGO-1L,Juices,111,1.15,False,False
2024-01-03,JCE-MANGO-1L,Juices,114,1.15,False,False
2024-01-04,JCE-MANGO-1L,Juices,112,1.15,False,False
2024-01-05,JCE-MANGO-1L,Juices,140,1.15,False,False
2024-01-06,JCE-MANGO-1L,Juices,153,1.15,False,False
2024-01-07,JCE-MANGO-1L,Juices,89,1.15,False,False
2024-01-08,JCE-MANGO-1L,Juices,107,1.15,False,False
2024-01-09,JCE-MANGO-1L,Juices,74,1.15,False,False
2024-01-10,JCE-MANGO-1L,Juices,109,1.15,False,False
2024-01-11,JCE-MANGO-1L,Juices,99,1.15,False,False
2024-01-12,JCE-MANGO-1L,Juices,133,1.15,False,False
2024-01-13,JCE-MANGO-1L,Juices,102,1.15,False,False
2024-01-14,JCE-MANGO-1L,Juices,113,1.15,False,False
2024-01-15,JCE-MANGO-1L,Juices,117,1.15,False,False
2024-01-16,JCE-MANGO-1L,Juices,104,1.15,False,False
2024-01-17,JCE-MANGO-1L,Juices,117,1.15,False,False
2024-01-18,JCE-MANGO-1L,Juices,120,1.15,False,False
2024-01-19,JCE-MANGO-1L,Juices,120,1.15,False,False
2024-01-20,JCE-MANGO-1L,Juices,141,1.15,False,False
2024-01-21,JCE-MANGO-1L,Juices,90,1.15,False,False
2024-01-22,JCE-MANGO-1L,Juices,114,1.15,False,False
2024-01-23,JCE-MANGO-1L,Juices,83,1.15,False,False
2024-01-24,JCE-MANGO-1L,Juices,125,1.15,False,False
2024-01-25,JCE-MANGO-1L,Juices,124,1.15,False,False
2024-01-26,JCE-MANGO-1L,Juices,130,1.15,False,False
2024-01-27,JCE-MANGO-1L,Juices,154,1.15,False,False
2024-01-28,JCE-MANGO-1L,Juices,72,1.15,False,False
2024-01-29,JCE-MANGO-1L,Juices,103,1.15,False,False
2024-01-30,JCE-MANGO-1L,Juices,76,1.15,False,False
2024-01-31,JCE-MANGO-1L,Juices,99,1.15,False,False
2024-02-01,JCE-MANGO-1L,Juices,104,1.15,False,False
2024-02-02,JCE-MANGO-1L,Juices,135,1.15,False,False
2024-02-03,JCE-MANGO-1L,Juices,120,1.15,False,False
2024-02-04,JCE-MANGO-1L,Juices,90,1.15,False,False
2024-02-05,JCE-MANGO-1L,Juices,102,1.15,False,False
2024-02-06,JCE-MANGO-1L,Juices,88,1.15,False,False
2024-02-07,JCE-MANGO-1L,Juices,115,1.15,False,False
2024-02-08,JCE-MANGO-1L,Juices,150,1.15,True,False
2024-02-09,JCE-MANGO-1L,Juices,126,1.15,False,False
2024-02-10,JCE-MANGO-1L,Juices,122,1.15,False,False
2024-02-11,JCE-MANGO-1L,Juices,127,1.15,True,False
2024-02-12,JCE-MANGO-1L,Juices,98,1.15,False,False
2024-02-13,JCE-MANGO-1L,Juices,95,1.15,False,False
2024-02-14,JCE-MANGO-1L,Juices,112,1.15,False,False
2024-02-15,JCE-MANGO-1L,Juices,137,1.15,False,False
2024-02-16,JCE-MANGO-1L,Juices,136,1.15,False,False
2024-02-17,JCE-MANGO-1L,Juices,133,1.15,False,False
2024-02-18,JCE-MANGO-1L,Juices,107,1.15,False,False
2024-02-19,JCE-MANGO-1L,Juices,119,1.15,False,False
2024-02-20,JCE-MANGO-1L,Juices,96,1.15,False,False
2024-02-21,JCE-MANGO-1L,Juices,86,1.15,False,False
2024-02-22,JCE-MANGO-1L,Juices,89,1.15,False,False
2024-02-23,JCE-MANGO-1L,Juices,97,1.15,False,False
2024-02-24,JCE-MANGO-1L,Juices,131,1.15,False,False
2024-02-25,JCE-MANGO-1L,Juices,103,1.15,False,False
2024-02-26,JCE-MANGO-1L,Juices,106,1.15,False,False
2024-02-27,JCE-MANGO-1L,Juices,111,1.15,False,False
2024-02-28,JCE-MANGO-1L,Juices,135,1.15,False,False
2024-02-29,JCE-MANGO-1L,Juices,98,1.15,False,False
2024-03-01,JCE-MANGO-1L,Juices,158,1.15,False,False
2024-03-02,JCE-MANGO-1L,Juices,147,1.15,False,False
2024-03-03,JCE-MANGO-1L,Juices,84,1.15,False,False
2024-03-04,JCE-MANGO-1L,Juices,110,1.15,False,False
2024-03-05,JCE-MANGO-1L,Juices,117,1.15,False,False
2024-03-06,JCE-MANGO-1L,Juices,114,1.15,False,False
2024-03-07,JCE-MANGO-1L,Juices,137,1.15,False,False
2024-03-08,JCE-MANGO-1L,Juices,117,1.15,False,False
2024-03-09,JCE-MANGO-1L,Juices,150,1.15,False,False
2024-03-10,JCE-MANGO-1L,Juices,115,1.15,False,False
2024-03-11,JCE-MANGO-1L,Juices,117,1.15,False,False
2024-03-12,JCE-MANGO-1L,Juices,112,1.15,False,False
2024-03-13,JCE-MANGO-1L,Juices,82,1.15,False,False
2024-03-14,JCE-MANGO-1L,Juices,136,1.15,False,False
2024-03-15,JCE-MANGO-1L,Juices,129,1.15,False,False
2024-03-16,JCE-MANGO-1L,Juices,140,1.15,False,False
2024-03-17,JCE-MANGO-1L,Juices,110,1.15,False,False
2024-03-18,JCE-MANGO-1L,Juices,113,1.15,False,False
2024-03-19,JCE-MANGO-1L,Juices,104,1.15,False,False
2024-03-20,JCE-MANGO-1L,Juices,103,1.15,False,False
2024-03-21,JCE-MANGO-1L,Juices,124,1.15,False,False
2024-03-22,JCE-MANGO-1L,Juices,113,1.15,False,False
2024-03-23,JCE-MANGO-1L,Juices,114,1.15,False,False
2024-03-24,JCE-MANGO-1L,Juices,74,1.15,False,False
2024-03-25,JCE-MANGO-1L,Juices,122,1.15,False,False
2024-03-26,JCE-MANGO-1L,Juices,93,1.15,False,False
2024-03-27,JCE-MANGO-1L,Juices,101,1.15,False,False
2024-03-28,JCE-MANGO-1L,Juices,113,1.15,False,False
2024-03-29,JCE-MANGO-1L,Juices,153,1.15,False,False
2024-03-30,JCE-MANGO-1L,Juices,129,1.15,False,False
2024-03-31,JCE-MANGO-1L,Juices,182,1.15,True,False
2024-04-01,JCE-MANGO-1L,Juices,124,1.15,False,False
2024-04-02,JCE-MANGO-1L,Juices,118,1.15,False,False
2024-04-03,JCE-MANGO-1L,Juices,110,1.15,False,False
2024-04-04,JCE-MANGO-1L,Juices,158,1.15,False,False
2024-04-05,JCE-MANGO-1L,Juices,166,1.15,False,False
2024-04-06,JCE-MANGO-1L,Juices,159,1.15,False,False
2024-04-07,JCE-MANGO-1L,Juices,107,1.15,False,False
2024-04-08,JCE-MANGO-1L,Juices,119,1.15,False,False
2024-04-09,JCE-MANGO-1L,Juices,124,1.15,False,False
2024-04-10,JCE-MANGO-1L,Juices,142,1.15,False,False
2024-04-11,JCE-MANGO-1L,Juices,152,1.15,False,False
2024-04-12,JCE-MANGO-1L,Juices,166,1.15,False,False
2024-04-13,JCE-MANGO-1L,Juices,165,1.15,False,False
2024-04-14,JCE-MANGO-1L,Juices,103,1.15,False,False
2024-04-15,JCE-MANGO-1L,Juices,103,1.15,False,False
2024-04-16,JCE-MANGO-1L,Juices,108,1.15,False,False
2024-04-17,JCE-MANGO-1L,Juices,117,1.15,False,False
2024-04-18,JCE-MANGO-1L,Juices,145,1.15,False,False
2024-04-19,JCE-MANGO-1L,Juices,151,1.15,False,False
2024-04-20,JCE-MANGO-1L,Juices,135,1.15,False,False
2024-04-21,JCE-MANGO-1L,Juices,116,1.15,False,False
2024-04-22,JCE-MANGO-1L,Juices,90,1.15,False,False
2024-04-23,JCE-MANGO-1L,Juices,116,1.15,False,False
2024-04-24,JCE-MANGO-1L,Juices,109,1.15,False,False
2024-04-25,JCE-MANGO-1L,Juices,109,1.15,False,False
2024-04-26,JCE-MANGO-1L,Juices,131,1.15,False,False
2024-04-27,JCE-MANGO-1L,Juices,148,1.15,False,False
2024-04-28,JCE-MANGO-1L,Juices,116,1.15,False,False
2024-04-29,JCE-MANGO-1L,Juices,102,1.15,False,False
2024-04-30,JCE-MANGO-1L,Juices,121,1.15,False,False
2024-05-01,JCE-MANGO-1L,Juices,144,1.15,False,False
2024-05-02,JCE-MANGO-1L,Juices,137,1.15,False,False
2024-05-03,JCE-MANGO-1L,Juices,160,1.15,False,False
2024-05-04,JCE-MANGO-1L,Juices,153,1.15,False,False
2024-05-05,JCE-MANGO-1L,Juices,109,1.15,False,False
2024-05-06,JCE-MANGO-1L,Juices,110,1.15,False,False
2024-05-07,JCE-MANGO-1L,Juices,126,1.15,False,False
2024-05-08,JCE-MANGO-1L,Juices,126,1.15,False,False
2024-05-09,JCE-MANGO-1L,Juices,141,1.15,False,False
2024-05-10,JCE-MANGO-1L,Juices,167,1.15,False,False
2024-05-11,JCE-MANGO-1L,Juices,254,1.15,True,False
2024-05-12,JCE-MANGO-1L,Juices,119,1.15,False,False
2024-05-13,JCE-MANGO-1L,Juices,111,1.15,False,False
2024-05-14,JCE-MANGO-1L,Juices,118,1.15,False,False
2024-05-15,JCE-MANGO-1L,Juices,125,1.15,False,False
2024-05-16,JCE-MANGO-1L,Juices,92,1.15,False,False
2024-05-17,JCE-MANGO-1L,Juices,164,1.15,False,False
2024-05-18,JCE-MANGO-1L,Juices,150,1.15,False,False
2024-05-19,JCE-MANGO-1L,Juices,113,1.15,False,False
2024-05-20,JCE-MANGO-1L,Juices,137,1.15,False,False
2024-05-21,JCE-MANGO-1L,Juices,153,1.15,False,False
2024-05-22,JCE-MANGO-1L,Juices,131,1.15,False,False
2024-05-23,JCE-MANGO-1L,Juices,117,1.15,False,False
2024-05-24,JCE-MANGO-1L,Juices,133,1.15,False,False
2024-05-25,JCE-MANGO-1L,Juices,192,1.15,False,False
2024-05-26,JCE-MANGO-1L,Juices,106,1.15,False,False
2024-05-27,JCE-MANGO-1L,Juices,132,1.15,False,False
2024-05-28,JCE-MANGO-1L,Juices,144,1.15,False,False
2024-05-29,JCE-MANGO-1L,Juices,144,1.15,False,False
2024-05-30,JCE-MANGO-1L,Juices,163,1.15,False,False
2024-05-31,JCE-MANGO-1L,Juices,166,1.15,False,False
2024-06-01,JCE-MANGO-1L,Juices,182,1.15,False,False
2024-06-02,JCE-MANGO-1L,Juices,109,1.15,False,False
2024-06-03,JCE-MANGO-1L,Juices,133,1.15,False,False
2024-06-04,JCE-MANGO-1L,Juices,121,1.15,False,False
2024-06-05,JCE-MANGO-1L,Juices,124,1.15,False,False
2024-06-06,JCE-MANGO-1L,Juices,158,1.15,False,False
2024-06-07,JCE-MANGO-1L,Juices,132,1.15,False,False
2024-06-08,JCE-MANGO-1L,Juices,270,1.15,True,False
2024-06-09,JCE-MANGO-1L,Juices,104,1.15,False,False
2024-06-10,JCE-MANGO-1L,Juices,103,1.15,False,False
2024-06-11,JCE-MANGO-1L,Juices,139,1.15,False,False
2024-06-12,JCE-MANGO-1L,Juices,113,1.15,False,False
2024-06-13,JCE-MANGO-1L,Juices,177,1.15,False,False
2024-06-14,JCE-MANGO-1L,Juices,160,1.15,False,False
2024-06-15,JCE-MANGO-1L,Juices,180,1.15,False,False
2024-06-16,JCE-MANGO-1L,Juices,191,1.15,True,False
2024-06-17,JCE-MANGO-1L,Juices,86,1.15,False,False
2024-06-18,JCE-MANGO-1L,Juices,109,1.15,False,False
2024-06-19,JCE-MANGO-1L,Juices,139,1.15,False,False
2024-06-20,JCE-MANGO-1L,Juices,169,1.15,False,False
2024-06-21,JCE-MANGO-1L,Juices,165,1.15,False,False
2024-06-22,JCE-MANGO-1L,Juices,203,1.15,False,False
2024-06-23,JCE-MANGO-1L,Juices,142,1.15,False,False
2024-06-24,JCE-MANGO-1L,Juices,113,1.15,False,False
2024-06-25,JCE-MANGO-1L,Juices,114,1.15,False,False
2024-06-26,JCE-MANGO-1L,Juices,148,1.15,False,False
2024-06-27,JCE-MANGO-1L,Juices,147,1.15,False,False
2024-06-28,JCE-MANGO-1L,Juices,145,1.15,False,False
2024-06-29,JCE-MANGO-1L,Juices,183,1.15,False,False
2024-06-30,JCE-MANGO-1L,Juices,85,1.15,False,False
2024-07-01,JCE-MANGO-1L,Juices,137,1.15,False,False
2024-07-02,JCE-MANGO-1L,Juices,117,1.15,False,False
2024-07-03,JCE-MANGO-1L,Juices,120,1.15,False,False
2024-07-04,JCE-MANGO-1L,Juices,182,1.15,False,False
2024-07-05,JCE-MANGO-1L,Juices,269,1.15,True,False
2024-07-06,JCE-MANGO-1L,Juices,0,1.15,False,True
2024-07-07,JCE-MANGO-1L,Juices,97,1.15,False,False
2024-07-08,JCE-MANGO-1L,Juices,113,1.15,False,False
2024-07-09,JCE-MANGO-1L,Juices,135,1.15,False,False
2024-07-10,JCE-MANGO-1L,Juices,119,1.15,False,False
2024-07-11,JCE-MANGO-1L,Juices,177,1.15,False,False
2024-07-12,JCE-MANGO-1L,Juices,159,1.15,False,False
2024-07-13,JCE-MANGO-1L,Juices,178,1.15,False,False
2024-07-14,JCE-MANGO-1L,Juices,103,1.15,False,False
2024-07-15,JCE-MANGO-1L,Juices,135,1.15,False,False
2024-07-16,JCE-MANGO-1L,Juices,112,1.15,False,False
2024-07-17,JCE-MANGO-1L,Juices,115,1.15,False,False
2024-07-18,JCE-MANGO-1L,Juices,130,1.15,False,False
2024-07-19,JCE-MANGO-1L,Juices,180,1.15,False,False
2024-07-20,JCE-MANGO-1L,Juices,0,1.15,False,True
2024-07-21,JCE-MANGO-1L,Juices,125,1.15,False,False
2024-07-22,JCE-MANGO-1L,Juices,134,1.15,False,False
2024-07-23,JCE-MANGO-1L,Juices,142,1.15,False,False
2024-07-24,JCE-MANGO-1L,Juices,136,1.15,False,False
2024-07-25,JCE-MANGO-1L,Juices,159,1.15,False,False
2024-07-26,JCE-MANGO-1L,Juices,152,1.15,False,False
2024-07-27,JCE-MANGO-1L,Juices,152,1.15,False,False
2024-07-28,JCE-MANGO-1L,Juices,96,1.15,False,False
2024-07-29,JCE-MANGO-1L,Juices,143,1.15,False,False
2024-07-30,JCE-MANGO-1L,Juices,92,1.15,False,False
2024-07-31,JCE-MANGO-1L,Juices,109,1.15,False,False
2024-08-01,JCE-MANGO-1L,Juices,140,1.15,False,False
2024-08-02,JCE-MANGO-1L,Juices,155,1.15,False,False
2024-08-03,JCE-MANGO-1L,Juices,171,1.15,False,False
2024-08-04,JCE-MANGO-1L,Juices,94,1.15,False,False
2024-08-05,JCE-MANGO-1L,Juices,106,1.15,False,False
2024-08-06,JCE-MANGO-1L,Juices,118,1.15,False,False
2024-08-07,JCE-MANGO-1L,Juices,142,1.15,False,False
2024-08-08,JCE-MANGO-1L,Juices,153,1.15,False,False
2024-08-09,JCE-MANGO-1L,Juices,162,1.15,False,False
2024-08-10,JCE-MANGO-1L,Juices,164,1.15,False,False
2024-08-11,JCE-MANGO-1L,Juices,90,1.15,False,False
2024-08-12,JCE-MANGO-1L,Juices,140,1.15,False,False
2024-08-13,JCE-MANGO-1L,Juices,112,1.15,False,False
2024-08-14,JCE-MANGO-1L,Juices,125,1.15,False,False
2024-08-15,JCE-MANGO-1L,Juices,239,1.15,True,False
2024-08-16,JCE-MANGO-1L,Juices,199,1.15,False,False
2024-08-17,JCE-MANGO-1L,Juices,196,1.15,False,False
2024-08-18,JCE-MANGO-1L,Juices,120,1.15,False,False
2024-08-19,JCE-MANGO-1L,Juices,133,1.15,False,False
2024-08-20,JCE-MANGO-1L,Juices,126,1.15,False,False
2024-08-21,JCE-MANGO-1L,Juices,131,1.15,False,False
2024-08-22,JCE-MANGO-1L,Juices,152,1.15,False,False
2024-08-23,JCE-MANGO-1L,Juices,155,1.15,False,False
2024-08-24,JCE-MANGO-1L,Juices,183,1.15,False,False
2024-08-25,JCE-MANGO-1L,Juices,122,1.15,False,False
2024-08-26,JCE-MANGO-1L,Juices,135,1.15,False,False
2024-08-27,JCE-MANGO-1L,Juices,131,1.15,False,False
2024-08-28,JCE-MANGO-1L,Juices,151,1.15,False,False
2024-08-29,JCE-MANGO-1L,Juices,157,1.15,False,False
2024-08-30,JCE-MANGO-1L,Juices,195,1.15,False,False
2024-08-31,JCE-MANGO-1L,Juices,186,1.15,False,False
2024-09-01,JCE-MANGO-1L,Juices,122,1.15,False,False
2024-09-02,JCE-MANGO-1L,Juices,142,1.15,False,False
2024-09-03,JCE-MANGO-1L,Juices,123,1.15,False,False
2024-09-04,JCE-MANGO-1L,Juices,128,1.15,False,False
2024-09-05,JCE-MANGO-1L,Juices,197,1.15,False,False
2024-09-06,JCE-MANGO-1L,Juices,166,1.15,False,False
2024-09-07,JCE-MANGO-1L,Juices,125,1.15,False,False
2024-09-08,JCE-MANGO-1L,Juices,140,1.15,False,False
2024-09-09,JCE-MANGO-1L,Juices,138,1.15,False,False
2024-09-10,JCE-MANGO-1L,Juices,100,1.15,False,False
2024-09-11,JCE-MANGO-1L,Juices,141,1.15,False,False
2024-09-12,JCE-MANGO-1L,Juices,151,1.15,False,False
2024-09-13,JCE-MANGO-1L,Juices,178,1.15,False,False
2024-09-14,JCE-MANGO-1L,Juices,194,1.15,False,False
2024-09-15,JCE-MANGO-1L,Juices,110,1.15,False,False
2024-09-16,JCE-MANGO-1L,Juices,157,1.15,False,False
2024-09-17,JCE-MANGO-1L,Juices,130,1.15,False,False
2024-09-18,JCE-MANGO-1L,Juices,0,1.15,False,True
2024-09-19,JCE-MANGO-1L,Juices,113,1.15,False,False
2024-09-20,JCE-MANGO-1L,Juices,183,1.15,False,False
2024-09-21,JCE-MANGO-1L,Juices,143,1.15,False,False
2024-09-22,JCE-MANGO-1L,Juices,87,1.15,False,False
2024-09-23,JCE-MANGO-1L,Juices,115,1.15,False,False
2024-09-24,JCE-MANGO-1L,Juices,120,1.15,False,False
2024-09-25,JCE-MANGO-1L,Juices,140,1.15,False,False
2024-09-26,JCE-MANGO-1L,Juices,159,1.15,False,False
2024-09-27,JCE-MANGO-1L,Juices,162,1.15,False,False
2024-09-28,JCE-MANGO-1L,Juices,160,1.15,False,False
2024-09-29,JCE-MANGO-1L,Juices,86,1.15,False,False
2024-09-30,JCE-MANGO-1L,Juices,127,1.15,False,False
2024-10-01,JCE-MANGO-1L,Juices,113,1.15,False,False
2024-10-02,JCE-MANGO-1L,Juices,116,1.15,False,False
2024-10-03,JCE-MANGO-1L,Juices,141,1.15,False,False
2024-10-04,JCE-MANGO-1L,Juices,124,1.15,False,False
2024-10-05,JCE-MANGO-1L,Juices,143,1.15,False,False
2024-10-06,JCE-MANGO-1L,Juices,117,1.15,False,False
2024-10-07,JCE-MANGO-1L,Juices,138,1.15,False,False
2024-10-08,JCE-MANGO-1L,Juices,114,1.15,False,False
2024-10-09,JCE-MANGO-1L,Juices,120,1.15,False,False
2024-10-10,JCE-MANGO-1L,Juices,119,1.15,False,False
2024-10-11,JCE-MANGO-1L,Juices,161,1.15,False,False
2024-10-12,JCE-MANGO-1L,Juices,155,1.15,False,False
2024-10-13,JCE-MANGO-1L,Juices,104,1.15,False,False
2024-10-14,JCE-MANGO-1L,Juices,170,1.15,True,False
2024-10-15,JCE-MANGO-1L,Juices,116,1.15,False,False
2024-10-16,JCE-MANGO-1L,Juices,95,1.15,False,False
2024-10-17,JCE-MANGO-1L,Juices,143,1.15,False,False
2024-10-18,JCE-MANGO-1L,Juices,140,1.15,False,False
2024-10-19,JCE-MANGO-1L,Juices,167,1.15,False,False
2024-10-20,JCE-MANGO-1L,Juices,95,1.15,False,False
2024-10-21,JCE-MANGO-1L,Juices,131,1.15,False,False
2024-10-22,JCE-MANGO-1L,Juices,132,1.15,False,False
2024-10-23,JCE-MANGO-1L,Juices,0,1.15,False,True
2024-10-24,JCE-MANGO-1L,Juices,140,1.15,False,False
2024-10-25,JCE-MANGO-1L,Juices,138,1.15,False,False
2024-10-26,JCE-MANGO-1L,Juices,164,1.15,False,False
2024-10-27,JCE-MANGO-1L,Juices,95,1.15,False,False
2024-10-28,JCE-MANGO-1L,Juices,117,1.15,False,False
2024-10-29,JCE-MANGO-1L,Juices,139,1.15,False,False
2024-10-30,JCE-MANGO-1L,Juices,116,1.15,False,False
2024-10-31,JCE-MANGO-1L,Juices,112,1.15,False,False
2024-11-01,JCE-MANGO-1L,Juices,168,1.15,False,False
2024-11-02,JCE-MANGO-1L,Juices,154,1.15,False,False
2024-11-03,JCE-MANGO-1L,Juices,113,1.15,False,False
2024-11-04,JCE-MANGO-1L,Juices,106,1.15,False,False
2024-11-05,JCE-MANGO-1L,Juices,107,1.15,False,False
2024-11-06,JCE-MANGO-1L,Juices,141,1.15,False,False
2024-11-07,JCE-MANGO-1L,Juices,145,1.15,False,False
2024-11-08,JCE-MANGO-1L,Juices,154,1.15,False,False
2024-11-09,JCE-MANGO-1L,Juices,141,1.15,False,False
2024-11-10,JCE-MANGO-1L,Juices,90,1.15,False,False
2024-11-11,JCE-MANGO-1L,Juices,74,1.15,False,False
2024-11-12,JCE-MANGO-1L,Juices,94,1.15,False,False
2024-11-13,JCE-MANGO-1L,Juices,119,1.15,False,False
2024-11-14,JCE-MANGO-1L,Juices,146,1.15,False,False
2024-11-15,JCE-MANGO-1L,Juices,156,1.15,False,False
2024-11-16,JCE-MANGO-1L,Juices,158,1.15,False,False
2024-11-17,JCE-MANGO-1L,Juices,106,1.15,False,False
2024-11-18,JCE-MANGO-1L,Juices,90,1.15,False,False
2024-11-19,JCE-MANGO-1L,Juices,108,1.15,False,False
2024-11-20,JCE-MANGO-1L,Juices,118,1.15,False,False
2024-11-21,JCE-MANGO-1L,Juices,135,1.15,False,False
2024-11-22,JCE-MANGO-1L,Juices,156,1.15,False,False
2024-11-23,JCE-MANGO-1L,Juices,110,1.15,False,False
2024-11-24,JCE-MANGO-1L,Juices,105,1.15,False,False
2024-11-25,JCE-MANGO-1L,Juices,93,1.15,False,False
2024-11-26,JCE-MANGO-1L,Juices,122,1.15,False,False
2024-11-27,JCE-MANGO-1L,Juices,115,1.15,False,False
2024-11-28,JCE-MANGO-1L,Juices,110,1.15,False,False
2024-11-29,JCE-MANGO-1L,Juices,169,1.15,False,False
2024-11-30,JCE-MANGO-1L,Juices,163,1.15,False,False
2024-12-01,JCE-MANGO-1L,Juices,107,1.15,False,False
2024-12-02,JCE-MANGO-1L,Juices,105,1.15,False,False
2024-12-03,JCE-MANGO-1L,Juices,99,1.15,False,False
2024-12-04,JCE-MANGO-1L,Juices,107,1.15,False,False
2024-12-05,JCE-MANGO-1L,Juices,135,1.15,False,False
2024-12-06,JCE-MANGO-1L,Juices,169,1.15,False,False
2024-12-07,JCE-MANGO-1L,Juices,152,1.15,False,False
2024-12-08,JCE-MANGO-1L,Juices,98,1.15,False,False
2024-12-09,JCE-MANGO-1L,Juices,118,1.15,False,False
2024-12-10,JCE-MANGO-1L,Juices,95,1.15,False,False
2024-12-11,JCE-MANGO-1L,Juices,136,1.15,False,False
2024-12-12,JCE-MANGO-1L,Juices,114,1.15,False,False
2024-12-13,JCE-MANGO-1L,Juices,161,1.15,False,False
2024-12-14,JCE-MANGO-1L,Juices,166,1.15,False,False
2024-12-15,JCE-MANGO-1L,Juices,92,1.15,False,False
2024-12-16,JCE-MANGO-1L,Juices,133,1.15,False,False
2024-12-17,JCE-MANGO-1L,Juices,81,1.15,False,False
2024-12-18,JCE-MANGO-1L,Juices,98,1.15,False,False
2024-12-19,JCE-MANGO-1L,Juices,139,1.15,False,False
2024-12-20,JCE-MANGO-1L,Juices,148,1.15,False,False
2024-12-21,JCE-MANGO-1L,Juices,131,1.15,False,False
2024-12-22,JCE-MANGO-1L,Juices,109,1.15,False,False
2024-12-23,JCE-MANGO-1L,Juices,115,1.15,False,False
2024-12-24,JCE-MANGO-1L,Juices,101,1.15,False,False
2024-12-25,JCE-MANGO-1L,Juices,126,1.15,False,False
2024-12-26,JCE-MANGO-1L,Juices,123,1.15,False,False
2024-12-27,JCE-MANGO-1L,Juices,148,1.15,False,False
2024-12-28,JCE-MANGO-1L,Juices,176,1.15,False,False
2024-12-29,JCE-MANGO-1L,Juices,113,1.15,False,False
2024-12-30,JCE-MANGO-1L,Juices,115,1.15,False,False
2024-12-31,JCE-MANGO-1L,Juices,96,1.15,False,False
2022-01-01,WTR-SPARK-1L,Bottled Water,157,0.55,False,False
2022-01-02,WTR-SPARK-1L,Bottled Water,104,0.55,False,False
2022-01-03,WTR-SPARK-1L,Bottled Water,127,0.55,False,False
2022-01-04,WTR-SPARK-1L,Bottled Water,139,0.55,False,False
2022-01-05,WTR-SPARK-1L,Bottled Water,98,0.55,False,False
2022-01-06,WTR-SPARK-1L,Bottled Water,96,0.55,False,False
2022-01-07,WTR-SPARK-1L,Bottled Water,154,0.55,False,False
2022-01-08,WTR-SPARK-1L,Bottled Water,146,0.55,False,False
2022-01-09,WTR-SPARK-1L,Bottled Water,115,0.55,False,False
2022-01-10,WTR-SPARK-1L,Bottled Water,134,0.55,False,False
2022-01-11,WTR-SPARK-1L,Bottled Water,79,0.55,False,False
2022-01-12,WTR-SPARK-1L,Bottled Water,0,0.55,False,True
2022-01-13,WTR-SPARK-1L,Bottled Water,125,0.55,False,False
2022-01-14,WTR-SPARK-1L,Bottled Water,164,0.55,False,False
2022-01-15,WTR-SPARK-1L,Bottled Water,145,0.55,False,False
2022-01-16,WTR-SPARK-1L,Bottled Water,123,0.55,False,False
2022-01-17,WTR-SPARK-1L,Bottled Water,107,0.55,False,False
2022-01-18,WTR-SPARK-1L,Bottled Water,135,0.55,False,False
2022-01-19,WTR-SPARK-1L,Bottled Water,126,0.55,False,False
2022-01-20,WTR-SPARK-1L,Bottled Water,110,0.55,False,False
2022-01-21,WTR-SPARK-1L,Bottled Water,133,0.55,False,False
2022-01-22,WTR-SPARK-1L,Bottled Water,130,0.55,False,False
2022-01-23,WTR-SPARK-1L,Bottled Water,86,0.55,False,False
2022-01-24,WTR-SPARK-1L,Bottled Water,103,0.55,False,False
2022-01-25,WTR-SPARK-1L,Bottled Water,118,0.55,False,False
2022-01-26,WTR-SPARK-1L,Bottled Water,143,0.55,False,False
2022-01-27,WTR-SPARK-1L,Bottled Water,171,0.55,False,False
2022-01-28,WTR-SPARK-1L,Bottled Water,131,0.55,False,False
2022-01-29,WTR-SPARK-1L,Bottled Water,148,0.55,False,False
2022-01-30,WTR-SPARK-1L,Bottled Water,96,0.55,False,False
2022-01-31,WTR-SPARK-1L,Bottled Water,113,0.55,False,False
2022-02-01,WTR-SPARK-1L,Bottled Water,130,0.55,False,False
2022-02-02,WTR-SPARK-1L,Bottled Water,136,0.55,False,False
2022-02-03,WTR-SPARK-1L,Bottled Water,126,0.55,False,False
2022-02-04,WTR-SPARK-1L,Bottled Water,188,0.55,False,False
2022-02-05,WTR-SPARK-1L,Bottled Water,157,0.55,False,False
2022-02-06,WTR-SPARK-1L,Bottled Water,117,0.55,False,False
2022-02-07,WTR-SPARK-1L,Bottled Water,125,0.55,False,False
2022-02-08,WTR-SPARK-1L,Bottled Water,104,0.55,False,False
2022-02-09,WTR-SPARK-1L,Bottled Water,98,0.55,False,False
2022-02-10,WTR-SPARK-1L,Bottled Water,151,0.55,False,False
2022-02-11,WTR-SPARK-1L,Bottled Water,167,0.55,False,False
2022-02-12,WTR-SPARK-1L,Bottled Water,161,0.55,False,False
2022-02-13,WTR-SPARK-1L,Bottled Water,93,0.55,False,False
2022-02-14,WTR-SPARK-1L,Bottled Water,112,0.55,False,False
2022-02-15,WTR-SPARK-1L,Bottled Water,127,0.55,False,False
2022-02-16,WTR-SPARK-1L,Bottled Water,117,0.55,False,False
2022-02-17,WTR-SPARK-1L,Bottled Water,141,0.55,False,False
2022-02-18,WTR-SPARK-1L,Bottled Water,146,0.55,False,False
2022-02-19,WTR-SPARK-1L,Bottled Water,149,0.55,False,False
2022-02-20,WTR-SPARK-1L,Bottled Water,123,0.55,False,False
2022-02-21,WTR-SPARK-1L,Bottled Water,123,0.55,False,False
2022-02-22,WTR-SPARK-1L,Bottled Water,155,0.55,True,False
2022-02-23,WTR-SPARK-1L,Bottled Water,92,0.55,False,False
2022-02-24,WTR-SPARK-1L,Bottled Water,157,0.55,False,False
2022-02-25,WTR-SPARK-1L,Bottled Water,155,0.55,False,False
2022-02-26,WTR-SPARK-1L,Bottled Water,151,0.55,False,False
2022-02-27,WTR-SPARK-1L,Bottled Water,109,0.55,False,False
2022-02-28,WTR-SPARK-1L,Bottled Water,135,0.55,False,False
2022-03-01,WTR-SPARK-1L,Bottled Water,118,0.55,False,False
2022-03-02,WTR-SPARK-1L,Bottled Water,129,0.55,False,False
2022-03-03,WTR-SPARK-1L,Bottled Water,188,0.55,False,False
2022-03-04,WTR-SPARK-1L,Bottled Water,203,0.55,False,False
2022-03-05,WTR-SPARK-1L,Bottled Water,160,0.55,False,False
2022-03-06,WTR-SPARK-1L,Bottled Water,106,0.55,False,False
2022-03-07,WTR-SPARK-1L,Bottled Water,148,0.55,False,False
2022-03-08,WTR-SPARK-1L,Bottled Water,105,0.55,False,False
2022-03-09,WTR-SPARK-1L,Bottled Water,255,0.55,True,False
2022-03-10,WTR-SPARK-1L,Bottled Water,182,0.55,False,False
2022-03-11,WTR-SPARK-1L,Bottled Water,202,0.55,False,False
2022-03-12,WTR-SPARK-1L,Bottled Water,179,0.55,False,False
2022-03-13,WTR-SPARK-1L,Bottled Water,155,0.55,False,False
2022-03-14,WTR-SPARK-1L,Bottled Water,133,0.55,False,False
2022-03-15,WTR-SPARK-1L,Bottled Water,134,0.55,False,False
2022-03-16,WTR-SPARK-1L,Bottled Water,164,0.55,False,False
2022-03-17,WTR-SPARK-1L,Bottled Water,198,0.55,False,False
2022-03-18,WTR-SPARK-1L,Bottled Water,171,0.55,False,False
2022-03-19,WTR-SPARK-1L,Bottled Water,200,0.55,False,False
2022-03-20,WTR-SPARK-1L,Bottled Water,131,0.55,False,False
2022-03-21,WTR-SPARK-1L,Bottled Water,101,0.55,False,False
2022-03-22,WTR-SPARK-1L,Bottled Water,122,0.55,False,False
2022-03-23,WTR-SPARK-1L,Bottled Water,160,0.55,False,False
2022-03-24,WTR-SPARK-1L,Bottled Water,159,0.55,False,False
2022-03-25,WTR-SPARK-1L,Bottled Water,177,0.55,False,False
2022-03-26,WTR-SPARK-1L,Bottled Water,244,0.55,True,False
2022-03-27,WTR-SPARK-1L,Bottled Water,120,0.55,False,False
2022-03-28,WTR-SPARK-1L,Bottled Water,126,0.55,False,False
2022-03-29,WTR-SPARK-1L,Bottled Water,159,0.55,False,False
2022-03-30,WTR-SPARK-1L,Bottled Water,143,0.55,False,False
2022-03-31,WTR-SPARK-1L,Bottled Water,214,0.55,False,False
2022-04-01,WTR-SPARK-1L,Bottled Water,211,0.55,False,False
2022-04-02,WTR-SPARK-1L,Bottled Water,213,0.55,False,False
2022-04-03,WTR-SPARK-1L,Bottled Water,148,0.55,False,False
2022-04-04,WTR-SPARK-1L,Bottled Water,169,0.55,False,False
2022-04-05,WTR-SPARK-1L,Bottled Water,170,0.55,False,False
2022-04-06,WTR-SPARK-1L,Bottled Water,177,0.55,False,False
2022-04-07,WTR-SPARK-1L,Bottled Water,206,0.55,False,False
2022-04-08,WTR-SPARK-1L,Bottled Water,250,0.55,False,False
2022-04-09,WTR-SPARK-1L,Bottled Water,230,0.55,False,False
2022-04-10,WTR-SPARK-1L,Bottled Water,263,0.55,True,False
2022-04-11,WTR-SPARK-1L,Bottled Water,155,0.55,False,False
2022-04-12,WTR-SPARK-1L,Bottled Water,169,0.55,False,False
2022-04-13,WTR-SPARK-1L,Bottled Water,194,0.55,False,False
2022-04-14,WTR-SPARK-1L,Bottled Water,211,0.55,False,False
2022-04-15,WTR-SPARK-1L,Bottled Water,247,0.55,False,False
2022-04-16,WTR-SPARK-1L,Bottled Water,238,0.55,False,False
2022-04-17,WTR-SPARK-1L,Bottled Water,140,0.55,False,False
2022-04-18,WTR-SPARK-1L,Bottled Water,178,0.55,False,False
2022-04-19,WTR-SPARK-1L,Bottled Water,167,0.55,False,False
2022-04-20,WTR-SPARK-1L,Bottled Water,161,0.55,False,False
2022-04-21,WTR-SPARK-1L,Bottled Water,205,0.55,False,False
2022-04-22,WTR-SPARK-1L,Bottled Water,190,0.55,False,False
2022-04-23,WTR-SPARK-1L,Bottled Water,224,0.55,False,False
2022-04-24,WTR-SPARK-1L,Bottled Water,188,0.55,False,False
2022-04-25,WTR-SPARK-1L,Bottled Water,156,0.55,False,False
2022-04-26,WTR-SPARK-1L,Bottled Water,187,0.55,False,False
2022-04-27,WTR-SPARK-1L,Bottled Water,195,0.55,False,False
2022-04-28,WTR-SPARK-1L,Bottled Water,138,0.55,False,False
2022-04-29,WTR-SPARK-1L,Bottled Water,219,0.55,False,False
2022-04-30,WTR-SPARK-1L,Bottled Water,227,0.55,False,False
2022-05-01,WTR-SPARK-1L,Bottled Water,206,0.55,False,False
2022-05-02,WTR-SPARK-1L,Bottled Water,179,0.55,False,False
2022-05-03,WTR-SPARK-1L,Bottled Water,187,0.55,False,False
2022-05-04,WTR-SPARK-1L,Bottled Water,184,0.55,False,False
2022-05-05,WTR-SPARK-1L,Bottled Water,290,0.55,False,False
2022-05-06,WTR-SPARK-1L,Bottled Water,257,0.55,False,False
2022-05-07,WTR-SPARK-1L,Bottled Water,250,0.55,False,False
2022-05-08,WTR-SPARK-1L,Bottled Water,214,0.55,False,False
2022-05-09,WTR-SPARK-1L,Bottled Water,205,0.55,False,False
2022-05-10,WTR-SPARK-1L,Bottled Water,217,0.55,False,False
2022-05-11,WTR-SPARK-1L,Bottled Water,240,0.55,False,False
2022-05-12,WTR-SPARK-1L,Bottled Water,222,0.55,False,False
2022-05-13,WTR-SPARK-1L,Bottled Water,290,0.55,False,False
2022-05-14,WTR-SPARK-1L,Bottled Water,251,0.55,False,False
2022-05-15,WTR-SPARK-1L,Bottled Water,188,0.55,False,False
2022-05-16,WTR-SPARK-1L,Bottled Water,221,0.55,False,False
2022-05-17,WTR-SPARK-1L,Bottled Water,263,0.55,True,False
2022-05-18,WTR-SPARK-1L,Bottled Water,171,0.55,False,False
2022-05-19,WTR-SPARK-1L,Bottled Water,285,0.55,False,False
2022-05-20,WTR-SPARK-1L,Bottled Water,273,0.55,False,False
2022-05-21,WTR-SPARK-1L,Bottled Water,271,0.55,False,False
2022-05-22,WTR-SPARK-1L,Bottled Water,200,0.55,False,False
2022-05-23,WTR-SPARK-1L,Bottled Water,201,0.55,False,False
2022-05-24,WTR-SPARK-1L,Bottled Water,207,0.55,False,False
2022-05-25,WTR-SPARK-1L,Bottled Water,332,0.55,True,False
2022-05-26,WTR-SPARK-1L,Bottled Water,268,0.55,False,False
2022-05-27,WTR-SPARK-1L,Bottled Water,256,0.55,False,False
2022-05-28,WTR-SPARK-1L,Bottled Water,309,0.55,False,False
2022-05-29,WTR-SPARK-1L,Bottled Water,217,0.55,False,False
2022-05-30,WTR-SPARK-1L,Bottled Water,200,0.55,False,False
2022-05-31,WTR-SPARK-1L,Bottled Water,200,0.55,False,False
2022-06-01,WTR-SPARK-1L,Bottled Water,244,0.55,False,False
2022-06-02,WTR-SPARK-1L,Bottled Water,257,0.55,False,False
2022-06-03,WTR-SPARK-1L,Bottled Water,265,0.55,False,False
2022-06-04,WTR-SPARK-1L,Bottled Water,336,0.55,False,False
2022-06-05,WTR-SPARK-1L,Bottled Water,194,0.55,False,False
2022-06-06,WTR-SPARK-1L,Bottled Water,251,0.55,False,False
2022-06-07,WTR-SPARK-1L,Bottled Water,230,0.55,False,False
2022-06-08,WTR-SPARK-1L,Bottled Water,236,0.55,False,False
2022-06-09,WTR-SPARK-1L,Bottled Water,243,0.55,False,False
2022-06-10,WTR-SPARK-1L,Bottled Water,299,0.55,False,False
2022-06-11,WTR-SPARK-1L,Bottled Water,493,0.55,True,False
2022-06-12,WTR-SPARK-1L,Bottled Water,217,0.55,False,False
2022-06-13,WTR-SPARK-1L,Bottled Water,257,0.55,False,False
2022-06-14,WTR-SPARK-1L,Bottled Water,191,0.55,False,False
2022-06-15,WTR-SPARK-1L,Bottled Water,220,0.55,False,False
2022-06-16,WTR-SPARK-1L,Bottled Water,274,0.55,False,False
2022-06-17,WTR-SPARK-1L,Bottled Water,226,0.55,False,False
2022-06-18,WTR-SPARK-1L,Bottled Water,271,0.55,False,False
2022-06-19,WTR-SPARK-1L,Bottled Water,261,0.55,False,False
2022-06-20,WTR-SPARK-1L,Bottled Water,237,0.55,False,False
2022-06-21,WTR-SPARK-1L,Bottled Water,228,0.55,False,False
2022-06-22,WTR-SPARK-1L,Bottled Water,204,0.55,False,False
2022-06-23,WTR-SPARK-1L,Bottled Water,225,0.55,False,False
2022-06-24,WTR-SPARK-1L,Bottled Water,240,0.55,False,False
2022-06-25,WTR-SPARK-1L,Bottled Water,266,0.55,False,False
2022-06-26,WTR-SPARK-1L,Bottled Water,199,0.55,False,False
2022-06-27,WTR-SPARK-1L,Bottled Water,226,0.55,False,False
2022-06-28,WTR-SPARK-1L,Bottled Water,275,0.55,False,False
2022-06-29,WTR-SPARK-1L,Bottled Water,217,0.55,False,False
2022-06-30,WTR-SPARK-1L,Bottled Water,298,0.55,False,False
2022-07-01,WTR-SPARK-1L,Bottled Water,339,0.55,False,False
2022-07-02,WTR-SPARK-1L,Bottled Water,271,0.55,False,False
2022-07-03,WTR-SPARK-1L,Bottled Water,0,0.55,False,True
2022-07-04,WTR-SPARK-1L,Bottled Water,203,0.55,False,False
2022-07-05,WTR-SPARK-1L,Bottled Water,243,0.55,False,False
2022-07-06,WTR-SPARK-1L,Bottled Water,229,0.55,False,False
2022-07-07,WTR-SPARK-1L,Bottled Water,324,0.55,False,False
2022-07-08,WTR-SPARK-1L,Bottled Water,293,0.55,False,False
2022-07-09,WTR-SPARK-1L,Bottled Water,305,0.55,False,False
2022-07-10,WTR-SPARK-1L,Bottled Water,280,0.55,False,False
2022-07-11,WTR-SPARK-1L,Bottled Water,217,0.55,False,False
2022-07-12,WTR-SPARK-1L,Bottled Water,215,0.55,False,False
2022-07-13,WTR-SPARK-1L,Bottled Water,238,0.55,False,False
2022-07-14,WTR-SPARK-1L,Bottled Water,247,0.55,False,False
2022-07-15,WTR-SPARK-1L,Bottled Water,312,0.55,False,False
2022-07-16,WTR-SPARK-1L,Bottled Water,398,0.55,False,False
2022-07-17,WTR-SPARK-1L,Bottled Water,250,0.55,False,False
2022-07-18,WTR-SPARK-1L,Bottled Water,240,0.55,False,False
2022-07-19,WTR-SPARK-1L,Bottled Water,215,0.55,False,False
2022-07-20,WTR-SPARK-1L,Bottled Water,0,0.55,False,True
2022-07-21,WTR-SPARK-1L,Bottled Water,253,0.55,False,False
2022-07-22,WTR-SPARK-1L,Bottled Water,332,0.55,False,False
2022-07-23,WTR-SPARK-1L,Bottled Water,338,0.55,False,False
2022-07-24,WTR-SPARK-1L,Bottled Water,227,0.55,False,False
2022-07-25,WTR-SPARK-1L,Bottled Water,238,0.55,False,False
2022-07-26,WTR-SPARK-1L,Bottled Water,204,0.55,False,False
2022-07-27,WTR-SPARK-1L,Bottled Water,216,0.55,False,False
2022-07-28,WTR-SPARK-1L,Bottled Water,290,0.55,False,False
2022-07-29,WTR-SPARK-1L,Bottled Water,271,0.55,False,False
2022-07-30,WTR-SPARK-1L,Bottled Water,360,0.55,False,False
2022-07-31,WTR-SPARK-1L,Bottled Water,228,0.55,False,False
2022-08-01,WTR-SPARK-1L,Bottled Water,241,0.55,False,False
2022-08-02,WTR-SPARK-1L,Bottled Water,230,0.55,False,False
2022-08-03,WTR-SPARK-1L,Bottled Water,232,0.55,False,False
2022-08-04,WTR-SPARK-1L,Bottled Water,261,0.55,False,False
2022-08-05,WTR-SPARK-1L,Bottled Water,327,0.55,False,False
2022-08-06,WTR-SPARK-1L,Bottled Water,278,0.55,False,False
2022-08-07,WTR-SPARK-1L,Bottled Water,352,0.55,True,False
2022-08-08,WTR-SPARK-1L,Bottled Water,222,0.55,False,False
2022-08-09,WTR-SPARK-1L,Bottled Water,248,0.55,False,False
2022-08-10,WTR-SPARK-1L,Bottled Water,214,0.55,False,False
2022-08-11,WTR-SPARK-1L,Bottled Water,265,0.55,False,False
2022-08-12,WTR-SPARK-1L,Bottled Water,311,0.55,False,False
2022-08-13,WTR-SPARK-1L,Bottled Water,357,0.55,False,False
2022-08-14,WTR-SPARK-1L,Bottled Water,223,0.55,False,False
2022-08-15,WTR-SPARK-1L,Bottled Water,281,0.55,False,False
2022-08-16,WTR-SPARK-1L,Bottled Water,246,0.55,False,False
2022-08-17,WTR-SPARK-1L,Bottled Water,202,0.55,False,False
2022-08-18,WTR-SPARK-1L,Bottled Water,268,0.55,False,False
2022-08-19,WTR-SPARK-1L,Bottled Water,309,0.55,False,False
2022-08-20,WTR-SPARK-1L,Bottled Water,282,0.55,False,False
2022-08-21,WTR-SPARK-1L,Bottled Water,206,0.55,False,False
2022-08-22,WTR-SPARK-1L,Bottled Water,238,0.55,False,False
2022-08-23,WTR-SPARK-1L,Bottled Water,204,0.55,False,False
2022-08-24,WTR-SPARK-1L,Bottled Water,201,0.55,False,False
2022-08-25,WTR-SPARK-1L,Bottled Water,278,0.55,False,False
2022-08-26,WTR-SPARK-1L,Bottled Water,306,0.55,False,False
2022-08-27,WTR-SPARK-1L,Bottled Water,291,0.55,False,False
2022-08-28,WTR-SPARK-1L,Bottled Water,238,0.55,False,False
2022-08-29,WTR-SPARK-1L,Bottled Water,239,0.55,False,False
2022-08-30,WTR-SPARK-1L,Bottled Water,194,0.55,False,False
2022-08-31,WTR-SPARK-1L,Bottled Water,279,0.55,False,False
2022-09-01,WTR-SPARK-1L,Bottled Water,215,0.55,False,False
2022-09-02,WTR-SPARK-1L,Bottled Water,263,0.55,False,False
2022-09-03,WTR-SPARK-1L,Bottled Water,283,0.55,False,False
2022-09-04,WTR-SPARK-1L,Bottled Water,196,0.55,False,False
2022-09-05,WTR-SPARK-1L,Bottled Water,206,0.55,False,False
2022-09-06,WTR-SPARK-1L,Bottled Water,158,0.55,False,False
2022-09-07,WTR-SPARK-1L,Bottled Water,234,0.55,False,False
2022-09-08,WTR-SPARK-1L,Bottled Water,437,0.55,True,False
2022-09-09,WTR-SPARK-1L,Bottled Water,289,0.55,False,False
2022-09-10,WTR-SPARK-1L,Bottled Water,298,0.55,False,False
2022-09-11,WTR-SPARK-1L,Bottled Water,193,0.55,False,False
2022-09-12,WTR-SPARK-1L,Bottled Water,219,0.55,False,False
2022-09-13,WTR-SPARK-1L,Bottled Water,222,0.55,False,False
2022-09-14,WTR-SPARK-1L,Bottled Water,245,0.55,False,False
2022-09-15,WTR-SPARK-1L,Bottled Water,254,0.55,False,False
2022-09-16,WTR-SPARK-1L,Bottled Water,267,0.55,False,False
2022-09-17,WTR-SPARK-1L,Bottled Water,313,0.55,False,False
2022-09-18,WTR-SPARK-1L,Bottled Water,186,0.55,False,False
2022-09-19,WTR-SPARK-1L,Bottled Water,187,0.55,False,False
2022-09-20,WTR-SPARK-1L,Bottled Water,192,0.55,False,False
2022-09-21,WTR-SPARK-1L,Bottled Water,215,0.55,False,False
2022-09-22,WTR-SPARK-1L,Bottled Water,269,0.55,False,False
2022-09-23,WTR-SPARK-1L,Bottled Water,303,0.55,False,False
2022-09-24,WTR-SPARK-1L,Bottled Water,282,0.55,False,False
2022-09-25,WTR-SPARK-1L,Bottled Water,209,0.55,False,False
2022-09-26,WTR-SPARK-1L,Bottled Water,209,0.55,False,False
2022-09-27,WTR-SPARK-1L,Bottled Water,192,0.55,False,False
2022-09-28,WTR-SPARK-1L,Bottled Water,194,0.55,False,False
2022-09-29,WTR-SPARK-1L,Bottled Water,266,0.55,False,False
2022-09-30,WTR-SPARK-1L,Bottled Water,273,0.55,False,False
2022-10-01,WTR-SPARK-1L,Bottled Water,0,0.55,True,True
2022-10-02,WTR-SPARK-1L,Bottled Water,145,0.55,False,False
2022-10-03,WTR-SPARK-1L,Bottled Water,208,0.55,False,False
2022-10-04,WTR-SPARK-1L,Bottled Water,191,0.55,False,False
2022-10-05,WTR-SPARK-1L,Bottled Water,206,0.55,False,False
2022-10-06,WTR-SPARK-1L,Bottled Water,241,0.55,False,False
2022-10-07,WTR-SPARK-1L,Bottled Water,238,0.55,False,False
2022-10-08,WTR-SPARK-1L,Bottled Water,251,0.55,False,False
2022-10-09,WTR-SPARK-1L,Bottled Water,195,0.55,False,False
2022-10-10,WTR-SPARK-1L,Bottled Water,172,0.55,False,False
2022-10-11,WTR-SPARK-1L,Bottled Water,0,0.55,False,True
2022-10-12,WTR-SPARK-1L,Bottled Water,214,0.55,False,False
2022-10-13,WTR-SPARK-1L,Bottled Water,201,0.55,False,False
2022-10-14,WTR-SPARK-1L,Bottled Water,261,0.55,False,False
2022-10-15,WTR-SPARK-1L,Bottled Water,213,0.55,False,False
2022-10-16,WTR-SPARK-1L,Bottled Water,209,0.55,False,False
2022-10-17,WTR-SPARK-1L,Bottled Water,190,0.55,False,False
2022-10-18,WTR-SPARK-1L,Bottled Water,191,0.55,False,False
2022-10-19,WTR-SPARK-1L,Bottled Water,177,0.55,False,False
2022-10-20,WTR-SPARK-1L,Bottled Water,248,0.55,False,False
2022-10-21,WTR-SPARK-1L,Bottled Water,266,0.55,False,False
2022-10-22,WTR-SPARK-1L,Bottled Water,247,0.55,False,False
2022-10-23,WTR-SPARK-1L,Bottled Water,118,0.55,False,False
2022-10-24,WTR-SPARK-1L,Bottled Water,183,0.55,False,False
2022-10-25,WTR-SPARK-1L,Bottled Water,164,0.55,False,False
2022-10-26,WTR-SPARK-1L,Bottled Water,218,0.55,False,False
2022-10-27,WTR-SPARK-1L,Bottled Water,257,0.55,False,False
2022-10-28,WTR-SPARK-1L,Bottled Water,246,0.55,False,False
2022-10-29,WTR-SPARK-1L,Bottled Water,277,0.55,False,False
2022-10-30,WTR-SPARK-1L,Bottled Water,196,0.55,False,False
2022-10-31,WTR-SPARK-1L,Bottled Water,156,0.55,False,False
2022-11-01,WTR-SPARK-1L,Bottled Water,135,0.55,False,False
2022-11-02,WTR-SPARK-1L,Bottled Water,150,0.55,False,False
2022-11-03,WTR-SPARK-1L,Bottled Water,182,0.55,False,False
2022-11-04,WTR-SPARK-1L,Bottled Water,188,0.55,False,False
2022-11-05,WTR-SPARK-1L,Bottled Water,175,0.55,False,False
2022-11-06,WTR-SPARK-1L,Bottled Water,159,0.55,False,False
2022-11-07,WTR-SPARK-1L,Bottled Water,123,0.55,False,False
2022-11-08,WTR-SPARK-1L,Bottled Water,128,0.55,False,False
2022-11-09,WTR-SPARK-1L,Bottled Water,249,0.55,True,False
2022-11-10,WTR-SPARK-1L,Bottled Water,167,0.55,False,False
2022-11-11,WTR-SPARK-1L,Bottled Water,212,0.55,False,False
2022-11-12,WTR-SPARK-1L,Bottled Water,187,0.55,False,False
2022-11-13,WTR-SPARK-1L,Bottled Water,192,0.55,False,False
2022-11-14,WTR-SPARK-1L,Bottled Water,134,0.55,False,False
2022-11-15,WTR-SPARK-1L,Bottled Water,115,0.55,False,False
2022-11-16,WTR-SPARK-1L,Bottled Water,154,0.55,False,False
2022-11-17,WTR-SPARK-1L,Bottled Water,163,0.55,False,False
2022-11-18,WTR-SPARK-1L,Bottled Water,182,0.55,False,False
2022-11-19,WTR-SPARK-1L,Bottled Water,226,0.55,False,False
2022-11-20,WTR-SPARK-1L,Bottled Water,155,0.55,False,False
2022-11-21,WTR-SPARK-1L,Bottled Water,143,0.55,False,False
2022-11-22,WTR-SPARK-1L,Bottled Water,120,0.55,False,False
2022-11-23,WTR-SPARK-1L,Bottled Water,146,0.55,False,False
2022-11-24,WTR-SPARK-1L,Bottled Water,188,0.55,False,False
2022-11-25,WTR-SPARK-1L,Bottled Water,209,0.55,False,False
2022-11-26,WTR-SPARK-1L,Bottled Water,194,0.55,False,False
2022-11-27,WTR-SPARK-1L,Bottled Water,155,0.55,False,False
2022-11-28,WTR-SPARK-1L,Bottled Water,179,0.55,False,False
2022-11-29,WTR-SPARK-1L,Bottled Water,262,0.55,True,False
2022-11-30,WTR-SPARK-1L,Bottled Water,159,0.55,False,False
2022-12-01,WTR-SPARK-1L,Bottled Water,138,0.55,False,False
2022-12-02,WTR-SPARK-1L,Bottled Water,158,0.55,False,False
2022-12-03,WTR-SPARK-1L,Bottled Water,130,0.55,False,False
2022-12-04,WTR-SPARK-1L,Bottled Water,115,0.55,False,False
2022-12-05,WTR-SPARK-1L,Bottled Water,127,0.55,False,False
2022-12-06,WTR-SPARK-1L,Bottled Water,121,0.55,False,False
2022-12-07,WTR-SPARK-1L,Bottled Water,228,0.55,True,False
2022-12-08,WTR-SPARK-1L,Bottled Water,222,0.55,True,False
2022-12-09,WTR-SPARK-1L,Bottled Water,222,0.55,True,False
2022-12-10,WTR-SPARK-1L,Bottled Water,145,0.55,False,False
2022-12-11,WTR-SPARK-1L,Bottled Water,115,0.55,False,False
2022-12-12,WTR-SPARK-1L,Bottled Water,130,0.55,False,False
2022-12-13,WTR-SPARK-1L,Bottled Water,97,0.55,False,False
2022-12-14,WTR-SPARK-1L,Bottled Water,158,0.55,False,False
2022-12-15,WTR-SPARK-1L,Bottled Water,152,0.55,False,False
2022-12-16,WTR-SPARK-1L,Bottled Water,165,0.55,False,False
2022-12-17,WTR-SPARK-1L,Bottled Water,151,0.55,False,False
2022-12-18,WTR-SPARK-1L,Bottled Water,110,0.55,False,False
2022-12-19,WTR-SPARK-1L,Bottled Water,126,0.55,False,False
2022-12-20,WTR-SPARK-1L,Bottled Water,139,0.55,False,False
2022-12-21,WTR-SPARK-1L,Bottled Water,121,0.55,False,False
2022-12-22,WTR-SPARK-1L,Bottled Water,107,0.55,False,False
2022-12-23,WTR-SPARK-1L,Bottled Water,170,0.55,False,False
2022-12-24,WTR-SPARK-1L,Bottled Water,162,0.55,False,False
2022-12-25,WTR-SPARK-1L,Bottled Water,100,0.55,False,False
2022-12-26,WTR-SPARK-1L,Bottled Water,133,0.55,False,False
2022-12-27,WTR-SPARK-1L,Bottled Water,103,0.55,False,False
2022-12-28,WTR-SPARK-1L,Bottled Water,130,0.55,False,False
2022-12-29,WTR-SPARK-1L,Bottled Water,145,0.55,False,False
2022-12-30,WTR-SPARK-1L,Bottled Water,163,0.55,False,False
2022-12-31,WTR-SPARK-1L,Bottled Water,184,0.55,False,False
2023-01-01,WTR-SPARK-1L,Bottled Water,133,0.55,False,False
2023-01-02,WTR-SPARK-1L,Bottled Water,142,0.55,False,False
2023-01-03,WTR-SPARK-1L,Bottled Water,124,0.55,False,False
2023-01-04,WTR-SPARK-1L,Bottled Water,126,0.55,False,False
2023-01-05,WTR-SPARK-1L,Bottled Water,123,0.55,False,False
2023-01-06,WTR-SPARK-1L,Bottled Water,151,0.55,False,False
2023-01-07,WTR-SPARK-1L,Bottled Water,158,0.55,False,False
2023-01-08,WTR-SPARK-1L,Bottled Water,146,0.55,True,False
2023-01-09,WTR-SPARK-1L,Bottled Water,111,0.55,False,False
2023-01-10,WTR-SPARK-1L,Bottled Water,116,0.55,False,False
2023-01-11,WTR-SPARK-1L,Bottled Water,124,0.55,False,False
2023-01-12,WTR-SPARK-1L,Bottled Water,157,0.55,False,False
2023-01-13,WTR-SPARK-1L,Bottled Water,164,0.55,False,False
2023-01-14,WTR-SPARK-1L,Bottled Water,124,0.55,False,False
2023-01-15,WTR-SPARK-1L,Bottled Water,123,0.55,True,False
2023-01-16,WTR-SPARK-1L,Bottled Water,130,0.55,False,False
2023-01-17,WTR-SPARK-1L,Bottled Water,111,0.55,False,False
2023-01-18,WTR-SPARK-1L,Bottled Water,135,0.55,False,False
2023-01-19,WTR-SPARK-1L,Bottled Water,159,0.55,False,False
2023-01-20,WTR-SPARK-1L,Bottled Water,182,0.55,False,False
2023-01-21,WTR-SPARK-1L,Bottled Water,137,0.55,False,False
2023-01-22,WTR-SPARK-1L,Bottled Water,131,0.55,False,False
2023-01-23,WTR-SPARK-1L,Bottled Water,118,0.55,False,False
2023-01-24,WTR-SPARK-1L,Bottled Water,108,0.55,False,False
2023-01-25,WTR-SPARK-1L,Bottled Water,110,0.55,False,False
2023-01-26,WTR-SPARK-1L,Bottled Water,136,0.55,False,False
2023-01-27,WTR-SPARK-1L,Bottled Water,159,0.55,False,False
2023-01-28,WTR-SPARK-1L,Bottled Water,179,0.55,False,False
2023-01-29,WTR-SPARK-1L,Bottled Water,116,0.55,False,False
2023-01-30,WTR-SPARK-1L,Bottled Water,104,0.55,False,False
2023-01-31,WTR-SPARK-1L,Bottled Water,119,0.55,False,False
2023-02-01,WTR-SPARK-1L,Bottled Water,142,0.55,False,False
2023-02-02,WTR-SPARK-1L,Bottled Water,131,0.55,False,False
2023-02-03,WTR-SPARK-1L,Bottled Water,174,0.55,False,False
2023-02-04,WTR-SPARK-1L,Bottled Water,152,0.55,False,False
2023-02-05,WTR-SPARK-1L,Bottled Water,120,0.55,False,False
2023-02-06,WTR-SPARK-1L,Bottled Water,123,0.55,False,False
2023-02-07,WTR-SPARK-1L,Bottled Water,106,0.55,False,False
2023-02-08,WTR-SPARK-1L,Bottled Water,110,0.55,False,False
2023-02-09,WTR-SPARK-1L,Bottled Water,148,0.55,False,False
2023-02-10,WTR-SPARK-1L,Bottled Water,144,0.55,False,False
2023-02-11,WTR-SPARK-1L,Bottled Water,148,0.55,False,False
2023-02-12,WTR-SPARK-1L,Bottled Water,137,0.55,False,False
2023-02-13,WTR-SPARK-1L,Bottled Water,117,0.55,False,False
2023-02-14,WTR-SPARK-1L,Bottled Water,130,0.55,False,False
2023-02-15,WTR-SPARK-1L,Bottled Water,123,0.55,False,False
2023-02-16,WTR-SPARK-1L,Bottled Water,170,0.55,False,False
2023-02-17,WTR-SPARK-1L,Bottled Water,145,0.55,False,False
2023-02-18,WTR-SPARK-1L,Bottled Water,139,0.55,False,False
2023-02-19,WTR-SPARK-1L,Bottled Water,115,0.55,False,False
2023-02-20,WTR-SPARK-1L,Bottled Water,102,0.55,False,False
2023-02-21,WTR-SPARK-1L,Bottled Water,132,0.55,False,False
2023-02-22,WTR-SPARK-1L,Bottled Water,127,0.55,False,False
2023-02-23,WTR-SPARK-1L,Bottled Water,149,0.55,False,False
2023-02-24,WTR-SPARK-1L,Bottled Water,140,0.55,False,False
2023-02-25,WTR-SPARK-1L,Bottled Water,181,0.55,False,False
2023-02-26,WTR-SPARK-1L,Bottled Water,102,0.55,False,False
2023-02-27,WTR-SPARK-1L,Bottled Water,112,0.55,False,False
2023-02-28,WTR-SPARK-1L,Bottled Water,110,0.55,False,False
2023-03-01,WTR-SPARK-1L,Bottled Water,136,0.55,False,False
2023-03-02,WTR-SPARK-1L,Bottled Water,173,0.55,False,False
2023-03-03,WTR-SPARK-1L,Bottled Water,237,0.55,False,False
2023-03-04,WTR-SPARK-1L,Bottled Water,233,0.55,False,False
2023-03-05,WTR-SPARK-1L,Bottled Water,178,0.55,False,False
2023-03-06,WTR-SPARK-1L,Bottled Water,167,0.55,False,False
2023-03-07,WTR-SPARK-1L,Bottled Water,138,0.55,False,False
2023-03-08,WTR-SPARK-1L,Bottled Water,151,0.55,False,False
2023-03-09,WTR-SPARK-1L,Bottled Water,145,0.55,False,False
2023-03-10,WTR-SPARK-1L,Bottled Water,178,0.55,False,False
2023-03-11,WTR-SPARK-1L,Bottled Water,194,0.55,False,False
2023-03-12,WTR-SPARK-1L,Bottled Water,160,0.55,False,False
2023-03-13,WTR-SPARK-1L,Bottled Water,179,0.55,False,False
2023-03-14,WTR-SPARK-1L,Bottled Water,151,0.55,False,False
2023-03-15,WTR-SPARK-1L,Bottled Water,178,0.55,False,False
2023-03-16,WTR-SPARK-1L,Bottled Water,162,0.55,False,False
2023-03-17,WTR-SPARK-1L,Bottled Water,285,0.55,True,False
2023-03-18,WTR-SPARK-1L,Bottled Water,191,0.55,False,False
2023-03-19,WTR-SPARK-1L,Bottled Water,163,0.55,False,False
2023-03-20,WTR-SPARK-1L,Bottled Water,137,0.55,False,False
2023-03-21,WTR-SPARK-1L,Bottled Water,170,0.55,False,False
2023-03-22,WTR-SPARK-1L,Bottled Water,175,0.55,False,False
2023-03-23,WTR-SPARK-1L,Bottled Water,158,0.55,False,False
2023-03-24,WTR-SPARK-1L,Bottled Water,184,0.55,False,False
2023-03-25,WTR-SPARK-1L,Bottled Water,224,0.55,False,False
2023-03-26,WTR-SPARK-1L,Bottled Water,140,0.55,False,False
2023-03-27,WTR-SPARK-1L,Bottled Water,153,0.55,False,False
2023-03-28,WTR-SPARK-1L,Bottled Water,147,0.55,False,False
2023-03-29,WTR-SPARK-1L,Bottled Water,122,0.55,False,False
2023-03-30,WTR-SPARK-1L,Bottled Water,188,0.55,False,False
2023-03-31,WTR-SPARK-1L,Bottled Water,170,0.55,False,False
2023-04-01,WTR-SPARK-1L,Bottled Water,212,0.55,False,False
2023-04-02,WTR-SPARK-1L,Bottled Water,165,0.55,False,False
2023-04-03,WTR-SPARK-1L,Bottled Water,180,0.55,False,False
2023-04-04,WTR-SPARK-1L,Bottled Water,156,0.55,False,False
2023-04-05,WTR-SPARK-1L,Bottled Water,220,0.55,False,False
2023-04-06,WTR-SPARK-1L,Bottled Water,216,0.55,False,False
2023-04-07,WTR-SPARK-1L,Bottled Water,201,0.55,False,False
2023-04-08,WTR-SPARK-1L,Bottled Water,243,0.55,False,False
2023-04-09,WTR-SPARK-1L,Bottled Water,188,0.55,False,False
2023-04-10,WTR-SPARK-1L,Bottled Water,187,0.55,False,False
2023-04-11,WTR-SPARK-1L,Bottled Water,181,0.55,False,False
2023-04-12,WTR-SPARK-1L,Bottled Water,233,0.55,False,False
2023-04-13,WTR-SPARK-1L,Bottled Water,220,0.55,False,False
2023-04-14,WTR-SPARK-1L,Bottled Water,255,0.55,False,False
2023-04-15,WTR-SPARK-1L,Bottled Water,279,0.55,False,False
2023-04-16,WTR-SPARK-1L,Bottled Water,181,0.55,False,False
2023-04-17,WTR-SPARK-1L,Bottled Water,193,0.55,False,False
2023-04-18,WTR-SPARK-1L,Bottled Water,170,0.55,False,False
2023-04-19,WTR-SPARK-1L,Bottled Water,211,0.55,False,False
2023-04-20,WTR-SPARK-1L,Bottled Water,226,0.55,False,False
2023-04-21,WTR-SPARK-1L,Bottled Water,295,0.55,False,False
2023-04-22,WTR-SPARK-1L,Bottled Water,295,0.55,False,False
2023-04-23,WTR-SPARK-1L,Bottled Water,145,0.55,False,False
2023-04-24,WTR-SPARK-1L,Bottled Water,185,0.55,False,False
2023-04-25,WTR-SPARK-1L,Bottled Water,216,0.55,False,False
2023-04-26,WTR-SPARK-1L,Bottled Water,238,0.55,False,False
2023-04-27,WTR-SPARK-1L,Bottled Water,237,0.55,False,False
2023-04-28,WTR-SPARK-1L,Bottled Water,210,0.55,False,False
2023-04-29,WTR-SPARK-1L,Bottled Water,274,0.55,False,False
2023-04-30,WTR-SPARK-1L,Bottled Water,191,0.55,False,False
2023-05-01,WTR-SPARK-1L,Bottled Water,236,0.55,False,False
2023-05-02,WTR-SPARK-1L,Bottled Water,284,0.55,False,False
2023-05-03,WTR-SPARK-1L,Bottled Water,200,0.55,False,False
2023-05-04,WTR-SPARK-1L,Bottled Water,283,0.55,False,False
2023-05-05,WTR-SPARK-1L,Bottled Water,320,0.55,False,False
2023-05-06,WTR-SPARK-1L,Bottled Water,279,0.55,False,False
2023-05-07,WTR-SPARK-1L,Bottled Water,195,0.55,False,False
2023-05-08,WTR-SPARK-1L,Bottled Water,232,0.55,False,False
2023-05-09,WTR-SPARK-1L,Bottled Water,207,0.55,False,False
2023-05-10,WTR-SPARK-1L,Bottled Water,210,0.55,False,False
2023-05-11,WTR-SPARK-1L,Bottled Water,235,0.55,False,False
2023-05-12,WTR-SPARK-1L,Bottled Water,287,0.55,False,False
2023-05-13,WTR-SPARK-1L,Bottled Water,283,0.55,False,False
2023-05-14,WTR-SPARK-1L,Bottled Water,247,0.55,False,False
2023-05-15,WTR-SPARK-1L,Bottled Water,259,0.55,False,False
2023-05-16,WTR-SPARK-1L,Bottled Water,222,0.55,False,False
2023-05-17,WTR-SPARK-1L,Bottled Water,221,0.55,False,False
2023-05-18,WTR-SPARK-1L,Bottled Water,271,0.55,False,False
2023-05-19,WTR-SPARK-1L,Bottled Water,273,0.55,False,False
2023-05-20,WTR-SPARK-1L,Bottled Water,260,0.55,False,False
2023-05-21,WTR-SPARK-1L,Bottled Water,180,0.55,False,False
2023-05-22,WTR-SPARK-1L,Bottled Water,197,0.55,False,False
2023-05-23,WTR-SPARK-1L,Bottled Water,222,0.55,False,False
2023-05-24,WTR-SPARK-1L,Bottled Water,208,0.55,False,False
2023-05-25,WTR-SPARK-1L,Bottled Water,391,0.55,True,False
2023-05-26,WTR-SPARK-1L,Bottled Water,281,0.55,False,False
2023-05-27,WTR-SPARK-1L,Bottled Water,284,0.55,False,False
2023-05-28,WTR-SPARK-1L,Bottled Water,200,0.55,False,False
2023-05-29,WTR-SPARK-1L,Bottled Water,236,0.55,False,False
2023-05-30,WTR-SPARK-1L,Bottled Water,187,0.55,False,False
2023-05-31,WTR-SPARK-1L,Bottled Water,302,0.55,False,False
2023-06-01,WTR-SPARK-1L,Bottled Water,243,0.55,False,False
2023-06-02,WTR-SPARK-1L,Bottled Water,296,0.55,False,False
2023-06-03,WTR-SPARK-1L,Bottled Water,364,0.55,False,False
2023-06-04,WTR-SPARK-1L,Bottled Water,244,0.55,False,False
2023-06-05,WTR-SPARK-1L,Bottled Water,247,0.55,False,False
2023-06-06,WTR-SPARK-1L,Bottled Water,179,0.55,False,False
2023-06-07,WTR-SPARK-1L,Bottled Water,310,0.55,False,False
2023-06-08,WTR-SPARK-1L,Bottled Water,302,0.55,False,False
2023-06-09,WTR-SPARK-1L,Bottled Water,308,0.55,False,False
2023-06-10,WTR-SPARK-1L,Bottled Water,265,0.55,False,False
2023-06-11,WTR-SPARK-1L,Bottled Water,239,0.55,False,False
2023-06-12,WTR-SPARK-1L,Bottled Water,211,0.55,False,False
2023-06-13,WTR-SPARK-1L,Bottled Water,259,0.55,False,False
2023-06-14,WTR-SPARK-1L,Bottled Water,0,0.55,False,True
2023-06-15,WTR-SPARK-1L,Bottled Water,289,0.55,False,False
2023-06-16,WTR-SPARK-1L,Bottled Water,263,0.55,False,False
2023-06-17,WTR-SPARK-1L,Bottled Water,377,0.55,False,False
2023-06-18,WTR-SPARK-1L,Bottled Water,228,0.55,False,False
2023-06-19,WTR-SPARK-1L,Bottled Water,241,0.55,False,False
2023-06-20,WTR-SPARK-1L,Bottled Water,223,0.55,False,False
2023-06-21,WTR-SPARK-1L,Bottled Water,304,0.55,False,False
2023-06-22,WTR-SPARK-1L,Bottled Water,242,0.55,False,False
2023-06-23,WTR-SPARK-1L,Bottled Water,325,0.55,False,False
2023-06-24,WTR-SPARK-1L,Bottled Water,329,0.55,False,False
2023-06-25,WTR-SPARK-1L,Bottled Water,208,0.55,False,False
2023-06-26,WTR-SPARK-1L,Bottled Water,288,0.55,False,False
2023-06-27,WTR-SPARK-1L,Bottled Water,197,0.55,False,False
2023-06-28,WTR-SPARK-1L,Bottled Water,262,0.55,False,False
2023-06-29,WTR-SPARK-1L,Bottled Water,320,0.55,False,False
2023-06-30,WTR-SPARK-1L,Bottled Water,302,0.55,False,False
2023-07-01,WTR-SPARK-1L,Bottled Water,620,0.55,True,False
2023-07-02,WTR-SPARK-1L,Bottled Water,210,0.55,False,False
2023-07-03,WTR-SPARK-1L,Bottled Water,227,0.55,False,False
2023-07-04,WTR-SPARK-1L,Bottled Water,206,0.55,False,False
2023-07-05,WTR-SPARK-1L,Bottled Water,255,0.55,False,False
2023-07-06,WTR-SPARK-1L,Bottled Water,300,0.55,False,False
2023-07-07,WTR-SPARK-1L,Bottled Water,310,0.55,False,False
2023-07-08,WTR-SPARK-1L,Bottled Water,297,0.55,False,False
2023-07-09,WTR-SPARK-1L,Bottled Water,214,0.55,False,False
2023-07-10,WTR-SPARK-1L,Bottled Water,263,0.55,False,False
2023-07-11,WTR-SPARK-1L,Bottled Water,268,0.55,False,False
2023-07-12,WTR-SPARK-1L,Bottled Water,222,0.55,False,False
2023-07-13,WTR-SPARK-1L,Bottled Water,356,0.55,False,False
2023-07-14,WTR-SPARK-1L,Bottled Water,318,0.55,False,False
2023-07-15,WTR-SPARK-1L,Bottled Water,303,0.55,False,False
2023-07-16,WTR-SPARK-1L,Bottled Water,262,0.55,False,False
2023-07-17,WTR-SPARK-1L,Bottled Water,327,0.55,True,False
2023-07-18,WTR-SPARK-1L,Bottled Water,287,0.55,False,False
2023-07-19,WTR-SPARK-1L,Bottled Water,230,0.55,False,False
2023-07-20,WTR-SPARK-1L,Bottled Water,290,0.55,False,False
2023-07-21,WTR-SPARK-1L,Bottled Water,315,0.55,False,False
2023-07-22,WTR-SPARK-1L,Bottled Water,292,0.55,False,False
2023-07-23,WTR-SPARK-1L,Bottled Water,287,0.55,False,False
2023-07-24,WTR-SPARK-1L,Bottled Water,263,0.55,False,False
2023-07-25,WTR-SPARK-1L,Bottled Water,223,0.55,False,False
2023-07-26,WTR-SPARK-1L,Bottled Water,252,0.55,False,False
2023-07-27,WTR-SPARK-1L,Bottled Water,321,0.55,False,False
2023-07-28,WTR-SPARK-1L,Bottled Water,278,0.55,False,False
2023-07-29,WTR-SPARK-1L,Bottled Water,360,0.55,False,False
2023-07-30,WTR-SPARK-1L,Bottled Water,236,0.55,False,False
2023-07-31,WTR-SPARK-1L,Bottled Water,252,0.55,False,False
2023-08-01,WTR-SPARK-1L,Bottled Water,270,0.55,False,False
2023-08-02,WTR-SPARK-1L,Bottled Water,253,0.55,False,False
2023-08-03,WTR-SPARK-1L,Bottled Water,330,0.55,False,False
2023-08-04,WTR-SPARK-1L,Bottled Water,238,0.55,False,False
2023-08-05,WTR-SPARK-1L,Bottled Water,328,0.55,False,False
2023-08-06,WTR-SPARK-1L,Bottled Water,212,0.55,False,False
2023-08-07,WTR-SPARK-1L,Bottled Water,301,0.55,False,False
2023-08-08,WTR-SPARK-1L,Bottled Water,221,0.55,False,False
2023-08-09,WTR-SPARK-1L,Bottled Water,249,0.55,False,False
2023-08-10,WTR-SPARK-1L,Bottled Water,334,0.55,False,False
2023-08-11,WTR-SPARK-1L,Bottled Water,301,0.55,False,False
2023-08-12,WTR-SPARK-1L,Bottled Water,294,0.55,False,False
2023-08-13,WTR-SPARK-1L,Bottled Water,233,0.55,False,False
2023-08-14,WTR-SPARK-1L,Bottled Water,243,0.55,False,False
2023-08-15,WTR-SPARK-1L,Bottled Water,227,0.55,False,False
2023-08-16,WTR-SPARK-1L,Bottled Water,315,0.55,False,False
2023-08-17,WTR-SPARK-1L,Bottled Water,242,0.55,False,False
2023-08-18,WTR-SPARK-1L,Bottled Water,294,0.55,False,False
2023-08-19,WTR-SPARK-1L,Bottled Water,314,0.55,False,False
2023-08-20,WTR-SPARK-1L,Bottled Water,209,0.55,False,False
2023-08-21,WTR-SPARK-1L,Bottled Water,243,0.55,False,False
2023-08-22,WTR-SPARK-1L,Bottled Water,250,0.55,False,False
2023-08-23,WTR-SPARK-1L,Bottled Water,0,0.55,False,True
2023-08-24,WTR-SPARK-1L,Bottled Water,303,0.55,False,False
2023-08-25,WTR-SPARK-1L,Bottled Water,319,0.55,False,False
2023-08-26,WTR-SPARK-1L,Bottled Water,346,0.55,False,False
2023-08-27,WTR-SPARK-1L,Bottled Water,241,0.55,False,False
2023-08-28,WTR-SPARK-1L,Bottled Water,208,0.55,False,False
2023-08-29,WTR-SPARK-1L,Bottled Water,251,0.55,False,False
2023-08-30,WTR-SPARK-1L,Bottled Water,237,0.55,False,False
2023-08-31,WTR-SPARK-1L,Bottled Water,284,0.55,False,False
2023-09-01,WTR-SPARK-1L,Bottled Water,295,0.55,False,False
2023-09-02,WTR-SPARK-1L,Bottled Water,268,0.55,False,False
2023-09-03,WTR-SPARK-1L,Bottled Water,152,0.55,False,False
2023-09-04,WTR-SPARK-1L,Bottled Water,184,0.55,False,False
2023-09-05,WTR-SPARK-1L,Bottled Water,225,0.55,False,False
2023-09-06,WTR-SPARK-1L,Bottled Water,244,0.55,False,False
2023-09-07,WTR-SPARK-1L,Bottled Water,268,0.55,False,False
2023-09-08,WTR-SPARK-1L,Bottled Water,355,0.55,False,False
2023-09-09,WTR-SPARK-1L,Bottled Water,249,0.55,False,False
2023-09-10,WTR-SPARK-1L,Bottled Water,220,0.55,False,False
2023-09-11,WTR-SPARK-1L,Bottled Water,224,0.55,False,False
2023-09-12,WTR-SPARK-1L,Bottled Water,212,0.55,False,False
2023-09-13,WTR-SPARK-1L,Bottled Water,239,0.55,False,False
2023-09-14,WTR-SPARK-1L,Bottled Water,275,0.55,False,False
2023-09-15,WTR-SPARK-1L,Bottled Water,290,0.55,False,False
2023-09-16,WTR-SPARK-1L,Bottled Water,331,0.55,False,False
2023-09-17,WTR-SPARK-1L,Bottled Water,223,0.55,False,False
2023-09-18,WTR-SPARK-1L,Bottled Water,223,0.55,False,False
2023-09-19,WTR-SPARK-1L,Bottled Water,198,0.55,False,False
2023-09-20,WTR-SPARK-1L,Bottled Water,222,0.55,False,False
2023-09-21,WTR-SPARK-1L,Bottled Water,0,0.55,False,True
2023-09-22,WTR-SPARK-1L,Bottled Water,319,0.55,False,False
2023-09-23,WTR-SPARK-1L,Bottled Water,317,0.55,False,False
2023-09-24,WTR-SPARK-1L,Bottled Water,199,0.55,False,False
2023-09-25,WTR-SPARK-1L,Bottled Water,217,0.55,False,False
2023-09-26,WTR-SPARK-1L,Bottled Water,196,0.55,False,False
2023-09-27,WTR-SPARK-1L,Bottled Water,229,0.55,False,False
2023-09-28,WTR-SPARK-1L,Bottled Water,256,0.55,False,False
2023-09-29,WTR-SPARK-1L,Bottled Water,335,0.55,False,False
2023-09-30,WTR-SPARK-1L,Bottled Water,289,0.55,False,False
2023-10-01,WTR-SPARK-1L,Bottled Water,207,0.55,False,False
2023-10-02,WTR-SPARK-1L,Bottled Water,168,0.55,False,False
2023-10-03,WTR-SPARK-1L,Bottled Water,172,0.55,False,False
2023-10-04,WTR-SPARK-1L,Bottled Water,210,0.55,False,False
2023-10-05,WTR-SPARK-1L,Bottled Water,214,0.55,False,False
2023-10-06,WTR-SPARK-1L,Bottled Water,258,0.55,False,False
2023-10-07,WTR-SPARK-1L,Bottled Water,279,0.55,False,False
2023-10-08,WTR-SPARK-1L,Bottled Water,169,0.55,False,False
2023-10-09,WTR-SPARK-1L,Bottled Water,167,0.55,False,False
2023-10-10,WTR-SPARK-1L,Bottled Water,187,0.55,False,False
2023-10-11,WTR-SPARK-1L,Bottled Water,190,0.55,False,False
2023-10-12,WTR-SPARK-1L,Bottled Water,269,0.55,False,False
2023-10-13,WTR-SPARK-1L,Bottled Water,212,0.55,False,False
2023-10-14,WTR-SPARK-1L,Bottled Water,265,0.55,False,False
2023-10-15,WTR-SPARK-1L,Bottled Water,210,0.55,False,False
2023-10-16,WTR-SPARK-1L,Bottled Water,189,0.55,False,False
2023-10-17,WTR-SPARK-1L,Bottled Water,205,0.55,False,False
2023-10-18,WTR-SPARK-1L,Bottled Water,188,0.55,False,False
2023-10-19,WTR-SPARK-1L,Bottled Water,207,0.55,False,False
2023-10-20,WTR-SPARK-1L,Bottled Water,313,0.55,True,False
2023-10-21,WTR-SPARK-1L,Bottled Water,246,0.55,False,False
2023-10-22,WTR-SPARK-1L,Bottled Water,157,0.55,False,False
2023-10-23,WTR-SPARK-1L,Bottled Water,163,0.55,False,False
2023-10-24,WTR-SPARK-1L,Bottled Water,193,0.55,False,False
2023-10-25,WTR-SPARK-1L,Bottled Water,233,0.55,False,False
2023-10-26,WTR-SPARK-1L,Bottled Water,231,0.55,False,False
2023-10-27,WTR-SPARK-1L,Bottled Water,228,0.55,False,False
2023-10-28,WTR-SPARK-1L,Bottled Water,234,0.55,False,False
2023-10-29,WTR-SPARK-1L,Bottled Water,164,0.55,False,False
2023-10-30,WTR-SPARK-1L,Bottled Water,190,0.55,False,False
2023-10-31,WTR-SPARK-1L,Bottled Water,183,0.55,False,False
2023-11-01,WTR-SPARK-1L,Bottled Water,200,0.55,False,False
2023-11-02,WTR-SPARK-1L,Bottled Water,216,0.55,False,False
2023-11-03,WTR-SPARK-1L,Bottled Water,225,0.55,False,False
2023-11-04,WTR-SPARK-1L,Bottled Water,219,0.55,False,False
2023-11-05,WTR-SPARK-1L,Bottled Water,157,0.55,False,False
2023-11-06,WTR-SPARK-1L,Bottled Water,139,0.55,False,False
2023-11-07,WTR-SPARK-1L,Bottled Water,147,0.55,False,False
2023-11-08,WTR-SPARK-1L,Bottled Water,157,0.55,False,False
2023-11-09,WTR-SPARK-1L,Bottled Water,157,0.55,False,False
2023-11-10,WTR-SPARK-1L,Bottled Water,213,0.55,False,False
2023-11-11,WTR-SPARK-1L,Bottled Water,195,0.55,False,False
2023-11-12,WTR-SPARK-1L,Bottled Water,158,0.55,False,False
2023-11-13,WTR-SPARK-1L,Bottled Water,154,0.55,False,False
2023-11-14,WTR-SPARK-1L,Bottled Water,136,0.55,False,False
2023-11-15,WTR-SPARK-1L,Bottled Water,176,0.55,False,False
2023-11-16,WTR-SPARK-1L,Bottled Water,186,0.55,False,False
2023-11-17,WTR-SPARK-1L,Bottled Water,215,0.55,False,False
2023-11-18,WTR-SPARK-1L,Bottled Water,217,0.55,False,False
2023-11-19,WTR-SPARK-1L,Bottled Water,144,0.55,False,False
2023-11-20,WTR-SPARK-1L,Bottled Water,147,0.55,False,False
2023-11-21,WTR-SPARK-1L,Bottled Water,140,0.55,False,False
2023-11-22,WTR-SPARK-1L,Bottled Water,133,0.55,False,False
2023-11-23,WTR-SPARK-1L,Bottled Water,179,0.55,False,False
2023-11-24,WTR-SPARK-1L,Bottled Water,226,0.55,False,False
2023-11-25,WTR-SPARK-1L,Bottled Water,207,0.55,False,False
2023-11-26,WTR-SPARK-1L,Bottled Water,145,0.55,False,False
2023-11-27,WTR-SPARK-1L,Bottled Water,160,0.55,False,False
2023-11-28,WTR-SPARK-1L,Bottled Water,132,0.55,False,False
2023-11-29,WTR-SPARK-1L,Bottled Water,163,0.55,False,False
2023-11-30,WTR-SPARK-1L,Bottled Water,197,0.55,False,False
2023-12-01,WTR-SPARK-1L,Bottled Water,158,0.55,False,False
2023-12-02,WTR-SPARK-1L,Bottled Water,205,0.55,False,False
2023-12-03,WTR-SPARK-1L,Bottled Water,144,0.55,False,False
2023-12-04,WTR-SPARK-1L,Bottled Water,116,0.55,False,False
2023-12-05,WTR-SPARK-1L,Bottled Water,169,0.55,False,False
2023-12-06,WTR-SPARK-1L,Bottled Water,100,0.55,False,False
2023-12-07,WTR-SPARK-1L,Bottled Water,193,0.55,False,False
2023-12-08,WTR-SPARK-1L,Bottled Water,163,0.55,False,False
2023-12-09,WTR-SPARK-1L,Bottled Water,162,0.55,False,False
2023-12-10,WTR-SPARK-1L,Bottled Water,145,0.55,False,False
2023-12-11,WTR-SPARK-1L,Bottled Water,144,0.55,False,False
2023-12-12,WTR-SPARK-1L,Bottled Water,98,0.55,False,False
2023-12-13,WTR-SPARK-1L,Bottled Water,137,0.55,False,False
2023-12-14,WTR-SPARK-1L,Bottled Water,155,0.55,False,False
2023-12-15,WTR-SPARK-1L,Bottled Water,167,0.55,False,False
2023-12-16,WTR-SPARK-1L,Bottled Water,194,0.55,False,False
2023-12-17,WTR-SPARK-1L,Bottled Water,130,0.55,False,False
2023-12-18,WTR-SPARK-1L,Bottled Water,139,0.55,False,False
2023-12-19,WTR-SPARK-1L,Bottled Water,117,0.55,False,False
2023-12-20,WTR-SPARK-1L,Bottled Water,130,0.55,False,False
2023-12-21,WTR-SPARK-1L,Bottled Water,139,0.55,False,False
2023-12-22,WTR-SPARK-1L,Bottled Water,157,0.55,False,False
2023-12-23,WTR-SPARK-1L,Bottled Water,177,0.55,False,False
2023-12-24,WTR-SPARK-1L,Bottled Water,96,0.55,False,False
2023-12-25,WTR-SPARK-1L,Bottled Water,115,0.55,False,False
2023-12-26,WTR-SPARK-1L,Bottled Water,117,0.55,False,False
2023-12-27,WTR-SPARK-1L,Bottled Water,141,0.55,False,False
2023-12-28,WTR-SPARK-1L,Bottled Water,176,0.55,False,False
2023-12-29,WTR-SPARK-1L,Bottled Water,190,0.55,False,False
2023-12-30,WTR-SPARK-1L,Bottled Water,171,0.55,False,False
2023-12-31,WTR-SPARK-1L,Bottled Water,118,0.55,False,False
2024-01-01,WTR-SPARK-1L,Bottled Water,117,0.55,False,False
2024-01-02,WTR-SPARK-1L,Bottled Water,135,0.55,False,False
2024-01-03,WTR-SPARK-1L,Bottled Water,110,0.55,False,False
2024-01-04,WTR-SPARK-1L,Bottled Water,142,0.55,False,False
2024-01-05,WTR-SPARK-1L,Bottled Water,173,0.55,False,False
2024-01-06,WTR-SPARK-1L,Bottled Water,161,0.55,False,False
2024-01-07,WTR-SPARK-1L,Bottled Water,128,0.55,False,False
2024-01-08,WTR-SPARK-1L,Bottled Water,119,0.55,False,False
2024-01-09,WTR-SPARK-1L,Bottled Water,128,0.55,False,False
2024-01-10,WTR-SPARK-1L,Bottled Water,150,0.55,False,False
2024-01-11,WTR-SPARK-1L,Bottled Water,211,0.55,True,False
2024-01-12,WTR-SPARK-1L,Bottled Water,168,0.55,False,False
2024-01-13,WTR-SPARK-1L,Bottled Water,173,0.55,False,False
2024-01-14,WTR-SPARK-1L,Bottled Water,139,0.55,False,False
2024-01-15,WTR-SPARK-1L,Bottled Water,114,0.55,False,False
2024-01-16,WTR-SPARK-1L,Bottled Water,114,0.55,False,False
2024-01-17,WTR-SPARK-1L,Bottled Water,140,0.55,False,False
2024-01-18,WTR-SPARK-1L,Bottled Water,141,0.55,False,False
2024-01-19,WTR-SPARK-1L,Bottled Water,126,0.55,False,False
2024-01-20,WTR-SPARK-1L,Bottled Water,184,0.55,False,False
2024-01-21,WTR-SPARK-1L,Bottled Water,114,0.55,False,False
2024-01-22,WTR-SPARK-1L,Bottled Water,136,0.55,False,False
2024-01-23,WTR-SPARK-1L,Bottled Water,112,0.55,False,False
2024-01-24,WTR-SPARK-1L,Bottled Water,144,0.55,False,False
2024-01-25,WTR-SPARK-1L,Bottled Water,149,0.55,False,False
2024-01-26,WTR-SPARK-1L,Bottled Water,154,0.55,False,False
2024-01-27,WTR-SPARK-1L,Bottled Water,157,0.55,False,False
2024-01-28,WTR-SPARK-1L,Bottled Water,109,0.55,False,False
2024-01-29,WTR-SPARK-1L,Bottled Water,110,0.55,False,False
2024-01-30,WTR-SPARK-1L,Bottled Water,131,0.55,False,False
2024-01-31,WTR-SPARK-1L,Bottled Water,227,0.55,True,False
2024-02-01,WTR-SPARK-1L,Bottled Water,184,0.55,False,False
2024-02-02,WTR-SPARK-1L,Bottled Water,169,0.55,False,False
2024-02-03,WTR-SPARK-1L,Bottled Water,192,0.55,False,False
2024-02-04,WTR-SPARK-1L,Bottled Water,140,0.55,False,False
2024-02-05,WTR-SPARK-1L,Bottled Water,144,0.55,False,False
2024-02-06,WTR-SPARK-1L,Bottled Water,111,0.55,False,False
2024-02-07,WTR-SPARK-1L,Bottled Water,139,0.55,False,False
2024-02-08,WTR-SPARK-1L,Bottled Water,135,0.55,False,False
2024-02-09,WTR-SPARK-1L,Bottled Water,176,0.55,False,False
2024-02-10,WTR-SPARK-1L,Bottled Water,160,0.55,False,False
2024-02-11,WTR-SPARK-1L,Bottled Water,159,0.55,False,False
2024-02-12,WTR-SPARK-1L,Bottled Water,153,0.55,False,False
2024-02-13,WTR-SPARK-1L,Bottled Water,149,0.55,False,False
2024-02-14,WTR-SPARK-1L,Bottled Water,164,0.55,False,False
2024-02-15,WTR-SPARK-1L,Bottled Water,162,0.55,False,False
2024-02-16,WTR-SPARK-1L,Bottled Water,172,0.55,False,False
2024-02-17,WTR-SPARK-1L,Bottled Water,164,0.55,False,False
2024-02-18,WTR-SPARK-1L,Bottled Water,122,0.55,False,False
2024-02-19,WTR-SPARK-1L,Bottled Water,136,0.55,False,False
2024-02-20,WTR-SPARK-1L,Bottled Water,134,0.55,False,False
2024-02-21,WTR-SPARK-1L,Bottled Water,161,0.55,False,False
2024-02-22,WTR-SPARK-1L,Bottled Water,155,0.55,False,False
2024-02-23,WTR-SPARK-1L,Bottled Water,173,0.55,False,False
2024-02-24,WTR-SPARK-1L,Bottled Water,167,0.55,False,False
2024-02-25,WTR-SPARK-1L,Bottled Water,139,0.55,False,False
2024-02-26,WTR-SPARK-1L,Bottled Water,127,0.55,False,False
2024-02-27,WTR-SPARK-1L,Bottled Water,153,0.55,False,False
2024-02-28,WTR-SPARK-1L,Bottled Water,148,0.55,False,False
2024-02-29,WTR-SPARK-1L,Bottled Water,175,0.55,False,False
2024-03-01,WTR-SPARK-1L,Bottled Water,166,0.55,False,False
2024-03-02,WTR-SPARK-1L,Bottled Water,243,0.55,False,False
2024-03-03,WTR-SPARK-1L,Bottled Water,142,0.55,False,False
2024-03-04,WTR-SPARK-1L,Bottled Water,186,0.55,False,False
2024-03-05,WTR-SPARK-1L,Bottled Water,173,0.55,False,False
2024-03-06,WTR-SPARK-1L,Bottled Water,175,0.55,False,False
2024-03-07,WTR-SPARK-1L,Bottled Water,166,0.55,False,False
2024-03-08,WTR-SPARK-1L,Bottled Water,189,0.55,False,False
2024-03-09,WTR-SPARK-1L,Bottled Water,206,0.55,False,False
2024-03-10,WTR-SPARK-1L,Bottled Water,140,0.55,False,False
2024-03-11,WTR-SPARK-1L,Bottled Water,177,0.55,False,False
2024-03-12,WTR-SPARK-1L,Bottled Water,166,0.55,False,False
2024-03-13,WTR-SPARK-1L,Bottled Water,149,0.55,False,False
2024-03-14,WTR-SPARK-1L,Bottled Water,174,0.55,False,False
2024-03-15,WTR-SPARK-1L,Bottled Water,180,0.55,False,False
2024-03-16,WTR-SPARK-1L,Bottled Water,222,0.55,False,False
2024-03-17,WTR-SPARK-1L,Bottled Water,124,0.55,False,False
2024-03-18,WTR-SPARK-1L,Bottled Water,187,0.55,False,False
2024-03-19,WTR-SPARK-1L,Bottled Water,166,0.55,False,False
2024-03-20,WTR-SPARK-1L,Bottled Water,200,0.55,False,False
2024-03-21,WTR-SPARK-1L,Bottled Water,184,0.55,False,False
2024-03-22,WTR-SPARK-1L,Bottled Water,237,0.55,False,False
2024-03-23,WTR-SPARK-1L,Bottled Water,216,0.55,False,False
2024-03-24,WTR-SPARK-1L,Bottled Water,129,0.55,False,False
2024-03-25,WTR-SPARK-1L,Bottled Water,144,0.55,False,False
2024-03-26,WTR-SPARK-1L,Bottled Water,150,0.55,False,False
2024-03-27,WTR-SPARK-1L,Bottled Water,141,0.55,False,False
2024-03-28,WTR-SPARK-1L,Bottled Water,181,0.55,False,False
2024-03-29,WTR-SPARK-1L,Bottled Water,396,0.55,True,False
2024-03-30,WTR-SPARK-1L,Bottled Water,282,0.55,False,False
2024-03-31,WTR-SPARK-1L,Bottled Water,149,0.55,False,False
2024-04-01,WTR-SPARK-1L,Bottled Water,194,0.55,False,False
2024-04-02,WTR-SPARK-1L,Bottled Water,212,0.55,False,False
2024-04-03,WTR-SPARK-1L,Bottled Water,166,0.55,False,False
2024-04-04,WTR-SPARK-1L,Bottled Water,268,0.55,False,False
2024-04-05,WTR-SPARK-1L,Bottled Water,224,0.55,False,False
2024-04-06,WTR-SPARK-1L,Bottled Water,268,0.55,False,False
2024-04-07,WTR-SPARK-1L,Bottled Water,176,0.55,False,False
2024-04-08,WTR-SPARK-1L,Bottled Water,182,0.55,False,False
2024-04-09,WTR-SPARK-1L,Bottled Water,182,0.55,False,False
2024-04-10,WTR-SPARK-1L,Bottled Water,228,0.55,False,False
2024-04-11,WTR-SPARK-1L,Bottled Water,236,0.55,False,False
2024-04-12,WTR-SPARK-1L,Bottled Water,261,0.55,False,False
2024-04-13,WTR-SPARK-1L,Bottled Water,174,0.55,False,False
2024-04-14,WTR-SPARK-1L,Bottled Water,297,0.55,True,False
2024-04-15,WTR-SPARK-1L,Bottled Water,226,0.55,False,False
2024-04-16,WTR-SPARK-1L,Bottled Water,176,0.55,False,False
2024-04-17,WTR-SPARK-1L,Bottled Water,241,0.55,False,False
2024-04-18,WTR-SPARK-1L,Bottled Water,349,0.55,True,False
2024-04-19,WTR-SPARK-1L,Bottled Water,226,0.55,False,False
2024-04-20,WTR-SPARK-1L,Bottled Water,248,0.55,False,False
2024-04-21,WTR-SPARK-1L,Bottled Water,216,0.55,False,False
2024-04-22,WTR-SPARK-1L,Bottled Water,0,0.55,True,True
2024-04-23,WTR-SPARK-1L,Bottled Water,216,0.55,False,False
2024-04-24,WTR-SPARK-1L,Bottled Water,254,0.55,False,False
2024-04-25,WTR-SPARK-1L,Bottled Water,177,0.55,False,False
2024-04-26,WTR-SPARK-1L,Bottled Water,237,0.55,False,False
2024-04-27,WTR-SPARK-1L,Bottled Water,247,0.55,False,False
2024-04-28,WTR-SPARK-1L,Bottled Water,221,0.55,False,False
2024-04-29,WTR-SPARK-1L,Bottled Water,195,0.55,False,False
2024-04-30,WTR-SPARK-1L,Bottled Water,145,0.55,False,False
2024-05-01,WTR-SPARK-1L,Bottled Water,262,0.55,False,False
2024-05-02,WTR-SPARK-1L,Bottled Water,362,0.55,False,False
2024-05-03,WTR-SPARK-1L,Bottled Water,245,0.55,False,False
2024-05-04,WTR-SPARK-1L,Bottled Water,335,0.55,False,False
2024-05-05,WTR-SPARK-1L,Bottled Water,213,0.55,False,False
2024-05-06,WTR-SPARK-1L,Bottled Water,232,0.55,False,False
2024-05-07,WTR-SPARK-1L,Bottled Water,254,0.55,False,False
2024-05-08,WTR-SPARK-1L,Bottled Water,229,0.55,False,False
2024-05-09,WTR-SPARK-1L,Bottled Water,240,0.55,False,False
2024-05-10,WTR-SPARK-1L,Bottled Water,357,0.55,False,False
2024-05-11,WTR-SPARK-1L,Bottled Water,288,0.55,False,False
2024-05-12,WTR-SPARK-1L,Bottled Water,172,0.55,False,False
2024-05-13,WTR-SPARK-1L,Bottled Water,260,0.55,False,False
2024-05-14,WTR-SPARK-1L,Bottled Water,211,0.55,False,False
2024-05-15,WTR-SPARK-1L,Bottled Water,260,0.55,False,False
2024-05-16,WTR-SPARK-1L,Bottled Water,313,0.55,False,False
2024-05-17,WTR-SPARK-1L,Bottled Water,274,0.55,False,False
2024-05-18,WTR-SPARK-1L,Bottled Water,237,0.55,False,False
2024-05-19,WTR-SPARK-1L,Bottled Water,223,0.55,False,False
2024-05-20,WTR-SPARK-1L,Bottled Water,225,0.55,False,False
2024-05-21,WTR-SPARK-1L,Bottled Water,233,0.55,False,False
2024-05-22,WTR-SPARK-1L,Bottled Water,244,0.55,False,False
2024-05-23,WTR-SPARK-1L,Bottled Water,352,0.55,False,False
2024-05-24,WTR-SPARK-1L,Bottled Water,276,0.55,False,False
2024-05-25,WTR-SPARK-1L,Bottled Water,314,0.55,False,False
2024-05-26,WTR-SPARK-1L,Bottled Water,0,0.55,False,True
2024-05-27,WTR-SPARK-1L,Bottled Water,260,0.55,False,False
2024-05-28,WTR-SPARK-1L,Bottled Water,190,0.55,False,False
2024-05-29,WTR-SPARK-1L,Bottled Water,258,0.55,False,False
2024-05-30,WTR-SPARK-1L,Bottled Water,237,0.55,False,False
2024-05-31,WTR-SPARK-1L,Bottled Water,298,0.55,False,False
2024-06-01,WTR-SPARK-1L,Bottled Water,397,0.55,False,False
2024-06-02,WTR-SPARK-1L,Bottled Water,289,0.55,False,False
2024-06-03,WTR-SPARK-1L,Bottled Water,310,0.55,False,False
2024-06-04,WTR-SPARK-1L,Bottled Water,233,0.55,False,False
2024-06-05,WTR-SPARK-1L,Bottled Water,265,0.55,False,False
2024-06-06,WTR-SPARK-1L,Bottled Water,337,0.55,False,False
2024-06-07,WTR-SPARK-1L,Bottled Water,381,0.55,False,False
2024-06-08,WTR-SPARK-1L,Bottled Water,348,0.55,False,False
2024-06-09,WTR-SPARK-1L,Bottled Water,262,0.55,False,False
2024-06-10,WTR-SPARK-1L,Bottled Water,259,0.55,False,False
2024-06-11,WTR-SPARK-1L,Bottled Water,229,0.55,False,False
2024-06-12,WTR-SPARK-1L,Bottled Water,234,0.55,False,False
2024-06-13,WTR-SPARK-1L,Bottled Water,299,0.55,False,False
2024-06-14,WTR-SPARK-1L,Bottled Water,316,0.55,False,False
2024-06-15,WTR-SPARK-1L,Bottled Water,406,0.55,False,False
2024-06-16,WTR-SPARK-1L,Bottled Water,261,0.55,False,False
2024-06-17,WTR-SPARK-1L,Bottled Water,235,0.55,False,False
2024-06-18,WTR-SPARK-1L,Bottled Water,264,0.55,False,False
2024-06-19,WTR-SPARK-1L,Bottled Water,269,0.55,False,False
2024-06-20,WTR-SPARK-1L,Bottled Water,318,0.55,False,False
2024-06-21,WTR-SPARK-1L,Bottled Water,269,0.55,False,False
2024-06-22,WTR-SPARK-1L,Bottled Water,357,0.55,False,False
2024-06-23,WTR-SPARK-1L,Bottled Water,192,0.55,False,False
2024-06-24,WTR-SPARK-1L,Bottled Water,244,0.55,False,False
2024-06-25,WTR-SPARK-1L,Bottled Water,263,0.55,False,False
2024-06-26,WTR-SPARK-1L,Bottled Water,296,0.55,False,False
2024-06-27,WTR-SPARK-1L,Bottled Water,256,0.55,False,False
2024-06-28,WTR-SPARK-1L,Bottled Water,346,0.55,False,False
2024-06-29,WTR-SPARK-1L,Bottled Water,300,0.55,False,False
2024-06-30,WTR-SPARK-1L,Bottled Water,240,0.55,False,False
2024-07-01,WTR-SPARK-1L,Bottled Water,288,0.55,False,False
2024-07-02,WTR-SPARK-1L,Bottled Water,263,0.55,False,False
2024-07-03,WTR-SPARK-1L,Bottled Water,314,0.55,False,False
2024-07-04,WTR-SPARK-1L,Bottled Water,320,0.55,False,False
2024-07-05,WTR-SPARK-1L,Bottled Water,363,0.55,False,False
2024-07-06,WTR-SPARK-1L,Bottled Water,374,0.55,False,False
2024-07-07,WTR-SPARK-1L,Bottled Water,241,0.55,False,False
2024-07-08,WTR-SPARK-1L,Bottled Water,305,0.55,False,False
2024-07-09,WTR-SPARK-1L,Bottled Water,270,0.55,False,False
2024-07-10,WTR-SPARK-1L,Bottled Water,0,0.55,False,True
2024-07-11,WTR-SPARK-1L,Bottled Water,244,0.55,False,False
2024-07-12,WTR-SPARK-1L,Bottled Water,343,0.55,False,False
2024-07-13,WTR-SPARK-1L,Bottled Water,269,0.55,False,False
2024-07-14,WTR-SPARK-1L,Bottled Water,237,0.55,False,False
2024-07-15,WTR-SPARK-1L,Bottled Water,235,0.55,False,False
2024-07-16,WTR-SPARK-1L,Bottled Water,246,0.55,False,False
2024-07-17,WTR-SPARK-1L,Bottled Water,270,0.55,False,False
2024-07-18,WTR-SPARK-1L,Bottled Water,402,0.55,False,False
2024-07-19,WTR-SPARK-1L,Bottled Water,379,0.55,False,False
2024-07-20,WTR-SPARK-1L,Bottled Water,387,0.55,False,False
2024-07-21,WTR-SPARK-1L,Bottled Water,292,0.55,False,False
2024-07-22,WTR-SPARK-1L,Bottled Water,244,0.55,False,False
2024-07-23,WTR-SPARK-1L,Bottled Water,404,0.55,True,False
2024-07-24,WTR-SPARK-1L,Bottled Water,307,0.55,False,False
2024-07-25,WTR-SPARK-1L,Bottled Water,236,0.55,False,False
2024-07-26,WTR-SPARK-1L,Bottled Water,352,0.55,False,False
2024-07-27,WTR-SPARK-1L,Bottled Water,391,0.55,False,False
2024-07-28,WTR-SPARK-1L,Bottled Water,258,0.55,False,False
2024-07-29,WTR-SPARK-1L,Bottled Water,289,0.55,False,False
2024-07-30,WTR-SPARK-1L,Bottled Water,216,0.55,False,False
2024-07-31,WTR-SPARK-1L,Bottled Water,299,0.55,False,False
2024-08-01,WTR-SPARK-1L,Bottled Water,551,0.55,True,False
2024-08-02,WTR-SPARK-1L,Bottled Water,380,0.55,False,False
2024-08-03,WTR-SPARK-1L,Bottled Water,326,0.55,False,False
2024-08-04,WTR-SPARK-1L,Bottled Water,241,0.55,False,False
2024-08-05,WTR-SPARK-1L,Bottled Water,300,0.55,False,False
2024-08-06,WTR-SPARK-1L,Bottled Water,227,0.55,False,False
2024-08-07,WTR-SPARK-1L,Bottled Water,237,0.55,False,False
2024-08-08,WTR-SPARK-1L,Bottled Water,355,0.55,False,False
2024-08-09,WTR-SPARK-1L,Bottled Water,324,0.55,False,False
2024-08-10,WTR-SPARK-1L,Bottled Water,349,0.55,False,False
2024-08-11,WTR-SPARK-1L,Bottled Water,219,0.55,False,False
2024-08-12,WTR-SPARK-1L,Bottled Water,262,0.55,False,False
2024-08-13,WTR-SPARK-1L,Bottled Water,259,0.55,False,False
2024-08-14,WTR-SPARK-1L,Bottled Water,0,0.55,False,True
2024-08-15,WTR-SPARK-1L,Bottled Water,346,0.55,False,False
2024-08-16,WTR-SPARK-1L,Bottled Water,360,0.55,False,False
2024-08-17,WTR-SPARK-1L,Bottled Water,347,0.55,False,False
2024-08-18,WTR-SPARK-1L,Bottled Water,197,0.55,False,False
2024-08-19,WTR-SPARK-1L,Bottled Water,258,0.55,False,False
2024-08-20,WTR-SPARK-1L,Bottled Water,220,0.55,False,False
2024-08-21,WTR-SPARK-1L,Bottled Water,274,0.55,False,False
2024-08-22,WTR-SPARK-1L,Bottled Water,305,0.55,False,False
2024-08-23,WTR-SPARK-1L,Bottled Water,295,0.55,False,False
2024-08-24,WTR-SPARK-1L,Bottled Water,529,0.55,True,False
2024-08-25,WTR-SPARK-1L,Bottled Water,235,0.55,False,False
2024-08-26,WTR-SPARK-1L,Bottled Water,241,0.55,False,False
2024-08-27,WTR-SPARK-1L,Bottled Water,204,0.55,False,False
2024-08-28,WTR-SPARK-1L,Bottled Water,309,0.55,False,False
2024-08-29,WTR-SPARK-1L,Bottled Water,349,0.55,False,False
2024-08-30,WTR-SPARK-1L,Bottled Water,383,0.55,False,False
2024-08-31,WTR-SPARK-1L,Bottled Water,369,0.55,False,False
2024-09-01,WTR-SPARK-1L,Bottled Water,203,0.55,False,False
2024-09-02,WTR-SPARK-1L,Bottled Water,185,0.55,False,False
2024-09-03,WTR-SPARK-1L,Bottled Water,218,0.55,False,False
2024-09-04,WTR-SPARK-1L,Bottled Water,272,0.55,False,False
2024-09-05,WTR-SPARK-1L,Bottled Water,276,0.55,False,False
2024-09-06,WTR-SPARK-1L,Bottled Water,283,0.55,False,False
2024-09-07,WTR-SPARK-1L,Bottled Water,313,0.55,False,False
2024-09-08,WTR-SPARK-1L,Bottled Water,217,0.55,False,False
2024-09-09,WTR-SPARK-1L,Bottled Water,262,0.55,False,False
2024-09-10,WTR-SPARK-1L,Bottled Water,194,0.55,False,False
2024-09-11,WTR-SPARK-1L,Bottled Water,250,0.55,False,False
2024-09-12,WTR-SPARK-1L,Bottled Water,308,0.55,False,False
2024-09-13,WTR-SPARK-1L,Bottled Water,333,0.55,False,False
2024-09-14,WTR-SPARK-1L,Bottled Water,312,0.55,False,False
2024-09-15,WTR-SPARK-1L,Bottled Water,231,0.55,False,False
2024-09-16,WTR-SPARK-1L,Bottled Water,202,0.55,False,False
2024-09-17,WTR-SPARK-1L,Bottled Water,201,0.55,False,False
2024-09-18,WTR-SPARK-1L,Bottled Water,256,0.55,False,False
2024-09-19,WTR-SPARK-1L,Bottled Water,231,0.55,False,False
2024-09-20,WTR-SPARK-1L,Bottled Water,420,0.55,False,False
2024-09-21,WTR-SPARK-1L,Bottled Water,339,0.55,False,False
2024-09-22,WTR-SPARK-1L,Bottled Water,205,0.55,False,False
2024-09-23,WTR-SPARK-1L,Bottled Water,199,0.55,False,False
2024-09-24,WTR-SPARK-1L,Bottled Water,251,0.55,False,False
2024-09-25,WTR-SPARK-1L,Bottled Water,206,0.55,False,False
2024-09-26,WTR-SPARK-1L,Bottled Water,243,0.55,False,False
2024-09-27,WTR-SPARK-1L,Bottled Water,345,0.55,False,False
2024-09-28,WTR-SPARK-1L,Bottled Water,305,0.55,False,False
2024-09-29,WTR-SPARK-1L,Bottled Water,209,0.55,False,False
2024-09-30,WTR-SPARK-1L,Bottled Water,250,0.55,False,False
2024-10-01,WTR-SPARK-1L,Bottled Water,206,0.55,False,False
2024-10-02,WTR-SPARK-1L,Bottled Water,214,0.55,False,False
2024-10-03,WTR-SPARK-1L,Bottled Water,278,0.55,False,False
2024-10-04,WTR-SPARK-1L,Bottled Water,212,0.55,False,False
2024-10-05,WTR-SPARK-1L,Bottled Water,273,0.55,False,False
2024-10-06,WTR-SPARK-1L,Bottled Water,195,0.55,False,False
2024-10-07,WTR-SPARK-1L,Bottled Water,207,0.55,False,False
2024-10-08,WTR-SPARK-1L,Bottled Water,175,0.55,False,False
2024-10-09,WTR-SPARK-1L,Bottled Water,234,0.55,False,False
2024-10-10,WTR-SPARK-1L,Bottled Water,234,0.55,False,False
2024-10-11,WTR-SPARK-1L,Bottled Water,279,0.55,False,False
2024-10-12,WTR-SPARK-1L,Bottled Water,311,0.55,False,False
2024-10-13,WTR-SPARK-1L,Bottled Water,187,0.55,False,False
2024-10-14,WTR-SPARK-1L,Bottled Water,181,0.55,False,False
2024-10-15,WTR-SPARK-1L,Bottled Water,199,0.55,False,False
2024-10-16,WTR-SPARK-1L,Bottled Water,218,0.55,False,False
2024-10-17,WTR-SPARK-1L,Bottled Water,250,0.55,False,False
2024-10-18,WTR-SPARK-1L,Bottled Water,273,0.55,False,False
2024-10-19,WTR-SPARK-1L,Bottled Water,273,0.55,False,False
2024-10-20,WTR-SPARK-1L,Bottled Water,193,0.55,False,False
2024-10-21,WTR-SPARK-1L,Bottled Water,191,0.55,False,False
2024-10-22,WTR-SPARK-1L,Bottled Water,295,0.55,True,False
2024-10-23,WTR-SPARK-1L,Bottled Water,186,0.55,False,False
2024-10-24,WTR-SPARK-1L,Bottled Water,223,0.55,False,False
2024-10-25,WTR-SPARK-1L,Bottled Water,276,0.55,False,False
2024-10-26,WTR-SPARK-1L,Bottled Water,203,0.55,False,False
2024-10-27,WTR-SPARK-1L,Bottled Water,167,0.55,False,False
2024-10-28,WTR-SPARK-1L,Bottled Water,192,0.55,False,False
2024-10-29,WTR-SPARK-1L,Bottled Water,171,0.55,False,False
2024-10-30,WTR-SPARK-1L,Bottled Water,228,0.55,False,False
2024-10-31,WTR-SPARK-1L,Bottled Water,251,0.55,False,False
2024-11-01,WTR-SPARK-1L,Bottled Water,204,0.55,False,False
2024-11-02,WTR-SPARK-1L,Bottled Water,264,0.55,False,False
2024-11-03,WTR-SPARK-1L,Bottled Water,149,0.55,False,False
2024-11-04,WTR-SPARK-1L,Bottled Water,0,0.55,False,True
2024-11-05,WTR-SPARK-1L,Bottled Water,150,0.55,False,False
2024-11-06,WTR-SPARK-1L,Bottled Water,152,0.55,False,False
2024-11-07,WTR-SPARK-1L,Bottled Water,186,0.55,False,False
2024-11-08,WTR-SPARK-1L,Bottled Water,212,0.55,False,False
2024-11-09,WTR-SPARK-1L,Bottled Water,222,0.55,False,False
2024-11-10,WTR-SPARK-1L,Bottled Water,148,0.55,False,False
2024-11-11,WTR-SPARK-1L,Bottled Water,186,0.55,False,False
2024-11-12,WTR-SPARK-1L,Bottled Water,184,0.55,False,False
2024-11-13,WTR-SPARK-1L,Bottled Water,189,0.55,False,False
2024-11-14,WTR-SPARK-1L,Bottled Water,200,0.55,False,False
2024-11-15,WTR-SPARK-1L,Bottled Water,243,0.55,False,False
2024-11-16,WTR-SPARK-1L,Bottled Water,220,0.55,False,False
2024-11-17,WTR-SPARK-1L,Bottled Water,192,0.55,False,False
2024-11-18,WTR-SPARK-1L,Bottled Water,170,0.55,False,False
2024-11-19,WTR-SPARK-1L,Bottled Water,143,0.55,False,False
2024-11-20,WTR-SPARK-1L,Bottled Water,153,0.55,False,False
2024-11-21,WTR-SPARK-1L,Bottled Water,230,0.55,False,False
2024-11-22,WTR-SPARK-1L,Bottled Water,181,0.55,False,False
2024-11-23,WTR-SPARK-1L,Bottled Water,268,0.55,False,False
2024-11-24,WTR-SPARK-1L,Bottled Water,162,0.55,False,False
2024-11-25,WTR-SPARK-1L,Bottled Water,173,0.55,False,False
2024-11-26,WTR-SPARK-1L,Bottled Water,189,0.55,False,False
2024-11-27,WTR-SPARK-1L,Bottled Water,186,0.55,False,False
2024-11-28,WTR-SPARK-1L,Bottled Water,159,0.55,False,False
2024-11-29,WTR-SPARK-1L,Bottled Water,204,0.55,False,False
2024-11-30,WTR-SPARK-1L,Bottled Water,197,0.55,False,False
2024-12-01,WTR-SPARK-1L,Bottled Water,136,0.55,False,False
2024-12-02,WTR-SPARK-1L,Bottled Water,167,0.55,False,False
2024-12-03,WTR-SPARK-1L,Bottled Water,0,0.55,False,True
2024-12-04,WTR-SPARK-1L,Bottled Water,126,0.55,False,False
2024-12-05,WTR-SPARK-1L,Bottled Water,150,0.55,False,False
2024-12-06,WTR-SPARK-1L,Bottled Water,175,0.55,False,False
2024-12-07,WTR-SPARK-1L,Bottled Water,171,0.55,False,False
2024-12-08,WTR-SPARK-1L,Bottled Water,138,0.55,False,False
2024-12-09,WTR-SPARK-1L,Bottled Water,128,0.55,False,False
2024-12-10,WTR-SPARK-1L,Bottled Water,116,0.55,False,False
2024-12-11,WTR-SPARK-1L,Bottled Water,0,0.55,False,True
2024-12-12,WTR-SPARK-1L,Bottled Water,198,0.55,False,False
2024-12-13,WTR-SPARK-1L,Bottled Water,216,0.55,False,False
2024-12-14,WTR-SPARK-1L,Bottled Water,198,0.55,False,False
2024-12-15,WTR-SPARK-1L,Bottled Water,111,0.55,False,False
2024-12-16,WTR-SPARK-1L,Bottled Water,144,0.55,False,False
2024-12-17,WTR-SPARK-1L,Bottled Water,139,0.55,False,False
2024-12-18,WTR-SPARK-1L,Bottled Water,156,0.55,False,False
2024-12-19,WTR-SPARK-1L,Bottled Water,168,0.55,False,False
2024-12-20,WTR-SPARK-1L,Bottled Water,192,0.55,False,False
2024-12-21,WTR-SPARK-1L,Bottled Water,166,0.55,False,False
2024-12-22,WTR-SPARK-1L,Bottled Water,124,0.55,False,False
2024-12-23,WTR-SPARK-1L,Bottled Water,127,0.55,False,False
2024-12-24,WTR-SPARK-1L,Bottled Water,134,0.55,False,False
2024-12-25,WTR-SPARK-1L,Bottled Water,148,0.55,False,False
2024-12-26,WTR-SPARK-1L,Bottled Water,167,0.55,False,False
2024-12-27,WTR-SPARK-1L,Bottled Water,189,0.55,False,False
2024-12-28,WTR-SPARK-1L,Bottled Water,211,0.55,False,False
2024-12-29,WTR-SPARK-1L,Bottled Water,0,0.55,False,True
2024-12-30,WTR-SPARK-1L,Bottled Water,176,0.55,False,False
2024-12-31,WTR-SPARK-1L,Bottled Water,146,0.55,False,False
2022-01-01,WTR-STILL-1L,Bottled Water,379,0.45,False,False
2022-01-02,WTR-STILL-1L,Bottled Water,322,0.45,False,False
2022-01-03,WTR-STILL-1L,Bottled Water,345,0.45,False,False
2022-01-04,WTR-STILL-1L,Bottled Water,298,0.45,False,False
2022-01-05,WTR-STILL-1L,Bottled Water,338,0.45,False,False
2022-01-06,WTR-STILL-1L,Bottled Water,295,0.45,False,False
2022-01-07,WTR-STILL-1L,Bottled Water,398,0.45,False,False
2022-01-08,WTR-STILL-1L,Bottled Water,397,0.45,False,False
2022-01-09,WTR-STILL-1L,Bottled Water,275,0.45,False,False
2022-01-10,WTR-STILL-1L,Bottled Water,302,0.45,False,False
2022-01-11,WTR-STILL-1L,Bottled Water,211,0.45,False,False
2022-01-12,WTR-STILL-1L,Bottled Water,288,0.45,False,False
2022-01-13,WTR-STILL-1L,Bottled Water,416,0.45,False,False
2022-01-14,WTR-STILL-1L,Bottled Water,526,0.45,False,False
2022-01-15,WTR-STILL-1L,Bottled Water,384,0.45,False,False
2022-01-16,WTR-STILL-1L,Bottled Water,314,0.45,False,False
2022-01-17,WTR-STILL-1L,Bottled Water,325,0.45,False,False
2022-01-18,WTR-STILL-1L,Bottled Water,252,0.45,False,False
2022-01-19,WTR-STILL-1L,Bottled Water,336,0.45,False,False
2022-01-20,WTR-STILL-1L,Bottled Water,370,0.45,False,False
2022-01-21,WTR-STILL-1L,Bottled Water,417,0.45,False,False
2022-01-22,WTR-STILL-1L,Bottled Water,476,0.45,False,False
2022-01-23,WTR-STILL-1L,Bottled Water,205,0.45,False,False
2022-01-24,WTR-STILL-1L,Bottled Water,305,0.45,False,False
2022-01-25,WTR-STILL-1L,Bottled Water,264,0.45,False,False
2022-01-26,WTR-STILL-1L,Bottled Water,462,0.45,True,False
2022-01-27,WTR-STILL-1L,Bottled Water,322,0.45,False,False
2022-01-28,WTR-STILL-1L,Bottled Water,329,0.45,False,False
2022-01-29,WTR-STILL-1L,Bottled Water,362,0.45,False,False
2022-01-30,WTR-STILL-1L,Bottled Water,270,0.45,False,False
2022-01-31,WTR-STILL-1L,Bottled Water,304,0.45,False,False
2022-02-01,WTR-STILL-1L,Bottled Water,353,0.45,False,False
2022-02-02,WTR-STILL-1L,Bottled Water,322,0.45,False,False
2022-02-03,WTR-STILL-1L,Bottled Water,629,0.45,True,False
2022-02-04,WTR-STILL-1L,Bottled Water,426,0.45,False,False
2022-02-05,WTR-STILL-1L,Bottled Water,474,0.45,False,False
2022-02-06,WTR-STILL-1L,Bottled Water,217,0.45,False,False
2022-02-07,WTR-STILL-1L,Bottled Water,313,0.45,False,False
2022-02-08,WTR-STILL-1L,Bottled Water,341,0.45,False,False
2022-02-09,WTR-STILL-1L,Bottled Water,361,0.45,False,False
2022-02-10,WTR-STILL-1L,Bottled Water,379,0.45,False,False
2022-02-11,WTR-STILL-1L,Bottled Water,357,0.45,False,False
2022-02-12,WTR-STILL-1L,Bottled Water,371,0.45,False,False
2022-02-13,WTR-STILL-1L,Bottled Water,314,0.45,False,False
2022-02-14,WTR-STILL-1L,Bottled Water,315,0.45,False,False
2022-02-15,WTR-STILL-1L,Bottled Water,325,0.45,False,False
2022-02-16,WTR-STILL-1L,Bottled Water,348,0.45,False,False
2022-02-17,WTR-STILL-1L,Bottled Water,353,0.45,False,False
2022-02-18,WTR-STILL-1L,Bottled Water,441,0.45,False,False
2022-02-19,WTR-STILL-1L,Bottled Water,0,0.45,False,True
2022-02-20,WTR-STILL-1L,Bottled Water,308,0.45,False,False
2022-02-21,WTR-STILL-1L,Bottled Water,407,0.45,False,False
2022-02-22,WTR-STILL-1L,Bottled Water,315,0.45,False,False
2022-02-23,WTR-STILL-1L,Bottled Water,325,0.45,False,False
2022-02-24,WTR-STILL-1L,Bottled Water,465,0.45,False,False
2022-02-25,WTR-STILL-1L,Bottled Water,448,0.45,False,False
2022-02-26,WTR-STILL-1L,Bottled Water,457,0.45,False,False
2022-02-27,WTR-STILL-1L,Bottled Water,355,0.45,False,False
2022-02-28,WTR-STILL-1L,Bottled Water,370,0.45,False,False
2022-03-01,WTR-STILL-1L,Bottled Water,408,0.45,False,False
2022-03-02,WTR-STILL-1L,Bottled Water,421,0.45,False,False
2022-03-03,WTR-STILL-1L,Bottled Water,465,0.45,False,False
2022-03-04,WTR-STILL-1L,Bottled Water,516,0.45,False,False
2022-03-05,WTR-STILL-1L,Bottled Water,530,0.45,False,False
2022-03-06,WTR-STILL-1L,Bottled Water,543,0.45,True,False
2022-03-07,WTR-STILL-1L,Bottled Water,370,0.45,False,False
2022-03-08,WTR-STILL-1L,Bottled Water,459,0.45,False,False
2022-03-09,WTR-STILL-1L,Bottled Water,350,0.45,False,False
2022-03-10,WTR-STILL-1L,Bottled Water,433,0.45,False,False
2022-03-11,WTR-STILL-1L,Bottled Water,483,0.45,False,False
2022-03-12,WTR-STILL-1L,Bottled Water,536,0.45,False,False
2022-03-13,WTR-STILL-1L,Bottled Water,325,0.45,False,False
2022-03-14,WTR-STILL-1L,Bottled Water,360,0.45,False,False
2022-03-15,WTR-STILL-1L,Bottled Water,321,0.45,False,False
2022-03-16,WTR-STILL-1L,Bottled Water,388,0.45,False,False
2022-03-17,WTR-STILL-1L,Bottled Water,429,0.45,False,False
2022-03-18,WTR-STILL-1L,Bottled Water,576,0.45,False,False
2022-03-19,WTR-STILL-1L,Bottled Water,626,0.45,False,False
2022-03-20,WTR-STILL-1L,Bottled Water,362,0.45,False,False
2022-03-21,WTR-STILL-1L,Bottled Water,387,0.45,False,False
2022-03-22,WTR-STILL-1L,Bottled Water,587,0.45,True,False
2022-03-23,WTR-STILL-1L,Bottled Water,420,0.45,False,False
2022-03-24,WTR-STILL-1L,Bottled Water,492,0.45,False,False
2022-03-25,WTR-STILL-1L,Bottled Water,454,0.45,False,False
2022-03-26,WTR-STILL-1L,Bottled Water,575,0.45,False,False
2022-03-27,WTR-STILL-1L,Bottled Water,370,0.45,False,False
2022-03-28,WTR-STILL-1L,Bottled Water,356,0.45,False,False
2022-03-29,WTR-STILL-1L,Bottled Water,403,0.45,False,False
2022-03-30,WTR-STILL-1L,Bottled Water,391,0.45,False,False
2022-03-31,WTR-STILL-1L,Bottled Water,441,0.45,False,False
2022-04-01,WTR-STILL-1L,Bottled Water,568,0.45,False,False
2022-04-02,WTR-STILL-1L,Bottled Water,637,0.45,False,False
2022-04-03,WTR-STILL-1L,Bottled Water,551,0.45,False,False
2022-04-04,WTR-STILL-1L,Bottled Water,450,0.45,False,False
2022-04-05,WTR-STILL-1L,Bottled Water,0,0.45,False,True
2022-04-06,WTR-STILL-1L,Bottled Water,425,0.45,False,False
2022-04-07,WTR-STILL-1L,Bottled Water,468,0.45,False,False
2022-04-08,WTR-STILL-1L,Bottled Water,680,0.45,False,False
2022-04-09,WTR-STILL-1L,Bottled Water,583,0.45,False,False
2022-04-10,WTR-STILL-1L,Bottled Water,464,0.45,False,False
2022-04-11,WTR-STILL-1L,Bottled Water,530,0.45,False,False
2022-04-12,WTR-STILL-1L,Bottled Water,469,0.45,False,False
2022-04-13,WTR-STILL-1L,Bottled Water,472,0.45,False,False
2022-04-14,WTR-STILL-1L,Bottled Water,603,0.45,False,False
2022-04-15,WTR-STILL-1L,Bottled Water,552,0.45,False,False
2022-04-16,WTR-STILL-1L,Bottled Water,718,0.45,False,False
2022-04-17,WTR-STILL-1L,Bottled Water,402,0.45,False,False
2022-04-18,WTR-STILL-1L,Bottled Water,454,0.45,False,False
2022-04-19,WTR-STILL-1L,Bottled Water,458,0.45,False,False
2022-04-20,WTR-STILL-1L,Bottled Water,474,0.45,False,False
2022-04-21,WTR-STILL-1L,Bottled Water,578,0.45,False,False
2022-04-22,WTR-STILL-1L,Bottled Water,670,0.45,False,False
2022-04-23,WTR-STILL-1L,Bottled Water,584,0.45,False,False
2022-04-24,WTR-STILL-1L,Bottled Water,340,0.45,False,False
2022-04-25,WTR-STILL-1L,Bottled Water,439,0.45,False,False
2022-04-26,WTR-STILL-1L,Bottled Water,411,0.45,False,False
2022-04-27,WTR-STILL-1L,Bottled Water,508,0.45,False,False
2022-04-28,WTR-STILL-1L,Bottled Water,571,0.45,False,False
2022-04-29,WTR-STILL-1L,Bottled Water,637,0.45,False,False
2022-04-30,WTR-STILL-1L,Bottled Water,580,0.45,False,False
2022-05-01,WTR-STILL-1L,Bottled Water,0,0.45,False,True
2022-05-02,WTR-STILL-1L,Bottled Water,627,0.45,False,False
2022-05-03,WTR-STILL-1L,Bottled Water,548,0.45,False,False
2022-05-04,WTR-STILL-1L,Bottled Water,592,0.45,False,False
2022-05-05,WTR-STILL-1L,Bottled Water,554,0.45,False,False
2022-05-06,WTR-STILL-1L,Bottled Water,686,0.45,False,False
2022-05-07,WTR-STILL-1L,Bottled Water,745,0.45,False,False
2022-05-08,WTR-STILL-1L,Bottled Water,464,0.45,False,False
2022-05-09,WTR-STILL-1L,Bottled Water,552,0.45,False,False
2022-05-10,WTR-STILL-1L,Bottled Water,649,0.45,False,False
2022-05-11,WTR-STILL-1L,Bottled Water,498,0.45,False,False
2022-05-12,WTR-STILL-1L,Bottled Water,682,0.45,False,False
2022-05-13,WTR-STILL-1L,Bottled Water,637,0.45,False,False
2022-05-14,WTR-STILL-1L,Bottled Water,759,0.45,False,False
2022-05-15,WTR-STILL-1L,Bottled Water,581,0.45,False,False
2022-05-16,WTR-STILL-1L,Bottled Water,599,0.45,False,False
2022-05-17,WTR-STILL-1L,Bottled Water,627,0.45,False,False
2022-05-18,WTR-STILL-1L,Bottled Water,535,0.45,False,False
2022-05-19,WTR-STILL-1L,Bottled Water,706,0.45,False,False
2022-05-20,WTR-STILL-1L,Bottled Water,857,0.45,False,False
2022-05-21,WTR-STILL-1L,Bottled Water,779,0.45,False,False
2022-05-22,WTR-STILL-1L,Bottled Water,757,0.45,True,False
2022-05-23,WTR-STILL-1L,Bottled Water,625,0.45,False,False
2022-05-24,WTR-STILL-1L,Bottled Water,586,0.45,False,False
2022-05-25,WTR-STILL-1L,Bottled Water,593,0.45,False,False
2022-05-26,WTR-STILL-1L,Bottled Water,565,0.45,False,False
2022-05-27,WTR-STILL-1L,Bottled Water,756,0.45,False,False
2022-05-28,WTR-STILL-1L,Bottled Water,860,0.45,False,False
2022-05-29,WTR-STILL-1L,Bottled Water,461,0.45,False,False
2022-05-30,WTR-STILL-1L,Bottled Water,560,0.45,False,False
2022-05-31,WTR-STILL-1L,Bottled Water,555,0.45,False,False
2022-06-01,WTR-STILL-1L,Bottled Water,609,0.45,False,False
2022-06-02,WTR-STILL-1L,Bottled Water,678,0.45,False,False
2022-06-03,WTR-STILL-1L,Bottled Water,839,0.45,False,False
2022-06-04,WTR-STILL-1L,Bottled Water,722,0.45,False,False
2022-06-05,WTR-STILL-1L,Bottled Water,602,0.45,False,False
2022-06-06,WTR-STILL-1L,Bottled Water,665,0.45,False,False
2022-06-07,WTR-STILL-1L,Bottled Water,598,0.45,False,False
2022-06-08,WTR-STILL-1L,Bottled Water,651,0.45,False,False
2022-06-09,WTR-STILL-1L,Bottled Water,662,0.45,False,False
2022-06-10,WTR-STILL-1L,Bottled Water,881,0.45,False,False
2022-06-11,WTR-STILL-1L,Bottled Water,766,0.45,False,False
2022-06-12,WTR-STILL-1L,Bottled Water,627,0.45,False,False
2022-06-13,WTR-STILL-1L,Bottled Water,682,0.45,False,False
2022-06-14,WTR-STILL-1L,Bottled Water,598,0.45,False,False
2022-06-15,WTR-STILL-1L,Bottled Water,618,0.45,False,False
2022-06-16,WTR-STILL-1L,Bottled Water,691,0.45,False,False
2022-06-17,WTR-STILL-1L,Bottled Water,761,0.45,False,False
2022-06-18,WTR-STILL-1L,Bottled Water,823,0.45,False,False
2022-06-19,WTR-STILL-1L,Bottled Water,602,0.45,False,False
2022-06-20,WTR-STILL-1L,Bottled Water,643,0.45,False,False
2022-06-21,WTR-STILL-1L,Bottled Water,588,0.45,False,False
2022-06-22,WTR-STILL-1L,Bottled Water,571,0.45,False,False
2022-06-23,WTR-STILL-1L,Bottled Water,789,0.45,False,False
2022-06-24,WTR-STILL-1L,Bottled Water,798,0.45,False,False
2022-06-25,WTR-STILL-1L,Bottled Water,816,0.45,False,False
2022-06-26,WTR-STILL-1L,Bottled Water,665,0.45,False,False
2022-06-27,WTR-STILL-1L,Bottled Water,556,0.45,False,False
2022-06-28,WTR-STILL-1L,Bottled Water,537,0.45,False,False
2022-06-29,WTR-STILL-1L,Bottled Water,652,0.45,False,False
2022-06-30,WTR-STILL-1L,Bottled Water,870,0.45,False,False
2022-07-01,WTR-STILL-1L,Bottled Water,821,0.45,False,False
2022-07-02,WTR-STILL-1L,Bottled Water,857,0.45,False,False
2022-07-03,WTR-STILL-1L,Bottled Water,592,0.45,False,False
2022-07-04,WTR-STILL-1L,Bottled Water,679,0.45,False,False
2022-07-05,WTR-STILL-1L,Bottled Water,651,0.45,False,False
2022-07-06,WTR-STILL-1L,Bottled Water,0,0.45,False,True
2022-07-07,WTR-STILL-1L,Bottled Water,840,0.45,False,False
2022-07-08,WTR-STILL-1L,Bottled Water,926,0.45,False,False
2022-07-09,WTR-STILL-1L,Bottled Water,875,0.45,False,False
2022-07-10,WTR-STILL-1L,Bottled Water,505,0.45,False,False
2022-07-11,WTR-STILL-1L,Bottled Water,715,0.45,False,False
2022-07-12,WTR-STILL-1L,Bottled Water,703,0.45,False,False
2022-07-13,WTR-STILL-1L,Bottled Water,715,0.45,False,False
2022-07-14,WTR-STILL-1L,Bottled Water,660,0.45,False,False
2022-07-15,WTR-STILL-1L,Bottled Water,793,0.45,False,False
2022-07-16,WTR-STILL-1L,Bottled Water,902,0.45,False,False
2022-07-17,WTR-STILL-1L,Bottled Water,644,0.45,False,False
2022-07-18,WTR-STILL-1L,Bottled Water,587,0.45,False,False
2022-07-19,WTR-STILL-1L,Bottled Water,605,0.45,False,False
2022-07-20,WTR-STILL-1L,Bottled Water,696,0.45,False,False
2022-07-21,WTR-STILL-1L,Bottled Water,721,0.45,False,False
2022-07-22,WTR-STILL-1L,Bottled Water,1182,0.45,True,False
2022-07-23,WTR-STILL-1L,Bottled Water,887,0.45,False,False
2022-07-24,WTR-STILL-1L,Bottled Water,597,0.45,False,False
2022-07-25,WTR-STILL-1L,Bottled Water,742,0.45,False,False
2022-07-26,WTR-STILL-1L,Bottled Water,642,0.45,False,False
2022-07-27,WTR-STILL-1L,Bottled Water,722,0.45,False,False
2022-07-28,WTR-STILL-1L,Bottled Water,785,0.45,False,False
2022-07-29,WTR-STILL-1L,Bottled Water,893,0.45,False,False
2022-07-30,WTR-STILL-1L,Bottled Water,1041,0.45,False,False
2022-07-31,WTR-STILL-1L,Bottled Water,677,0.45,False,False
2022-08-01,WTR-STILL-1L,Bottled Water,565,0.45,False,False
2022-08-02,WTR-STILL-1L,Bottled Water,533,0.45,False,False
2022-08-03,WTR-STILL-1L,Bottled Water,685,0.45,False,False
2022-08-04,WTR-STILL-1L,Bottled Water,704,0.45,False,False
2022-08-05,WTR-STILL-1L,Bottled Water,954,0.45,False,False
2022-08-06,WTR-STILL-1L,Bottled Water,849,0.45,False,False
2022-08-07,WTR-STILL-1L,Bottled Water,558,0.45,False,False
2022-08-08,WTR-STILL-1L,Bottled Water,735,0.45,False,False
2022-08-09,WTR-STILL-1L,Bottled Water,538,0.45,False,False
2022-08-10,WTR-STILL-1L,Bottled Water,566,0.45,False,False
2022-08-11,WTR-STILL-1L,Bottled Water,568,0.45,False,False
2022-08-12,WTR-STILL-1L,Bottled Water,726,0.45,False,False
2022-08-13,WTR-STILL-1L,Bottled Water,905,0.45,False,False
2022-08-14,WTR-STILL-1L,Bottled Water,658,0.45,False,False
2022-08-15,WTR-STILL-1L,Bottled Water,695,0.45,False,False
2022-08-16,WTR-STILL-1L,Bottled Water,545,0.45,False,False
2022-08-17,WTR-STILL-1L,Bottled Water,584,0.45,False,False
2022-08-18,WTR-STILL-1L,Bottled Water,818,0.45,False,False
2022-08-19,WTR-STILL-1L,Bottled Water,868,0.45,False,False
2022-08-20,WTR-STILL-1L,Bottled Water,922,0.45,False,False
2022-08-21,WTR-STILL-1L,Bottled Water,519,0.45,False,False
2022-08-22,WTR-STILL-1L,Bottled Water,646,0.45,False,False
2022-08-23,WTR-STILL-1L,Bottled Water,0,0.45,False,True
2022-08-24,WTR-STILL-1L,Bottled Water,608,0.45,False,False
2022-08-25,WTR-STILL-1L,Bottled Water,718,0.45,False,False
2022-08-26,WTR-STILL-1L,Bottled Water,920,0.45,False,False
2022-08-27,WTR-STILL-1L,Bottled Water,949,0.45,False,False
2022-08-28,WTR-STILL-1L,Bottled Water,495,0.45,False,False
2022-08-29,WTR-STILL-1L,Bottled Water,561,0.45,False,False
2022-08-30,WTR-STILL-1L,Bottled Water,608,0.45,False,False
2022-08-31,WTR-STILL-1L,Bottled Water,610,0.45,False,False
2022-09-01,WTR-STILL-1L,Bottled Water,790,0.45,False,False
2022-09-02,WTR-STILL-1L,Bottled Water,733,0.45,False,False
2022-09-03,WTR-STILL-1L,Bottled Water,672,0.45,False,False
2022-09-04,WTR-STILL-1L,Bottled Water,573,0.45,False,False
2022-09-05,WTR-STILL-1L,Bottled Water,663,0.45,False,False
2022-09-06,WTR-STILL-1L,Bottled Water,607,0.45,False,False
2022-09-07,WTR-STILL-1L,Bottled Water,545,0.45,False,False
2022-09-08,WTR-STILL-1L,Bottled Water,703,0.45,False,False
2022-09-09,WTR-STILL-1L,Bottled Water,710,0.45,False,False
2022-09-10,WTR-STILL-1L,Bottled Water,709,0.45,False,False
2022-09-11,WTR-STILL-1L,Bottled Water,591,0.45,False,False
2022-09-12,WTR-STILL-1L,Bottled Water,552,0.45,False,False
2022-09-13,WTR-STILL-1L,Bottled Water,599,0.45,False,False
2022-09-14,WTR-STILL-1L,Bottled Water,621,0.45,False,False
2022-09-15,WTR-STILL-1L,Bottled Water,641,0.45,False,False
2022-09-16,WTR-STILL-1L,Bottled Water,814,0.45,False,False
2022-09-17,WTR-STILL-1L,Bottled Water,779,0.45,False,False
2022-09-18,WTR-STILL-1L,Bottled Water,555,0.45,False,False
2022-09-19,WTR-STILL-1L,Bottled Water,559,0.45,False,False
2022-09-20,WTR-STILL-1L,Bottled Water,600,0.45,False,False
2022-09-21,WTR-STILL-1L,Bottled Water,585,0.45,False,False
2022-09-22,WTR-STILL-1L,Bottled Water,669,0.45,False,False
2022-09-23,WTR-STILL-1L,Bottled Water,703,0.45,False,False
2022-09-24,WTR-STILL-1L,Bottled Water,749,0.45,False,False
2022-09-25,WTR-STILL-1L,Bottled Water,506,0.45,False,False
2022-09-26,WTR-STILL-1L,Bottled Water,494,0.45,False,False
2022-09-27,WTR-STILL-1L,Bottled Water,557,0.45,False,False
2022-09-28,WTR-STILL-1L,Bottled Water,662,0.45,False,False
2022-09-29,WTR-STILL-1L,Bottled Water,694,0.45,False,False
2022-09-30,WTR-STILL-1L,Bottled Water,795,0.45,False,False
2022-10-01,WTR-STILL-1L,Bottled Water,595,0.45,False,False
2022-10-02,WTR-STILL-1L,Bottled Water,488,0.45,False,False
2022-10-03,WTR-STILL-1L,Bottled Water,429,0.45,False,False
2022-10-04,WTR-STILL-1L,Bottled Water,421,0.45,False,False
2022-10-05,WTR-STILL-1L,Bottled Water,580,0.45,False,False
2022-10-06,WTR-STILL-1L,Bottled Water,611,0.45,False,False
2022-10-07,WTR-STILL-1L,Bottled Water,636,0.45,False,False
2022-10-08,WTR-STILL-1L,Bottled Water,0,0.45,False,True
2022-10-09,WTR-STILL-1L,Bottled Water,493,0.45,False,False
2022-10-10,WTR-STILL-1L,Bottled Water,458,0.45,False,False
2022-10-11,WTR-STILL-1L,Bottled Water,479,0.45,False,False
2022-10-12,WTR-STILL-1L,Bottled Water,482,0.45,False,False
2022-10-13,WTR-STILL-1L,Bottled Water,442,0.45,False,False
2022-10-14,WTR-STILL-1L,Bottled Water,637,0.45,False,False
2022-10-15,WTR-STILL-1L,Bottled Water,695,0.45,False,False
2022-10-16,WTR-STILL-1L,Bottled Water,453,0.45,False,False
2022-10-17,WTR-STILL-1L,Bottled Water,487,0.45,False,False
2022-10-18,WTR-STILL-1L,Bottled Water,531,0.45,False,False
2022-10-19,WTR-STILL-1L,Bottled Water,561,0.45,False,False
2022-10-20,WTR-STILL-1L,Bottled Water,564,0.45,False,False
2022-10-21,WTR-STILL-1L,Bottled Water,550,0.45,False,False
2022-10-22,WTR-STILL-1L,Bottled Water,581,0.45,False,False
2022-10-23,WTR-STILL-1L,Bottled Water,505,0.45,False,False
2022-10-24,WTR-STILL-1L,Bottled Water,363,0.45,False,False
2022-10-25,WTR-STILL-1L,Bottled Water,553,0.45,False,False
2022-10-26,WTR-STILL-1L,Bottled Water,492,0.45,False,False
2022-10-27,WTR-STILL-1L,Bottled Water,599,0.45,False,False
2022-10-28,WTR-STILL-1L,Bottled Water,594,0.45,False,False
2022-10-29,WTR-STILL-1L,Bottled Water,677,0.45,False,False
2022-10-30,WTR-STILL-1L,Bottled Water,484,0.45,False,False
2022-10-31,WTR-STILL-1L,Bottled Water,509,0.45,False,False
2022-11-01,WTR-STILL-1L,Bottled Water,382,0.45,False,False
2022-11-02,WTR-STILL-1L,Bottled Water,413,0.45,False,False
2022-11-03,WTR-STILL-1L,Bottled Water,542,0.45,False,False
2022-11-04,WTR-STILL-1L,Bottled Water,515,0.45,False,False
2022-11-05,WTR-STILL-1L,Bottled Water,469,0.45,False,False
2022-11-06,WTR-STILL-1L,Bottled Water,362,0.45,False,False
2022-11-07,WTR-STILL-1L,Bottled Water,455,0.45,False,False
2022-11-08,WTR-STILL-1L,Bottled Water,388,0.45,False,False
2022-11-09,WTR-STILL-1L,Bottled Water,386,0.45,False,False
2022-11-10,WTR-STILL-1L,Bottled Water,478,0.45,False,False
2022-11-11,WTR-STILL-1L,Bottled Water,492,0.45,False,False
2022-11-12,WTR-STILL-1L,Bottled Water,512,0.45,False,False
2022-11-13,WTR-STILL-1L,Bottled Water,417,0.45,False,False
2022-11-14,WTR-STILL-1L,Bottled Water,442,0.45,False,False
2022-11-15,WTR-STILL-1L,Bottled Water,399,0.45,False,False
2022-11-16,WTR-STILL-1L,Bottled Water,450,0.45,False,False
2022-11-17,WTR-STILL-1L,Bottled Water,437,0.45,False,False
2022-11-18,WTR-STILL-1L,Bottled Water,531,0.45,False,False
2022-11-19,WTR-STILL-1L,Bottled Water,612,0.45,False,False
2022-11-20,WTR-STILL-1L,Bottled Water,393,0.45,False,False
2022-11-21,WTR-STILL-1L,Bottled Water,436,0.45,False,False
2022-11-22,WTR-STILL-1L,Bottled Water,394,0.45,False,False
2022-11-23,WTR-STILL-1L,Bottled Water,487,0.45,False,False
2022-11-24,WTR-STILL-1L,Bottled Water,493,0.45,False,False
2022-11-25,WTR-STILL-1L,Bottled Water,491,0.45,False,False
2022-11-26,WTR-STILL-1L,Bottled Water,530,0.45,False,False
2022-11-27,WTR-STILL-1L,Bottled Water,401,0.45,False,False
2022-11-28,WTR-STILL-1L,Bottled Water,426,0.45,False,False
2022-11-29,WTR-STILL-1L,Bottled Water,423,0.45,False,False
2022-11-30,WTR-STILL-1L,Bottled Water,441,0.45,False,False
2022-12-01,WTR-STILL-1L,Bottled Water,434,0.45,False,False
2022-12-02,WTR-STILL-1L,Bottled Water,514,0.45,False,False
2022-12-03,WTR-STILL-1L,Bottled Water,452,0.45,False,False
2022-12-04,WTR-STILL-1L,Bottled Water,481,0.45,True,False
2022-12-05,WTR-STILL-1L,Bottled Water,397,0.45,False,False
2022-12-06,WTR-STILL-1L,Bottled Water,283,0.45,False,False
2022-12-07,WTR-STILL-1L,Bottled Water,322,0.45,False,False
2022-12-08,WTR-STILL-1L,Bottled Water,408,0.45,False,False
2022-12-09,WTR-STILL-1L,Bottled Water,410,0.45,False,False
2022-12-10,WTR-STILL-1L,Bottled Water,437,0.45,False,False
2022-12-11,WTR-STILL-1L,Bottled Water,320,0.45,False,False
2022-12-12,WTR-STILL-1L,Bottled Water,314,0.45,False,False
2022-12-13,WTR-STILL-1L,Bottled Water,302,0.45,False,False
2022-12-14,WTR-STILL-1L,Bottled Water,354,0.45,False,False
2022-12-15,WTR-STILL-1L,Bottled Water,428,0.45,False,False
2022-12-16,WTR-STILL-1L,Bottled Water,464,0.45,False,False
2022-12-17,WTR-STILL-1L,Bottled Water,405,0.45,False,False
2022-12-18,WTR-STILL-1L,Bottled Water,349,0.45,False,False
2022-12-19,WTR-STILL-1L,Bottled Water,327,0.45,False,False
2022-12-20,WTR-STILL-1L,Bottled Water,370,0.45,False,False
2022-12-21,WTR-STILL-1L,Bottled Water,401,0.45,False,False
2022-12-22,WTR-STILL-1L,Bottled Water,391,0.45,False,False
2022-12-23,WTR-STILL-1L,Bottled Water,488,0.45,False,False
2022-12-24,WTR-STILL-1L,Bottled Water,447,0.45,False,False
2022-12-25,WTR-STILL-1L,Bottled Water,309,0.45,False,False
2022-12-26,WTR-STILL-1L,Bottled Water,315,0.45,False,False
2022-12-27,WTR-STILL-1L,Bottled Water,307,0.45,False,False
2022-12-28,WTR-STILL-1L,Bottled Water,280,0.45,False,False
2022-12-29,WTR-STILL-1L,Bottled Water,474,0.45,False,False
2022-12-30,WTR-STILL-1L,Bottled Water,0,0.45,False,True
2022-12-31,WTR-STILL-1L,Bottled Water,453,0.45,False,False
2023-01-01,WTR-STILL-1L,Bottled Water,316,0.45,False,False
2023-01-02,WTR-STILL-1L,Bottled Water,299,0.45,False,False
2023-01-03,WTR-STILL-1L,Bottled Water,293,0.45,False,False
2023-01-04,WTR-STILL-1L,Bottled Water,0,0.45,False,True
2023-01-05,WTR-STILL-1L,Bottled Water,363,0.45,False,False
2023-01-06,WTR-STILL-1L,Bottled Water,437,0.45,False,False
2023-01-07,WTR-STILL-1L,Bottled Water,454,0.45,False,False
2023-01-08,WTR-STILL-1L,Bottled Water,280,0.45,False,False
2023-01-09,WTR-STILL-1L,Bottled Water,326,0.45,False,False
2023-01-10,WTR-STILL-1L,Bottled Water,276,0.45,False,False
2023-01-11,WTR-STILL-1L,Bottled Water,321,0.45,False,False
2023-01-12,WTR-STILL-1L,Bottled Water,437,0.45,False,False
2023-01-13,WTR-STILL-1L,Bottled Water,399,0.45,False,False
2023-01-14,WTR-STILL-1L,Bottled Water,406,0.45,False,False
2023-01-15,WTR-STILL-1L,Bottled Water,311,0.45,False,False
2023-01-16,WTR-STILL-1L,Bottled Water,360,0.45,False,False
2023-01-17,WTR-STILL-1L,Bottled Water,311,0.45,False,False
2023-01-18,WTR-STILL-1L,Bottled Water,313,0.45,False,False
2023-01-19,WTR-STILL-1L,Bottled Water,334,0.45,False,False
2023-01-20,WTR-STILL-1L,Bottled Water,321,0.45,False,False
2023-01-21,WTR-STILL-1L,Bottled Water,403,0.45,False,False
2023-01-22,WTR-STILL-1L,Bottled Water,318,0.45,False,False
2023-01-23,WTR-STILL-1L,Bottled Water,330,0.45,False,False
2023-01-24,WTR-STILL-1L,Bottled Water,322,0.45,False,False
2023-01-25,WTR-STILL-1L,Bottled Water,345,0.45,False,False
2023-01-26,WTR-STILL-1L,Bottled Water,244,0.45,False,False
2023-01-27,WTR-STILL-1L,Bottled Water,579,0.45,True,False
2023-01-28,WTR-STILL-1L,Bottled Water,406,0.45,False,False
2023-01-29,WTR-STILL-1L,Bottled Water,251,0.45,False,False
2023-01-30,WTR-STILL-1L,Bottled Water,437,0.45,True,False
2023-01-31,WTR-STILL-1L,Bottled Water,290,0.45,False,False
2023-02-01,WTR-STILL-1L,Bottled Water,392,0.45,False,False
2023-02-02,WTR-STILL-1L,Bottled Water,343,0.45,False,False
2023-02-03,WTR-STILL-1L,Bottled Water,455,0.45,False,False
2023-02-04,WTR-STILL-1L,Bottled Water,420,0.45,False,False
2023-02-05,WTR-STILL-1L,Bottled Water,331,0.45,False,False
2023-02-06,WTR-STILL-1L,Bottled Water,337,0.45,False,False
2023-02-07,WTR-STILL-1L,Bottled Water,308,0.45,False,False
2023-02-08,WTR-STILL-1L,Bottled Water,461,0.45,False,False
2023-02-09,WTR-STILL-1L,Bottled Water,360,0.45,False,False
2023-02-10,WTR-STILL-1L,Bottled Water,487,0.45,False,False
2023-02-11,WTR-STILL-1L,Bottled Water,464,0.45,False,False
2023-02-12,WTR-STILL-1L,Bottled Water,288,0.45,False,False
2023-02-13,WTR-STILL-1L,Bottled Water,344,0.45,False,False
2023-02-14,WTR-STILL-1L,Bottled Water,376,0.45,False,False
2023-02-15,WTR-STILL-1L,Bottled Water,374,0.45,False,False
2023-02-16,WTR-STILL-1L,Bottled Water,360,0.45,False,False
2023-02-17,WTR-STILL-1L,Bottled Water,514,0.45,False,False
2023-02-18,WTR-STILL-1L,Bottled Water,351,0.45,False,False
2023-02-19,WTR-STILL-1L,Bottled Water,383,0.45,False,False
2023-02-20,WTR-STILL-1L,Bottled Water,327,0.45,False,False
2023-02-21,WTR-STILL-1L,Bottled Water,325,0.45,False,False
2023-02-22,WTR-STILL-1L,Bottled Water,383,0.45,False,False
2023-02-23,WTR-STILL-1L,Bottled Water,425,0.45,False,False
2023-02-24,WTR-STILL-1L,Bottled Water,467,0.45,False,False
2023-02-25,WTR-STILL-1L,Bottled Water,442,0.45,False,False
2023-02-26,WTR-STILL-1L,Bottled Water,284,0.45,False,False
2023-02-27,WTR-STILL-1L,Bottled Water,432,0.45,False,False
2023-02-28,WTR-STILL-1L,Bottled Water,364,0.45,False,False
2023-03-01,WTR-STILL-1L,Bottled Water,425,0.45,False,False
2023-03-02,WTR-STILL-1L,Bottled Water,0,0.45,False,True
2023-03-03,WTR-STILL-1L,Bottled Water,475,0.45,False,False
2023-03-04,WTR-STILL-1L,Bottled Water,613,0.45,False,False
2023-03-05,WTR-STILL-1L,Bottled Water,401,0.45,False,False
2023-03-06,WTR-STILL-1L,Bottled Water,460,0.45,False,False
2023-03-07,WTR-STILL-1L,Bottled Water,435,0.45,False,False
2023-03-08,WTR-STILL-1L,Bottled Water,423,0.45,False,False
2023-03-09,WTR-STILL-1L,Bottled Water,525,0.45,False,False
2023-03-10,WTR-STILL-1L,Bottled Water,662,0.45,False,False
2023-03-11,WTR-STILL-1L,Bottled Water,628,0.45,False,False
2023-03-12,WTR-STILL-1L,Bottled Water,331,0.45,False,False
2023-03-13,WTR-STILL-1L,Bottled Water,424,0.45,False,False
2023-03-14,WTR-STILL-1L,Bottled Water,385,0.45,False,False
2023-03-15,WTR-STILL-1L,Bottled Water,314,0.45,False,False
2023-03-16,WTR-STILL-1L,Bottled Water,473,0.45,False,False
2023-03-17,WTR-STILL-1L,Bottled Water,435,0.45,False,False
2023-03-18,WTR-STILL-1L,Bottled Water,484,0.45,False,False
2023-03-19,WTR-STILL-1L,Bottled Water,381,0.45,False,False
2023-03-20,WTR-STILL-1L,Bottled Water,472,0.45,False,False
2023-03-21,WTR-STILL-1L,Bottled Water,372,0.45,False,False
2023-03-22,WTR-STILL-1L,Bottled Water,366,0.45,False,False
2023-03-23,WTR-STILL-1L,Bottled Water,459,0.45,False,False
2023-03-24,WTR-STILL-1L,Bottled Water,566,0.45,False,False
2023-03-25,WTR-STILL-1L,Bottled Water,608,0.45,False,False
2023-03-26,WTR-STILL-1L,Bottled Water,413,0.45,False,False
2023-03-27,WTR-STILL-1L,Bottled Water,321,0.45,False,False
2023-03-28,WTR-STILL-1L,Bottled Water,347,0.45,False,False
2023-03-29,WTR-STILL-1L,Bottled Water,407,0.45,False,False
2023-03-30,WTR-STILL-1L,Bottled Water,466,0.45,False,False
2023-03-31,WTR-STILL-1L,Bottled Water,555,0.45,False,False
2023-04-01,WTR-STILL-1L,Bottled Water,627,0.45,False,False
2023-04-02,WTR-STILL-1L,Bottled Water,428,0.45,False,False
2023-04-03,WTR-STILL-1L,Bottled Water,546,0.45,False,False
2023-04-04,WTR-STILL-1L,Bottled Water,478,0.45,False,False
2023-04-05,WTR-STILL-1L,Bottled Water,575,0.45,False,False
2023-04-06,WTR-STILL-1L,Bottled Water,654,0.45,False,False
2023-04-07,WTR-STILL-1L,Bottled Water,528,0.45,False,False
2023-04-08,WTR-STILL-1L,Bottled Water,701,0.45,False,False
2023-04-09,WTR-STILL-1L,Bottled Water,499,0.45,False,False
2023-04-10,WTR-STILL-1L,Bottled Water,514,0.45,False,False
2023-04-11,WTR-STILL-1L,Bottled Water,510,0.45,False,False
2023-04-12,WTR-STILL-1L,Bottled Water,509,0.45,False,False
2023-04-13,WTR-STILL-1L,Bottled Water,606,0.45,False,False
2023-04-14,WTR-STILL-1L,Bottled Water,570,0.45,False,False
2023-04-15,WTR-STILL-1L,Bottled Water,701,0.45,False,False
2023-04-16,WTR-STILL-1L,Bottled Water,362,0.45,False,False
2023-04-17,WTR-STILL-1L,Bottled Water,605,0.45,False,False
2023-04-18,WTR-STILL-1L,Bottled Water,370,0.45,False,False
2023-04-19,WTR-STILL-1L,Bottled Water,607,0.45,False,False
2023-04-20,WTR-STILL-1L,Bottled Water,521,0.45,False,False
2023-04-21,WTR-STILL-1L,Bottled Water,520,0.45,False,False
2023-04-22,WTR-STILL-1L,Bottled Water,692,0.45,False,False
2023-04-23,WTR-STILL-1L,Bottled Water,625,0.45,True,False
2023-04-24,WTR-STILL-1L,Bottled Water,447,0.45,False,False
2023-04-25,WTR-STILL-1L,Bottled Water,442,0.45,False,False
2023-04-26,WTR-STILL-1L,Bottled Water,536,0.45,False,False
2023-04-27,WTR-STILL-1L,Bottled Water,564,0.45,False,False
2023-04-28,WTR-STILL-1L,Bottled Water,496,0.45,False,False
2023-04-29,WTR-STILL-1L,Bottled Water,720,0.45,False,False
2023-04-30,WTR-STILL-1L,Bottled Water,417,0.45,False,False
2023-05-01,WTR-STILL-1L,Bottled Water,666,0.45,False,False
2023-05-02,WTR-STILL-1L,Bottled Water,478,0.45,False,False
2023-05-03,WTR-STILL-1L,Bottled Water,574,0.45,False,False
2023-05-04,WTR-STILL-1L,Bottled Water,528,0.45,False,False
2023-05-05,WTR-STILL-1L,Bottled Water,716,0.45,False,False
2023-05-06,WTR-STILL-1L,Bottled Water,758,0.45,False,False
2023-05-07,WTR-STILL-1L,Bottled Water,527,0.45,False,False
2023-05-08,WTR-STILL-1L,Bottled Water,657,0.45,False,False
2023-05-09,WTR-STILL-1L,Bottled Water,519,0.45,False,False
2023-05-10,WTR-STILL-1L,Bottled Water,609,0.45,False,False
2023-05-11,WTR-STILL-1L,Bottled Water,763,0.45,False,False
2023-05-12,WTR-STILL-1L,Bottled Water,645,0.45,False,False
2023-05-13,WTR-STILL-1L,Bottled Water,762,0.45,False,False
2023-05-14,WTR-STILL-1L,Bottled Water,496,0.45,False,False
2023-05-15,WTR-STILL-1L,Bottled Water,569,0.45,False,False
2023-05-16,WTR-STILL-1L,Bottled Water,607,0.45,False,False
2023-05-17,WTR-STILL-1L,Bottled Water,946,0.45,True,False
2023-05-18,WTR-STILL-1L,Bottled Water,705,0.45,False,False
2023-05-19,WTR-STILL-1L,Bottled Water,805,0.45,False,False
2023-05-20,WTR-STILL-1L,Bottled Water,798,0.45,False,False
2023-05-21,WTR-STILL-1L,Bottled Water,595,0.45,False,False
2023-05-22,WTR-STILL-1L,Bottled Water,413,0.45,False,False
2023-05-23,WTR-STILL-1L,Bottled Water,535,0.45,False,False
2023-05-24,WTR-STILL-1L,Bottled Water,619,0.45,False,False
2023-05-25,WTR-STILL-1L,Bottled Water,626,0.45,False,False
2023-05-26,WTR-STILL-1L,Bottled Water,953,0.45,False,False
2023-05-27,WTR-STILL-1L,Bottled Water,764,0.45,False,False
2023-05-28,WTR-STILL-1L,Bottled Water,478,0.45,False,False
2023-05-29,WTR-STILL-1L,Bottled Water,630,0.45,False,False
2023-05-30,WTR-STILL-1L,Bottled Water,631,0.45,False,False
2023-05-31,WTR-STILL-1L,Bottled Water,736,0.45,False,False
2023-06-01,WTR-STILL-1L,Bottled Water,764,0.45,False,False
2023-06-02,WTR-STILL-1L,Bottled Water,827,0.45,False,False
2023-06-03,WTR-STILL-1L,Bottled Water,933,0.45,False,False
2023-06-04,WTR-STILL-1L,Bottled Water,607,0.45,False,False
2023-06-05,WTR-STILL-1L,Bottled Water,455,0.45,False,False
2023-06-06,WTR-STILL-1L,Bottled Water,685,0.45,False,False
2023-06-07,WTR-STILL-1L,Bottled Water,720,0.45,False,False
2023-06-08,WTR-STILL-1L,Bottled Water,714,0.45,False,False
2023-06-09,WTR-STILL-1L,Bottled Water,781,0.45,False,False
2023-06-10,WTR-STILL-1L,Bottled Water,787,0.45,False,False
2023-06-11,WTR-STILL-1L,Bottled Water,524,0.45,False,False
2023-06-12,WTR-STILL-1L,Bottled Water,555,0.45,False,False
2023-06-13,WTR-STILL-1L,Bottled Water,652,0.45,False,False
2023-06-14,WTR-STILL-1L,Bottled Water,692,0.45,False,False
2023-06-15,WTR-STILL-1L,Bottled Water,784,0.45,False,False
2023-06-16,WTR-STILL-1L,Bottled Water,914,0.45,False,False
2023-06-17,WTR-STILL-1L,Bottled Water,1005,0.45,False,False
2023-06-18,WTR-STILL-1L,Bottled Water,655,0.45,False,False
2023-06-19,WTR-STILL-1L,Bottled Water,675,0.45,False,False
2023-06-20,WTR-STILL-1L,Bottled Water,749,0.45,False,False
2023-06-21,WTR-STILL-1L,Bottled Water,1157,0.45,True,False
2023-06-22,WTR-STILL-1L,Bottled Water,808,0.45,False,False
2023-06-23,WTR-STILL-1L,Bottled Water,799,0.45,False,False
2023-06-24,WTR-STILL-1L,Bottled Water,838,0.45,False,False
2023-06-25,WTR-STILL-1L,Bottled Water,584,0.45,False,False
2023-06-26,WTR-STILL-1L,Bottled Water,616,0.45,False,False
2023-06-27,WTR-STILL-1L,Bottled Water,614,0.45,False,False
2023-06-28,WTR-STILL-1L,Bottled Water,704,0.45,False,False
2023-06-29,WTR-STILL-1L,Bottled Water,673,0.45,False,False
2023-06-30,WTR-STILL-1L,Bottled Water,765,0.45,False,False
2023-07-01,WTR-STILL-1L,Bottled Water,983,0.45,False,False
2023-07-02,WTR-STILL-1L,Bottled Water,626,0.45,False,False
2023-07-03,WTR-STILL-1L,Bottled Water,496,0.45,False,False
2023-07-04,WTR-STILL-1L,Bottled Water,635,0.45,False,False
2023-07-05,WTR-STILL-1L,Bottled Water,599,0.45,False,False
2023-07-06,WTR-STILL-1L,Bottled Water,930,0.45,False,False
2023-07-07,WTR-STILL-1L,Bottled Water,876,0.45,False,False
2023-07-08,WTR-STILL-1L,Bottled Water,832,0.45,False,False
2023-07-09,WTR-STILL-1L,Bottled Water,554,0.45,False,False
2023-07-10,WTR-STILL-1L,Bottled Water,0,0.45,False,True
2023-07-11,WTR-STILL-1L,Bottled Water,766,0.45,False,False
2023-07-12,WTR-STILL-1L,Bottled Water,740,0.45,False,False
2023-07-13,WTR-STILL-1L,Bottled Water,764,0.45,False,False
2023-07-14,WTR-STILL-1L,Bottled Water,944,0.45,False,False
2023-07-15,WTR-STILL-1L,Bottled Water,876,0.45,False,False
2023-07-16,WTR-STILL-1L,Bottled Water,611,0.45,False,False
2023-07-17,WTR-STILL-1L,Bottled Water,582,0.45,False,False
2023-07-18,WTR-STILL-1L,Bottled Water,700,0.45,False,False
2023-07-19,WTR-STILL-1L,Bottled Water,773,0.45,False,False
2023-07-20,WTR-STILL-1L,Bottled Water,730,0.45,False,False
2023-07-21,WTR-STILL-1L,Bottled Water,883,0.45,False,False
2023-07-22,WTR-STILL-1L,Bottled Water,929,0.45,False,False
2023-07-23,WTR-STILL-1L,Bottled Water,636,0.45,False,False
2023-07-24,WTR-STILL-1L,Bottled Water,622,0.45,False,False
2023-07-25,WTR-STILL-1L,Bottled Water,670,0.45,False,False
2023-07-26,WTR-STILL-1L,Bottled Water,736,0.45,False,False
2023-07-27,WTR-STILL-1L,Bottled Water,880,0.45,False,False
2023-07-28,WTR-STILL-1L,Bottled Water,925,0.45,False,False
2023-07-29,WTR-STILL-1L,Bottled Water,1172,0.45,True,False
2023-07-30,WTR-STILL-1L,Bottled Water,634,0.45,False,False
2023-07-31,WTR-STILL-1L,Bottled Water,606,0.45,False,False
2023-08-01,WTR-STILL-1L,Bottled Water,886,0.45,True,False
2023-08-02,WTR-STILL-1L,Bottled Water,651,0.45,False,False
2023-08-03,WTR-STILL-1L,Bottled Water,772,0.45,False,False
2023-08-04,WTR-STILL-1L,Bottled Water,817,0.45,False,False
2023-08-05,WTR-STILL-1L,Bottled Water,717,0.45,False,False
2023-08-06,WTR-STILL-1L,Bottled Water,595,0.45,False,False
2023-08-07,WTR-STILL-1L,Bottled Water,684,0.45,False,False
2023-08-08,WTR-STILL-1L,Bottled Water,624,0.45,False,False
2023-08-09,WTR-STILL-1L,Bottled Water,707,0.45,False,False
2023-08-10,WTR-STILL-1L,Bottled Water,750,0.45,False,False
2023-08-11,WTR-STILL-1L,Bottled Water,872,0.45,False,False
2023-08-12,WTR-STILL-1L,Bottled Water,873,0.45,False,False
2023-08-13,WTR-STILL-1L,Bottled Water,559,0.45,False,False
2023-08-14,WTR-STILL-1L,Bottled Water,644,0.45,False,False
2023-08-15,WTR-STILL-1L,Bottled Water,620,0.45,False,False
2023-08-16,WTR-STILL-1L,Bottled Water,640,0.45,False,False
2023-08-17,WTR-STILL-1L,Bottled Water,641,0.45,False,False
2023-08-18,WTR-STILL-1L,Bottled Water,849,0.45,False,False
2023-08-19,WTR-STILL-1L,Bottled Water,1234,0.45,True,False
2023-08-20,WTR-STILL-1L,Bottled Water,721,0.45,False,False
2023-08-21,WTR-STILL-1L,Bottled Water,703,0.45,False,False
2023-08-22,WTR-STILL-1L,Bottled Water,670,0.45,False,False
2023-08-23,WTR-STILL-1L,Bottled Water,661,0.45,False,False
2023-08-24,WTR-STILL-1L,Bottled Water,794,0.45,False,False
2023-08-25,WTR-STILL-1L,Bottled Water,885,0.45,False,False
2023-08-26,WTR-STILL-1L,Bottled Water,924,0.45,False,False
2023-08-27,WTR-STILL-1L,Bottled Water,643,0.45,False,False
2023-08-28,WTR-STILL-1L,Bottled Water,805,0.45,False,False
2023-08-29,WTR-STILL-1L,Bottled Water,602,0.45,False,False
2023-08-30,WTR-STILL-1L,Bottled Water,630,0.45,False,False
2023-08-31,WTR-STILL-1L,Bottled Water,913,0.45,False,False
2023-09-01,WTR-STILL-1L,Bottled Water,760,0.45,False,False
2023-09-02,WTR-STILL-1L,Bottled Water,657,0.45,False,False
2023-09-03,WTR-STILL-1L,Bottled Water,771,0.45,True,False
2023-09-04,WTR-STILL-1L,Bottled Water,607,0.45,False,False
2023-09-05,WTR-STILL-1L,Bottled Water,621,0.45,False,False
2023-09-06,WTR-STILL-1L,Bottled Water,859,0.45,True,False
2023-09-07,WTR-STILL-1L,Bottled Water,664,0.45,False,False
2023-09-08,WTR-STILL-1L,Bottled Water,719,0.45,False,False
2023-09-09,WTR-STILL-1L,Bottled Water,776,0.45,False,False
2023-09-10,WTR-STILL-1L,Bottled Water,507,0.45,False,False
2023-09-11,WTR-STILL-1L,Bottled Water,539,0.45,False,False
2023-09-12,WTR-STILL-1L,Bottled Water,575,0.45,False,False
2023-09-13,WTR-STILL-1L,Bottled Water,594,0.45,False,False
2023-09-14,WTR-STILL-1L,Bottled Water,707,0.45,False,False
2023-09-15,WTR-STILL-1L,Bottled Water,719,0.45,False,False
2023-09-16,WTR-STILL-1L,Bottled Water,878,0.45,False,False
2023-09-17,WTR-STILL-1L,Bottled Water,576,0.45,False,False
2023-09-18,WTR-STILL-1L,Bottled Water,631,0.45,False,False
2023-09-19,WTR-STILL-1L,Bottled Water,647,0.45,False,False
2023-09-20,WTR-STILL-1L,Bottled Water,603,0.45,False,False
2023-09-21,WTR-STILL-1L,Bottled Water,639,0.45,False,False
2023-09-22,WTR-STILL-1L,Bottled Water,701,0.45,False,False
2023-09-23,WTR-STILL-1L,Bottled Water,747,0.45,False,False
2023-09-24,WTR-STILL-1L,Bottled Water,582,0.45,False,False
2023-09-25,WTR-STILL-1L,Bottled Water,538,0.45,False,False
2023-09-26,WTR-STILL-1L,Bottled Water,603,0.45,False,False
2023-09-27,WTR-STILL-1L,Bottled Water,658,0.45,False,False
2023-09-28,WTR-STILL-1L,Bottled Water,865,0.45,True,False
2023-09-29,WTR-STILL-1L,Bottled Water,744,0.45,False,False
2023-09-30,WTR-STILL-1L,Bottled Water,842,0.45,False,False
2023-10-01,WTR-STILL-1L,Bottled Water,557,0.45,False,False
2023-10-02,WTR-STILL-1L,Bottled Water,504,0.45,False,False
2023-10-03,WTR-STILL-1L,Bottled Water,491,0.45,False,False
2023-10-04,WTR-STILL-1L,Bottled Water,601,0.45,False,False
2023-10-05,WTR-STILL-1L,Bottled Water,592,0.45,False,False
2023-10-06,WTR-STILL-1L,Bottled Water,569,0.45,False,False
2023-10-07,WTR-STILL-1L,Bottled Water,618,0.45,False,False
2023-10-08,WTR-STILL-1L,Bottled Water,461,0.45,False,False
2023-10-09,WTR-STILL-1L,Bottled Water,462,0.45,False,False
2023-10-10,WTR-STILL-1L,Bottled Water,435,0.45,False,False
2023-10-11,WTR-STILL-1L,Bottled Water,471,0.45,False,False
2023-10-12,WTR-STILL-1L,Bottled Water,605,0.45,False,False
2023-10-13,WTR-STILL-1L,Bottled Water,653,0.45,False,False
2023-10-14,WTR-STILL-1L,Bottled Water,637,0.45,False,False
2023-10-15,WTR-STILL-1L,Bottled Water,368,0.45,False,False
2023-10-16,WTR-STILL-1L,Bottled Water,558,0.45,False,False
2023-10-17,WTR-STILL-1L,Bottled Water,468,0.45,False,False
2023-10-18,WTR-STILL-1L,Bottled Water,510,0.45,False,False
2023-10-19,WTR-STILL-1L,Bottled Water,456,0.45,False,False
2023-10-20,WTR-STILL-1L,Bottled Water,1107,0.45,True,False
2023-10-21,WTR-STILL-1L,Bottled Water,646,0.45,False,False
2023-10-22,WTR-STILL-1L,Bottled Water,412,0.45,False,False
2023-10-23,WTR-STILL-1L,Bottled Water,550,0.45,False,False
2023-10-24,WTR-STILL-1L,Bottled Water,587,0.45,False,False
2023-10-25,WTR-STILL-1L,Bottled Water,593,0.45,False,False
2023-10-26,WTR-STILL-1L,Bottled Water,589,0.45,False,False
2023-10-27,WTR-STILL-1L,Bottled Water,665,0.45,False,False
2023-10-28,WTR-STILL-1L,Bottled Water,710,0.45,False,False
2023-10-29,WTR-STILL-1L,Bottled Water,544,0.45,False,False
2023-10-30,WTR-STILL-1L,Bottled Water,477,0.45,False,False
2023-10-31,WTR-STILL-1L,Bottled Water,512,0.45,False,False
2023-11-01,WTR-STILL-1L,Bottled Water,433,0.45,False,False
2023-11-02,WTR-STILL-1L,Bottled Water,472,0.45,False,False
2023-11-03,WTR-STILL-1L,Bottled Water,0,0.45,False,True
2023-11-04,WTR-STILL-1L,Bottled Water,400,0.45,False,False
2023-11-05,WTR-STILL-1L,Bottled Water,474,0.45,False,False
2023-11-06,WTR-STILL-1L,Bottled Water,611,0.45,True,False
2023-11-07,WTR-STILL-1L,Bottled Water,417,0.45,False,False
2023-11-08,WTR-STILL-1L,Bottled Water,475,0.45,False,False
2023-11-09,WTR-STILL-1L,Bottled Water,428,0.45,False,False
2023-11-10,WTR-STILL-1L,Bottled Water,460,0.45,False,False
2023-11-11,WTR-STILL-1L,Bottled Water,609,0.45,False,False
2023-11-12,WTR-STILL-1L,Bottled Water,406,0.45,False,False
2023-11-13,WTR-STILL-1L,Bottled Water,348,0.45,False,False
2023-11-14,WTR-STILL-1L,Bottled Water,403,0.45,False,False
2023-11-15,WTR-STILL-1L,Bottled Water,482,0.45,False,False
2023-11-16,WTR-STILL-1L,Bottled Water,491,0.45,False,False
2023-11-17,WTR-STILL-1L,Bottled Water,974,0.45,True,False
2023-11-18,WTR-STILL-1L,Bottled Water,476,0.45,False,False
2023-11-19,WTR-STILL-1L,Bottled Water,446,0.45,False,False
2023-11-20,WTR-STILL-1L,Bottled Water,475,0.45,False,False
2023-11-21,WTR-STILL-1L,Bottled Water,435,0.45,False,False
2023-11-22,WTR-STILL-1L,Bottled Water,478,0.45,False,False
2023-11-23,WTR-STILL-1L,Bottled Water,488,0.45,False,False
2023-11-24,WTR-STILL-1L,Bottled Water,614,0.45,False,False
2023-11-25,WTR-STILL-1L,Bottled Water,556,0.45,False,False
2023-11-26,WTR-STILL-1L,Bottled Water,413,0.45,False,False
2023-11-27,WTR-STILL-1L,Bottled Water,402,0.45,False,False
2023-11-28,WTR-STILL-1L,Bottled Water,399,0.45,False,False
2023-11-29,WTR-STILL-1L,Bottled Water,477,0.45,False,False
2023-11-30,WTR-STILL-1L,Bottled Water,473,0.45,False,False
2023-12-01,WTR-STILL-1L,Bottled Water,404,0.45,False,False
2023-12-02,WTR-STILL-1L,Bottled Water,493,0.45,False,False
2023-12-03,WTR-STILL-1L,Bottled Water,370,0.45,False,False
2023-12-04,WTR-STILL-1L,Bottled Water,381,0.45,False,False
2023-12-05,WTR-STILL-1L,Bottled Water,341,0.45,False,False
2023-12-06,WTR-STILL-1L,Bottled Water,453,0.45,False,False
2023-12-07,WTR-STILL-1L,Bottled Water,506,0.45,True,False
2023-12-08,WTR-STILL-1L,Bottled Water,461,0.45,False,False
2023-12-09,WTR-STILL-1L,Bottled Water,513,0.45,False,False
2023-12-10,WTR-STILL-1L,Bottled Water,291,0.45,False,False
2023-12-11,WTR-STILL-1L,Bottled Water,307,0.45,False,False
2023-12-12,WTR-STILL-1L,Bottled Water,347,0.45,False,False
2023-12-13,WTR-STILL-1L,Bottled Water,456,0.45,False,False
2023-12-14,WTR-STILL-1L,Bottled Water,493,0.45,False,False
2023-12-15,WTR-STILL-1L,Bottled Water,316,0.45,False,False
2023-12-16,WTR-STILL-1L,Bottled Water,503,0.45,False,False
2023-12-17,WTR-STILL-1L,Bottled Water,260,0.45,False,False
2023-12-18,WTR-STILL-1L,Bottled Water,375,0.45,False,False
2023-12-19,WTR-STILL-1L,Bottled Water,344,0.45,False,False
2023-12-20,WTR-STILL-1L,Bottled Water,319,0.45,False,False
2023-12-21,WTR-STILL-1L,Bottled Water,359,0.45,False,False
2023-12-22,WTR-STILL-1L,Bottled Water,523,0.45,False,False
2023-12-23,WTR-STILL-1L,Bottled Water,504,0.45,False,False
2023-12-24,WTR-STILL-1L,Bottled Water,348,0.45,False,False
2023-12-25,WTR-STILL-1L,Bottled Water,356,0.45,False,False
2023-12-26,WTR-STILL-1L,Bottled Water,394,0.45,False,False
2023-12-27,WTR-STILL-1L,Bottled Water,350,0.45,False,False
2023-12-28,WTR-STILL-1L,Bottled Water,476,0.45,False,False
2023-12-29,WTR-STILL-1L,Bottled Water,455,0.45,False,False
2023-12-30,WTR-STILL-1L,Bottled Water,416,0.45,False,False
2023-12-31,WTR-STILL-1L,Bottled Water,293,0.45,False,False
2024-01-01,WTR-STILL-1L,Bottled Water,563,0.45,True,False
2024-01-02,WTR-STILL-1L,Bottled Water,270,0.45,False,False
2024-01-03,WTR-STILL-1L,Bottled Water,375,0.45,False,False
2024-01-04,WTR-STILL-1L,Bottled Water,351,0.45,False,False
2024-01-05,WTR-STILL-1L,Bottled Water,678,0.45,True,False
2024-01-06,WTR-STILL-1L,Bottled Water,421,0.45,False,False
2024-01-07,WTR-STILL-1L,Bottled Water,349,0.45,False,False
2024-01-08,WTR-STILL-1L,Bottled Water,285,0.45,False,False
2024-01-09,WTR-STILL-1L,Bottled Water,361,0.45,False,False
2024-01-10,WTR-STILL-1L,Bottled Water,298,0.45,False,False
2024-01-11,WTR-STILL-1L,Bottled Water,410,0.45,False,False
2024-01-12,WTR-STILL-1L,Bottled Water,434,0.45,False,False
2024-01-13,WTR-STILL-1L,Bottled Water,432,0.45,False,False
2024-01-14,WTR-STILL-1L,Bottled Water,344,0.45,False,False
2024-01-15,WTR-STILL-1L,Bottled Water,409,0.45,False,False
2024-01-16,WTR-STILL-1L,Bottled Water,301,0.45,False,False
2024-01-17,WTR-STILL-1L,Bottled Water,349,0.45,False,False
2024-01-18,WTR-STILL-1L,Bottled Water,458,0.45,False,False
2024-01-19,WTR-STILL-1L,Bottled Water,346,0.45,False,False
2024-01-20,WTR-STILL-1L,Bottled Water,577,0.45,False,False
2024-01-21,WTR-STILL-1L,Bottled Water,263,0.45,False,False
2024-01-22,WTR-STILL-1L,Bottled Water,276,0.45,False,False
2024-01-23,WTR-STILL-1L,Bottled Water,325,0.45,False,False
2024-01-24,WTR-STILL-1L,Bottled Water,347,0.45,False,False
2024-01-25,WTR-STILL-1L,Bottled Water,372,0.45,False,False
2024-01-26,WTR-STILL-1L,Bottled Water,0,0.45,False,True
2024-01-27,WTR-STILL-1L,Bottled Water,473,0.45,False,False
2024-01-28,WTR-STILL-1L,Bottled Water,0,0.45,False,True
2024-01-29,WTR-STILL-1L,Bottled Water,355,0.45,False,False
2024-01-30,WTR-STILL-1L,Bottled Water,337,0.45,False,False
2024-01-31,WTR-STILL-1L,Bottled Water,328,0.45,False,False
2024-02-01,WTR-STILL-1L,Bottled Water,494,0.45,False,False
2024-02-02,WTR-STILL-1L,Bottled Water,451,0.45,False,False
2024-02-03,WTR-STILL-1L,Bottled Water,485,0.45,False,False
2024-02-04,WTR-STILL-1L,Bottled Water,342,0.45,False,False
2024-02-05,WTR-STILL-1L,Bottled Water,660,0.45,True,False
2024-02-06,WTR-STILL-1L,Bottled Water,358,0.45,False,False
2024-02-07,WTR-STILL-1L,Bottled Water,354,0.45,False,False
2024-02-08,WTR-STILL-1L,Bottled Water,368,0.45,False,False
2024-02-09,WTR-STILL-1L,Bottled Water,495,0.45,False,False
2024-02-10,WTR-STILL-1L,Bottled Water,444,0.45,False,False
2024-02-11,WTR-STILL-1L,Bottled Water,305,0.45,False,False
2024-02-12,WTR-STILL-1L,Bottled Water,378,0.45,False,False
2024-02-13,WTR-STILL-1L,Bottled Water,346,0.45,False,False
2024-02-14,WTR-STILL-1L,Bottled Water,293,0.45,False,False
2024-02-15,WTR-STILL-1L,Bottled Water,450,0.45,False,False
2024-02-16,WTR-STILL-1L,Bottled Water,457,0.45,False,False
2024-02-17,WTR-STILL-1L,Bottled Water,540,0.45,False,False
2024-02-18,WTR-STILL-1L,Bottled Water,263,0.45,False,False
2024-02-19,WTR-STILL-1L,Bottled Water,352,0.45,False,False
2024-02-20,WTR-STILL-1L,Bottled Water,331,0.45,False,False
2024-02-21,WTR-STILL-1L,Bottled Water,359,0.45,False,False
2024-02-22,WTR-STILL-1L,Bottled Water,455,0.45,False,False
2024-02-23,WTR-STILL-1L,Bottled Water,506,0.45,False,False
2024-02-24,WTR-STILL-1L,Bottled Water,467,0.45,False,False
2024-02-25,WTR-STILL-1L,Bottled Water,533,0.45,True,False
2024-02-26,WTR-STILL-1L,Bottled Water,352,0.45,False,False
2024-02-27,WTR-STILL-1L,Bottled Water,374,0.45,False,False
2024-02-28,WTR-STILL-1L,Bottled Water,400,0.45,False,False
2024-02-29,WTR-STILL-1L,Bottled Water,413,0.45,False,False
2024-03-01,WTR-STILL-1L,Bottled Water,626,0.45,False,False
2024-03-02,WTR-STILL-1L,Bottled Water,571,0.45,False,False
2024-03-03,WTR-STILL-1L,Bottled Water,351,0.45,False,False
2024-03-04,WTR-STILL-1L,Bottled Water,436,0.45,False,False
2024-03-05,WTR-STILL-1L,Bottled Water,732,0.45,True,False
2024-03-06,WTR-STILL-1L,Bottled Water,418,0.45,False,False
2024-03-07,WTR-STILL-1L,Bottled Water,563,0.45,False,False
2024-03-08,WTR-STILL-1L,Bottled Water,551,0.45,False,False
2024-03-09,WTR-STILL-1L,Bottled Water,0,0.45,False,True
2024-03-10,WTR-STILL-1L,Bottled Water,448,0.45,False,False
2024-03-11,WTR-STILL-1L,Bottled Water,522,0.45,False,False
2024-03-12,WTR-STILL-1L,Bottled Water,511,0.45,False,False
2024-03-13,WTR-STILL-1L,Bottled Water,505,0.45,False,False
2024-03-14,WTR-STILL-1L,Bottled Water,431,0.45,False,False
2024-03-15,WTR-STILL-1L,Bottled Water,591,0.45,False,False
2024-03-16,WTR-STILL-1L,Bottled Water,541,0.45,False,False
2024-03-17,WTR-STILL-1L,Bottled Water,408,0.45,False,False
2024-03-18,WTR-STILL-1L,Bottled Water,397,0.45,False,False
2024-03-19,WTR-STILL-1L,Bottled Water,383,0.45,False,False
2024-03-20,WTR-STILL-1L,Bottled Water,455,0.45,False,False
2024-03-21,WTR-STILL-1L,Bottled Water,447,0.45,False,False
2024-03-22,WTR-STILL-1L,Bottled Water,583,0.45,False,False
2024-03-23,WTR-STILL-1L,Bottled Water,913,0.45,True,False
2024-03-24,WTR-STILL-1L,Bottled Water,325,0.45,False,False
2024-03-25,WTR-STILL-1L,Bottled Water,343,0.45,False,False
2024-03-26,WTR-STILL-1L,Bottled Water,408,0.45,False,False
2024-03-27,WTR-STILL-1L,Bottled Water,526,0.45,False,False
2024-03-28,WTR-STILL-1L,Bottled Water,477,0.45,False,False
2024-03-29,WTR-STILL-1L,Bottled Water,638,0.45,False,False
2024-03-30,WTR-STILL-1L,Bottled Water,468,0.45,False,False
2024-03-31,WTR-STILL-1L,Bottled Water,396,0.45,False,False
2024-04-01,WTR-STILL-1L,Bottled Water,455,0.45,False,False
2024-04-02,WTR-STILL-1L,Bottled Water,486,0.45,False,False
2024-04-03,WTR-STILL-1L,Bottled Water,525,0.45,False,False
2024-04-04,WTR-STILL-1L,Bottled Water,583,0.45,False,False
2024-04-05,WTR-STILL-1L,Bottled Water,636,0.45,False,False
2024-04-06,WTR-STILL-1L,Bottled Water,571,0.45,False,False
2024-04-07,WTR-STILL-1L,Bottled Water,504,0.45,False,False
2024-04-08,WTR-STILL-1L,Bottled Water,540,0.45,False,False
2024-04-09,WTR-STILL-1L,Bottled Water,0,0.45,False,True
2024-04-10,WTR-STILL-1L,Bottled Water,564,0.45,False,False
2024-04-11,WTR-STILL-1L,Bottled Water,621,0.45,False,False
2024-04-12,WTR-STILL-1L,Bottled Water,680,0.45,False,False
2024-04-13,WTR-STILL-1L,Bottled Water,738,0.45,False,False
2024-04-14,WTR-STILL-1L,Bottled Water,531,0.45,False,False
2024-04-15,WTR-STILL-1L,Bottled Water,519,0.45,False,False
2024-04-16,WTR-STILL-1L,Bottled Water,479,0.45,False,False
2024-04-17,WTR-STILL-1L,Bottled Water,445,0.45,False,False
2024-04-18,WTR-STILL-1L,Bottled Water,611,0.45,False,False
2024-04-19,WTR-STILL-1L,Bottled Water,672,0.45,False,False
2024-04-20,WTR-STILL-1L,Bottled Water,694,0.45,False,False
2024-04-21,WTR-STILL-1L,Bottled Water,457,0.45,False,False
2024-04-22,WTR-STILL-1L,Bottled Water,528,0.45,False,False
2024-04-23,WTR-STILL-1L,Bottled Water,439,0.45,False,False
2024-04-24,WTR-STILL-1L,Bottled Water,604,0.45,False,False
2024-04-25,WTR-STILL-1L,Bottled Water,595,0.45,False,False
2024-04-26,WTR-STILL-1L,Bottled Water,690,0.45,False,False
2024-04-27,WTR-STILL-1L,Bottled Water,842,0.45,False,False
2024-04-28,WTR-STILL-1L,Bottled Water,512,0.45,False,False
2024-04-29,WTR-STILL-1L,Bottled Water,523,0.45,False,False
2024-04-30,WTR-STILL-1L,Bottled Water,367,0.45,False,False
2024-05-01,WTR-STILL-1L,Bottled Water,633,0.45,False,False
2024-05-02,WTR-STILL-1L,Bottled Water,701,0.45,False,False
2024-05-03,WTR-STILL-1L,Bottled Water,796,0.45,False,False
2024-05-04,WTR-STILL-1L,Bottled Water,795,0.45,False,False
2024-05-05,WTR-STILL-1L,Bottled Water,586,0.45,False,False
2024-05-06,WTR-STILL-1L,Bottled Water,589,0.45,False,False
2024-05-07,WTR-STILL-1L,Bottled Water,583,0.45,False,False
2024-05-08,WTR-STILL-1L,Bottled Water,693,0.45,False,False
2024-05-09,WTR-STILL-1L,Bottled Water,791,0.45,False,False
2024-05-10,WTR-STILL-1L,Bottled Water,788,0.45,False,False
2024-05-11,WTR-STILL-1L,Bottled Water,887,0.45,False,False
2024-05-12,WTR-STILL-1L,Bottled Water,580,0.45,False,False
2024-05-13,WTR-STILL-1L,Bottled Water,661,0.45,False,False
2024-05-14,WTR-STILL-1L,Bottled Water,634,0.45,False,False
2024-05-15,WTR-STILL-1L,Bottled Water,746,0.45,False,False
2024-05-16,WTR-STILL-1L,Bottled Water,788,0.45,False,False
2024-05-17,WTR-STILL-1L,Bottled Water,834,0.45,False,False
2024-05-18,WTR-STILL-1L,Bottled Water,887,0.45,False,False
2024-05-19,WTR-STILL-1L,Bottled Water,608,0.45,False,False
2024-05-20,WTR-STILL-1L,Bottled Water,645,0.45,False,False
2024-05-21,WTR-STILL-1L,Bottled Water,526,0.45,False,False
2024-05-22,WTR-STILL-1L,Bottled Water,752,0.45,False,False
2024-05-23,WTR-STILL-1L,Bottled Water,852,0.45,False,False
2024-05-24,WTR-STILL-1L,Bottled Water,778,0.45,False,False
2024-05-25,WTR-STILL-1L,Bottled Water,851,0.45,False,False
2024-05-26,WTR-STILL-1L,Bottled Water,582,0.45,False,False
2024-05-27,WTR-STILL-1L,Bottled Water,677,0.45,False,False
2024-05-28,WTR-STILL-1L,Bottled Water,611,0.45,False,False
2024-05-29,WTR-STILL-1L,Bottled Water,617,0.45,False,False
2024-05-30,WTR-STILL-1L,Bottled Water,643,0.45,False,False
2024-05-31,WTR-STILL-1L,Bottled Water,920,0.45,False,False
2024-06-01,WTR-STILL-1L,Bottled Water,846,0.45,False,False
2024-06-02,WTR-STILL-1L,Bottled Water,738,0.45,False,False
2024-06-03,WTR-STILL-1L,Bottled Water,764,0.45,False,False
2024-06-04,WTR-STILL-1L,Bottled Water,704,0.45,False,False
2024-06-05,WTR-STILL-1L,Bottled Water,808,0.45,False,False
2024-06-06,WTR-STILL-1L,Bottled Water,740,0.45,False,False
2024-06-07,WTR-STILL-1L,Bottled Water,829,0.45,False,False
2024-06-08,WTR-STILL-1L,Bottled Water,985,0.45,False,False
2024-06-09,WTR-STILL-1L,Bottled Water,614,0.45,False,False
2024-06-10,WTR-STILL-1L,Bottled Water,712,0.45,False,False
2024-06-11,WTR-STILL-1L,Bottled Water,736,0.45,False,False
2024-06-12,WTR-STILL-1L,Bottled Water,601,0.45,False,False
2024-06-13,WTR-STILL-1L,Bottled Water,778,0.45,False,False
2024-06-14,WTR-STILL-1L,Bottled Water,940,0.45,False,False
2024-06-15,WTR-STILL-1L,Bottled Water,771,0.45,False,False
2024-06-16,WTR-STILL-1L,Bottled Water,653,0.45,False,False
2024-06-17,WTR-STILL-1L,Bottled Water,712,0.45,False,False
2024-06-18,WTR-STILL-1L,Bottled Water,599,0.45,False,False
2024-06-19,WTR-STILL-1L,Bottled Water,694,0.45,False,False
2024-06-20,WTR-STILL-1L,Bottled Water,806,0.45,False,False
2024-06-21,WTR-STILL-1L,Bottled Water,814,0.45,False,False
2024-06-22,WTR-STILL-1L,Bottled Water,1017,0.45,False,False
2024-06-23,WTR-STILL-1L,Bottled Water,716,0.45,False,False
2024-06-24,WTR-STILL-1L,Bottled Water,683,0.45,False,False
2024-06-25,WTR-STILL-1L,Bottled Water,654,0.45,False,False
2024-06-26,WTR-STILL-1L,Bottled Water,781,0.45,False,False
2024-06-27,WTR-STILL-1L,Bottled Water,897,0.45,False,False
2024-06-28,WTR-STILL-1L,Bottled Water,944,0.45,False,False
2024-06-29,WTR-STILL-1L,Bottled Water,816,0.45,False,False
2024-06-30,WTR-STILL-1L,Bottled Water,581,0.45,False,False
2024-07-01,WTR-STILL-1L,Bottled Water,762,0.45,False,False
2024-07-02,WTR-STILL-1L,Bottled Water,731,0.45,False,False
2024-07-03,WTR-STILL-1L,Bottled Water,800,0.45,False,False
2024-07-04,WTR-STILL-1L,Bottled Water,705,0.45,False,False
2024-07-05,WTR-STILL-1L,Bottled Water,938,0.45,False,False
2024-07-06,WTR-STILL-1L,Bottled Water,845,0.45,False,False
2024-07-07,WTR-STILL-1L,Bottled Water,717,0.45,False,False
2024-07-08,WTR-STILL-1L,Bottled Water,949,0.45,True,False
2024-07-09,WTR-STILL-1L,Bottled Water,681,0.45,False,False
2024-07-10,WTR-STILL-1L,Bottled Water,690,0.45,False,False
2024-07-11,WTR-STILL-1L,Bottled Water,987,0.45,False,False
2024-07-12,WTR-STILL-1L,Bottled Water,844,0.45,False,False
2024-07-13,WTR-STILL-1L,Bottled Water,887,0.45,False,False
2024-07-14,WTR-STILL-1L,Bottled Water,703,0.45,False,False
2024-07-15,WTR-STILL-1L,Bottled Water,666,0.45,False,False
2024-07-16,WTR-STILL-1L,Bottled Water,761,0.45,False,False
2024-07-17,WTR-STILL-1L,Bottled Water,857,0.45,False,False
2024-07-18,WTR-STILL-1L,Bottled Water,932,0.45,False,False
2024-07-19,WTR-STILL-1L,Bottled Water,973,0.45,False,False
2024-07-20,WTR-STILL-1L,Bottled Water,969,0.45,False,False
2024-07-21,WTR-STILL-1L,Bottled Water,678,0.45,False,False
2024-07-22,WTR-STILL-1L,Bottled Water,693,0.45,False,False
2024-07-23,WTR-STILL-1L,Bottled Water,719,0.45,False,False
2024-07-24,WTR-STILL-1L,Bottled Water,686,0.45,False,False
2024-07-25,WTR-STILL-1L,Bottled Water,845,0.45,False,False
2024-07-26,WTR-STILL-1L,Bottled Water,866,0.45,False,False
2024-07-27,WTR-STILL-1L,Bottled Water,936,0.45,False,False
2024-07-28,WTR-STILL-1L,Bottled Water,835,0.45,False,False
2024-07-29,WTR-STILL-1L,Bottled Water,684,0.45,False,False
2024-07-30,WTR-STILL-1L,Bottled Water,713,0.45,False,False
2024-07-31,WTR-STILL-1L,Bottled Water,862,0.45,False,False
2024-08-01,WTR-STILL-1L,Bottled Water,831,0.45,False,False
2024-08-02,WTR-STILL-1L,Bottled Water,813,0.45,False,False
2024-08-03,WTR-STILL-1L,Bottled Water,908,0.45,False,False
2024-08-04,WTR-STILL-1L,Bottled Water,740,0.45,False,False
2024-08-05,WTR-STILL-1L,Bottled Water,699,0.45,False,False
2024-08-06,WTR-STILL-1L,Bottled Water,685,0.45,False,False
2024-08-07,WTR-STILL-1L,Bottled Water,735,0.45,False,False
2024-08-08,WTR-STILL-1L,Bottled Water,797,0.45,False,False
2024-08-09,WTR-STILL-1L,Bottled Water,957,0.45,False,False
2024-08-10,WTR-STILL-1L,Bottled Water,969,0.45,False,False
2024-08-11,WTR-STILL-1L,Bottled Water,724,0.45,False,False
2024-08-12,WTR-STILL-1L,Bottled Water,604,0.45,False,False
2024-08-13,WTR-STILL-1L,Bottled Water,645,0.45,False,False
2024-08-14,WTR-STILL-1L,Bottled Water,770,0.45,False,False
2024-08-15,WTR-STILL-1L,Bottled Water,789,0.45,False,False
2024-08-16,WTR-STILL-1L,Bottled Water,853,0.45,False,False
2024-08-17,WTR-STILL-1L,Bottled Water,894,0.45,False,False
2024-08-18,WTR-STILL-1L,Bottled Water,722,0.45,False,False
2024-08-19,WTR-STILL-1L,Bottled Water,671,0.45,False,False
2024-08-20,WTR-STILL-1L,Bottled Water,691,0.45,False,False
2024-08-21,WTR-STILL-1L,Bottled Water,718,0.45,False,False
2024-08-22,WTR-STILL-1L,Bottled Water,806,0.45,False,False
2024-08-23,WTR-STILL-1L,Bottled Water,821,0.45,False,False
2024-08-24,WTR-STILL-1L,Bottled Water,973,0.45,False,False
2024-08-25,WTR-STILL-1L,Bottled Water,749,0.45,False,False
2024-08-26,WTR-STILL-1L,Bottled Water,651,0.45,False,False
2024-08-27,WTR-STILL-1L,Bottled Water,593,0.45,False,False
2024-08-28,WTR-STILL-1L,Bottled Water,787,0.45,False,False
2024-08-29,WTR-STILL-1L,Bottled Water,855,0.45,False,False
2024-08-30,WTR-STILL-1L,Bottled Water,968,0.45,False,False
2024-08-31,WTR-STILL-1L,Bottled Water,922,0.45,False,False
2024-09-01,WTR-STILL-1L,Bottled Water,650,0.45,False,False
2024-09-02,WTR-STILL-1L,Bottled Water,670,0.45,False,False
2024-09-03,WTR-STILL-1L,Bottled Water,519,0.45,False,False
2024-09-04,WTR-STILL-1L,Bottled Water,632,0.45,False,False
2024-09-05,WTR-STILL-1L,Bottled Water,685,0.45,False,False
2024-09-06,WTR-STILL-1L,Bottled Water,783,0.45,False,False
2024-09-07,WTR-STILL-1L,Bottled Water,943,0.45,False,False
2024-09-08,WTR-STILL-1L,Bottled Water,556,0.45,False,False
2024-09-09,WTR-STILL-1L,Bottled Water,724,0.45,False,False
2024-09-10,WTR-STILL-1L,Bottled Water,629,0.45,False,False
2024-09-11,WTR-STILL-1L,Bottled Water,602,0.45,False,False
2024-09-12,WTR-STILL-1L,Bottled Water,806,0.45,False,False
2024-09-13,WTR-STILL-1L,Bottled Water,896,0.45,False,False
2024-09-14,WTR-STILL-1L,Bottled Water,814,0.45,False,False
2024-09-15,WTR-STILL-1L,Bottled Water,552,0.45,False,False
2024-09-16,WTR-STILL-1L,Bottled Water,453,0.45,False,False
2024-09-17,WTR-STILL-1L,Bottled Water,614,0.45,False,False
2024-09-18,WTR-STILL-1L,Bottled Water,704,0.45,False,False
2024-09-19,WTR-STILL-1L,Bottled Water,660,0.45,False,False
2024-09-20,WTR-STILL-1L,Bottled Water,792,0.45,False,False
2024-09-21,WTR-STILL-1L,Bottled Water,901,0.45,False,False
2024-09-22,WTR-STILL-1L,Bottled Water,564,0.45,False,False
2024-09-23,WTR-STILL-1L,Bottled Water,500,0.45,False,False
2024-09-24,WTR-STILL-1L,Bottled Water,667,0.45,False,False
2024-09-25,WTR-STILL-1L,Bottled Water,771,0.45,False,False
2024-09-26,WTR-STILL-1L,Bottled Water,766,0.45,False,False
2024-09-27,WTR-STILL-1L,Bottled Water,786,0.45,False,False
2024-09-28,WTR-STILL-1L,Bottled Water,893,0.45,False,False
2024-09-29,WTR-STILL-1L,Bottled Water,653,0.45,False,False
2024-09-30,WTR-STILL-1L,Bottled Water,584,0.45,False,False
2024-10-01,WTR-STILL-1L,Bottled Water,521,0.45,False,False
2024-10-02,WTR-STILL-1L,Bottled Water,609,0.45,False,False
2024-10-03,WTR-STILL-1L,Bottled Water,693,0.45,False,False
2024-10-04,WTR-STILL-1L,Bottled Water,626,0.45,False,False
2024-10-05,WTR-STILL-1L,Bottled Water,790,0.45,False,False
2024-10-06,WTR-STILL-1L,Bottled Water,454,0.45,False,False
2024-10-07,WTR-STILL-1L,Bottled Water,544,0.45,False,False
2024-10-08,WTR-STILL-1L,Bottled Water,455,0.45,False,False
2024-10-09,WTR-STILL-1L,Bottled Water,661,0.45,False,False
2024-10-10,WTR-STILL-1L,Bottled Water,583,0.45,False,False
2024-10-11,WTR-STILL-1L,Bottled Water,691,0.45,False,False
2024-10-12,WTR-STILL-1L,Bottled Water,719,0.45,False,False
2024-10-13,WTR-STILL-1L,Bottled Water,480,0.45,False,False
2024-10-14,WTR-STILL-1L,Bottled Water,502,0.45,False,False
2024-10-15,WTR-STILL-1L,Bottled Water,557,0.45,False,False
2024-10-16,WTR-STILL-1L,Bottled Water,585,0.45,False,False
2024-10-17,WTR-STILL-1L,Bottled Water,655,0.45,False,False
2024-10-18,WTR-STILL-1L,Bottled Water,754,0.45,False,False
2024-10-19,WTR-STILL-1L,Bottled Water,801,0.45,False,False
2024-10-20,WTR-STILL-1L,Bottled Water,551,0.45,False,False
2024-10-21,WTR-STILL-1L,Bottled Water,561,0.45,False,False
2024-10-22,WTR-STILL-1L,Bottled Water,536,0.45,False,False
2024-10-23,WTR-STILL-1L,Bottled Water,553,0.45,False,False
2024-10-24,WTR-STILL-1L,Bottled Water,645,0.45,False,False
2024-10-25,WTR-STILL-1L,Bottled Water,674,0.45,False,False
2024-10-26,WTR-STILL-1L,Bottled Water,630,0.45,False,False
2024-10-27,WTR-STILL-1L,Bottled Water,440,0.45,False,False
2024-10-28,WTR-STILL-1L,Bottled Water,471,0.45,False,False
2024-10-29,WTR-STILL-1L,Bottled Water,484,0.45,False,False
2024-10-30,WTR-STILL-1L,Bottled Water,538,0.45,False,False
2024-10-31,WTR-STILL-1L,Bottled Water,652,0.45,False,False
2024-11-01,WTR-STILL-1L,Bottled Water,657,0.45,False,False
2024-11-02,WTR-STILL-1L,Bottled Water,599,0.45,False,False
2024-11-03,WTR-STILL-1L,Bottled Water,405,0.45,False,False
2024-11-04,WTR-STILL-1L,Bottled Water,453,0.45,False,False
2024-11-05,WTR-STILL-1L,Bottled Water,423,0.45,False,False
2024-11-06,WTR-STILL-1L,Bottled Water,540,0.45,False,False
2024-11-07,WTR-STILL-1L,Bottled Water,486,0.45,False,False
2024-11-08,WTR-STILL-1L,Bottled Water,465,0.45,False,False
2024-11-09,WTR-STILL-1L,Bottled Water,948,0.45,True,False
2024-11-10,WTR-STILL-1L,Bottled Water,398,0.45,False,False
2024-11-11,WTR-STILL-1L,Bottled Water,421,0.45,False,False
2024-11-12,WTR-STILL-1L,Bottled Water,355,0.45,False,False
2024-11-13,WTR-STILL-1L,Bottled Water,518,0.45,False,False
2024-11-14,WTR-STILL-1L,Bottled Water,530,0.45,False,False
2024-11-15,WTR-STILL-1L,Bottled Water,630,0.45,False,False
2024-11-16,WTR-STILL-1L,Bottled Water,0,0.45,False,True
2024-11-17,WTR-STILL-1L,Bottled Water,459,0.45,False,False
2024-11-18,WTR-STILL-1L,Bottled Water,453,0.45,False,False
2024-11-19,WTR-STILL-1L,Bottled Water,453,0.45,False,False
2024-11-20,WTR-STILL-1L,Bottled Water,408,0.45,False,False
2024-11-21,WTR-STILL-1L,Bottled Water,551,0.45,False,False
2024-11-22,WTR-STILL-1L,Bottled Water,496,0.45,False,False
2024-11-23,WTR-STILL-1L,Bottled Water,647,0.45,False,False
2024-11-24,WTR-STILL-1L,Bottled Water,422,0.45,False,False
2024-11-25,WTR-STILL-1L,Bottled Water,574,0.45,True,False
2024-11-26,WTR-STILL-1L,Bottled Water,423,0.45,False,False
2024-11-27,WTR-STILL-1L,Bottled Water,546,0.45,False,False
2024-11-28,WTR-STILL-1L,Bottled Water,501,0.45,False,False
2024-11-29,WTR-STILL-1L,Bottled Water,629,0.45,False,False
2024-11-30,WTR-STILL-1L,Bottled Water,669,0.45,False,False
2024-12-01,WTR-STILL-1L,Bottled Water,379,0.45,False,False
2024-12-02,WTR-STILL-1L,Bottled Water,419,0.45,False,False
2024-12-03,WTR-STILL-1L,Bottled Water,420,0.45,False,False
2024-12-04,WTR-STILL-1L,Bottled Water,406,0.45,False,False
2024-12-05,WTR-STILL-1L,Bottled Water,437,0.45,False,False
2024-12-06,WTR-STILL-1L,Bottled Water,554,0.45,False,False
2024-12-07,WTR-STILL-1L,Bottled Water,503,0.45,False,False
2024-12-08,WTR-STILL-1L,Bottled Water,335,0.45,False,False
2024-12-09,WTR-STILL-1L,Bottled Water,297,0.45,False,False
2024-12-10,WTR-STILL-1L,Bottled Water,280,0.45,False,False
2024-12-11,WTR-STILL-1L,Bottled Water,382,0.45,False,False
2024-12-12,WTR-STILL-1L,Bottled Water,462,0.45,False,False
2024-12-13,WTR-STILL-1L,Bottled Water,504,0.45,False,False
2024-12-14,WTR-STILL-1L,Bottled Water,514,0.45,False,False
2024-12-15,WTR-STILL-1L,Bottled Water,435,0.45,False,False
2024-12-16,WTR-STILL-1L,Bottled Water,396,0.45,False,False
2024-12-17,WTR-STILL-1L,Bottled Water,329,0.45,False,False
2024-12-18,WTR-STILL-1L,Bottled Water,438,0.45,False,False
2024-12-19,WTR-STILL-1L,Bottled Water,422,0.45,False,False
2024-12-20,WTR-STILL-1L,Bottled Water,486,0.45,False,False
2024-12-21,WTR-STILL-1L,Bottled Water,545,0.45,False,False
2024-12-22,WTR-STILL-1L,Bottled Water,268,0.45,False,False
2024-12-23,WTR-STILL-1L,Bottled Water,381,0.45,False,False
2024-12-24,WTR-STILL-1L,Bottled Water,320,0.45,False,False
2024-12-25,WTR-STILL-1L,Bottled Water,400,0.45,False,False
2024-12-26,WTR-STILL-1L,Bottled Water,461,0.45,False,False
2024-12-27,WTR-STILL-1L,Bottled Water,464,0.45,False,False
2024-12-28,WTR-STILL-1L,Bottled Water,577,0.45,False,False
2024-12-29,WTR-STILL-1L,Bottled Water,404,0.45,False,False
2024-12-30,WTR-STILL-1L,Bottled Water,347,0.45,False,False
2024-12-31,WTR-STILL-1L,Bottled Water,482,0.45,True,False
